业务域编号,业务域,流程组编号,流程组名称,流程编号,流程名称,子流程编号,子流程名称,信息流图名称,业务表名称,是否输出业务项,线上线下输出物名称,对比业务表名称,SAP模块代码,SAP口令代码,目前表号,新表号,权威数据源系统1,权威数据源系统2,是否已挂附件,系统名称,操作,数据分布表编号,数据分布表名称,表责任部门,问题或建议,核查结果,来源文件,来源部门
,集成研发,,,12.1.1,设计和开发策划,,,12.1.1设计和开发策划信息流图,项目主阶段计划（I层）,否,项目主阶段计划（I层）,一致,,,,,线下EXCEL,,,,U,否,项目主阶段计划（I层）,项目管理部,,,集成研发/一图三表汇总清单 - 集成研发业务域20251030.xlsx,,
,集成研发,,,12.1.1,设计和开发策划,,,12.1.1设计和开发策划信息流图,研发IPT团队名单,是,研发IPT团队名单,一致,,,FM1201-02,,线下EXCEL,,,,C,FM1201-02,研发IPT团队名单,工程研发事业部,,,集成研发/一图三表汇总清单 - 集成研发业务域20251030.xlsx,,
,集成研发,,,12.1.1,设计和开发策划,,,12.1.1设计和开发策划信息流图,项目产品分解结构(PBS),是,项目产品分解结构(PBS),一致,,,FM1201-05,,线下EXCEL,,,,C,FM1201-05,项目产品分解结构(PBS),工程研发事业部,,,集成研发/一图三表汇总清单 - 集成研发业务域20251030.xlsx,,
,集成研发,,,12.1.1,设计和开发策划,,,12.1.1设计和开发策划信息流图,设计关键点清单,是,设计关键点清单,一致,,,FM1201-04,,线下EXCEL,,,,C,FM1201-04,设计关键点清单,工程研发事业部,,,集成研发/一图三表汇总清单 - 集成研发业务域20251030.xlsx,,
,集成研发,,,12.1.1,设计和开发策划,,,12.1.1设计和开发策划信息流图,设计输入清单,是,设计输入清单,一致,,,FM1201-03,,线下EXCEL,,,,C,FM1201-03,设计输入清单,工程研发事业部,,,集成研发/一图三表汇总清单 - 集成研发业务域20251030.xlsx,,
,集成研发,,,12.1.1,设计和开发策划,,,12.1.1设计和开发策划信息流图,研发项目工作分解结构（WBS）,否,研发项目工作分解结构（WBS）,一致,,,,,线下EXCEL,,,,U,否,研发项目工作分解结构（WBS）,项目管理部,,,集成研发/一图三表汇总清单 - 集成研发业务域20251030.xlsx,,
,集成研发,,,12.1.1,设计和开发策划,,,12.1.1设计和开发策划信息流图,资源需求计划,是,资源需求计划,一致,,,,报告类无表单,纸质,,,,C,报告类无表单,资源需求计划,工程研发事业部,,,集成研发/一图三表汇总清单 - 集成研发业务域20251030.xlsx,,
,集成研发,,,12.1.1,设计和开发策划,,,12.1.1设计和开发策划信息流图,项目资源获取评估表,是,项目资源获取评估表,一致,,,FM1201-01,,线下EXCEL,,,,C,FM1201-01,项目资源获取评估表,工程研发事业部,,,集成研发/一图三表汇总清单 - 集成研发业务域20251030.xlsx,,
,集成研发,,,12.1.1,设计和开发策划,,,12.1.1设计和开发策划信息流图,DRD列表,是,DRD列表,一致,,,FM1201-09,,线下EXCEL,,,,C,FM1201-09,DRD列表,工程研发事业部,,,集成研发/一图三表汇总清单 - 集成研发业务域20251030.xlsx,,
,集成研发,,,12.1.1,设计和开发策划,,,12.1.1设计和开发策划信息流图,DRD进度控制列表,是,DRD进度控制列表,一致,,,FM1201-08,,线下EXCEL,,,,C,FM1201-08,DRD进度控制列表,工程研发事业部,,,集成研发/一图三表汇总清单 - 集成研发业务域20251030.xlsx,,
,集成研发,,,12.1.1,设计和开发策划,,,12.1.1设计和开发策划信息流图,项目主阶段计划（II层）,否,项目主阶段计划（II层）,一致,,,,,线下EXCEL,,,,U,否,项目主阶段计划（II层）,项目管理部,,,集成研发/一图三表汇总清单 - 集成研发业务域20251030.xlsx,,
,集成研发,,,12.1.1,设计和开发策划,,,12.1.1设计和开发策划信息流图,风险管理计划,是,风险管理计划,一致,,,,报告类无表单,纸质,,,,C,报告类无表单,风险管理计划,工程研发事业部,,,集成研发/一图三表汇总清单 - 集成研发业务域20251030.xlsx,,
,集成研发,,,12.1.1,设计和开发策划,,,12.1.1设计和开发策划信息流图,项目实施方案报告,是,项目实施方案报告,一致,,,,报告类无表单,纸质,,,,C,报告类无表单,项目实施方案报告,工程研发事业部,,,集成研发/一图三表汇总清单 - 集成研发业务域20251030.xlsx,,
,集成研发,,,12.1.10,设计评审,,,12.1.10设计评审信息流图,评审申请表,是,评审申请表,一致,,,FM1201-39,,线下EXCEL,,,,C,FM1201-39,评审申请表,工程研发事业部,,,集成研发/一图三表汇总清单 - 集成研发业务域20251030.xlsx,,
,集成研发,,,12.1.10,设计评审,,,12.1.10设计评审信息流图,评审组名单,是,评审组名单,一致,,,FM1201-41,,线下EXCEL,,,,C,FM1201-41,评审组名单,工程研发事业部,,,集成研发/一图三表汇总清单 - 集成研发业务域20251030.xlsx,,
,集成研发,,,12.1.10,设计评审,,,12.1.10设计评审信息流图,评审大纲,是,评审大纲,一致,,,FM1201-40,,线下EXCEL,,,,C,FM1201-40,评审大纲,工程研发事业部,,,集成研发/一图三表汇总清单 - 集成研发业务域20251030.xlsx,,
,集成研发,,,12.1.10,设计评审,,,12.1.10设计评审信息流图,评审检查单,是,评审检查单,一致,,,FM1201-42,,线下EXCEL,,,,C,FM1201-42,评审检查单,工程研发事业部,,,集成研发/一图三表汇总清单 - 集成研发业务域20251030.xlsx,,
,集成研发,,,12.1.10,设计评审,,,12.1.10设计评审信息流图,评审意见行动项落实情况表,是,评审意见行动项落实情况表,一致,,,FM1201-43,,线下EXCEL,,,,C,FM1201-43,评审意见行动项落实情况表,工程研发事业部,,,集成研发/一图三表汇总清单 - 集成研发业务域20251030.xlsx,,
,集成研发,,,12.1.10,设计评审,,,12.1.10设计评审信息流图,评审报告,是,评审报告,一致,,,,报告类无表单,纸质,,,,C,报告类无表单,评审报告,工程研发事业部,,,集成研发/一图三表汇总清单 - 集成研发业务域20251030.xlsx,,
,集成研发,,,12.1.11,设计更改,,,12.1.11 设计更改,RFC,是,RFC,一致,,,FM1201-44,,线下EXCEL,,,,C,FM1201-44,RFC,工程研发事业部,,,集成研发/一图三表汇总清单 - 集成研发业务域20251030.xlsx,,
,集成研发,,,12.1.11,设计更改,,,12.1.11 设计更改,DCP,是,DCP,一致,,,FM1201-45,,线下EXCEL,,,,C,FM1201-45,DCP,工程研发事业部,,,集成研发/一图三表汇总清单 - 集成研发业务域20251030.xlsx,,
,集成研发,,,12.1.11,设计更改,,,12.1.11 设计更改,内部更改申请登记表,是,内部更改申请登记表,一致,,,FM1201-49,,线下EXCEL,,,,C,FM1201-49,内部更改申请登记表,工程研发事业部,,,集成研发/一图三表汇总清单 - 集成研发业务域20251030.xlsx,,
,集成研发,,,12.1.2,产品设计需求定义,,,12.1.2产品设计需求定义,合同技术协议客户要求,否,合同技术协议客户要求,一致,,,,报告类无表单,纸质,,,,R,报告类无表单,合同技术协议客户要求,工程研发事业部,,,集成研发/一图三表汇总清单 - 集成研发业务域20251030.xlsx,,
,集成研发,,,12.1.2,产品设计需求定义,,,12.1.2产品设计需求定义,产品设计数据集技术报告,否,产品设计数据集技术报告,一致,,,,报告类无表单,纸质,,,,R,报告类无表单,产品设计数据集技术报告,工程研发事业部,,,集成研发/一图三表汇总清单 - 集成研发业务域20251030.xlsx,,
,集成研发,,,12.1.2,产品设计需求定义,,,12.1.2产品设计需求定义,产品需求清单,是,产品需求清单,一致,,,FM1201-11,,线下EXCEL,,,,C,FM1201-11,产品需求清单,工程研发事业部,,,集成研发/一图三表汇总清单 - 集成研发业务域20251030.xlsx,,
,集成研发,,,12.1.2,产品设计需求定义,,,12.1.2产品设计需求定义,专业需求清单,是,专业需求清单,一致,,,FM1201-10,,线下EXCEL,,,,C,FM1201-10,专业需求清单,工程研发事业部,,,集成研发/一图三表汇总清单 - 集成研发业务域20251030.xlsx,,
,集成研发,,,12.1.3,产品设计需求确认,,,12.1.3产品设计需求确认,专业需求清单,否,专业需求清单,一致,,,FM1201-10,,线下EXCEL,,,,R,FM1201-10,专业需求清单,工程研发事业部,,,集成研发/一图三表汇总清单 - 集成研发业务域20251030.xlsx,,
,集成研发,,,12.1.3,产品设计需求确认,,,12.1.3产品设计需求确认,需求确认计划,是,需求确认计划,一致,,,,报告类无表单,纸质,,,,C,报告类无表单,需求确认计划,工程研发事业部,,,集成研发/一图三表汇总清单 - 集成研发业务域20251030.xlsx,,
,集成研发,,,12.1.3,产品设计需求确认,,,12.1.3产品设计需求确认,初始需求确认矩阵,是,初始需求确认矩阵,一致,,,FM1201-13,,线下EXCEL,,,,C,FM1201-13,初始需求确认矩阵,工程研发事业部,,,集成研发/一图三表汇总清单 - 集成研发业务域20251030.xlsx,,
,集成研发,,,12.1.3,产品设计需求确认,,,12.1.3产品设计需求确认,需求确认证据,是,需求确认证据,一致,,,,报告类无表单,纸质,,,,C,报告类无表单,需求确认证据,工程研发事业部,,,集成研发/一图三表汇总清单 - 集成研发业务域20251030.xlsx,,
,集成研发,,,12.1.3,产品设计需求确认,,,12.1.3产品设计需求确认,最终需求确认矩阵,是,最终需求确认矩阵,一致,,,FM1201-14,,线下EXCEL,,,,C,FM1201-14,最终需求确认矩阵,工程研发事业部,,,集成研发/一图三表汇总清单 - 集成研发业务域20251030.xlsx,,
,集成研发,,,12.1.3,产品设计需求确认,,,12.1.3产品设计需求确认,需求确认总结报告,是,需求确认总结报告,一致,,,,报告类无表单,纸质,,,,C,报告类无表单,需求确认总结报告,工程研发事业部,,,集成研发/一图三表汇总清单 - 集成研发业务域20251030.xlsx,,
,集成研发,,,12.1.4,产品设计需求验证,,,12.1.4产品设计需求验证,专业需求清单,否,专业需求清单,一致,,,FM1201-10,,线下EXCEL,,,,R,FM1201-10,专业需求清单,工程研发事业部,,,集成研发/一图三表汇总清单 - 集成研发业务域20251030.xlsx,,
,集成研发,,,12.1.4,产品设计需求验证,,,12.1.4产品设计需求验证,需求验证计划,是,需求验证计划,一致,,,,报告类无表单,纸质,,,,C,报告类无表单,需求验证计划,工程研发事业部,,,集成研发/一图三表汇总清单 - 集成研发业务域20251030.xlsx,,
,集成研发,,,12.1.4,产品设计需求验证,,,12.1.4产品设计需求验证,初始需求验证矩阵,是,初始需求验证矩阵,一致,,,FM1201-17,,线下EXCEL,,,,C,FM1201-17,初始需求验证矩阵,工程研发事业部,,,集成研发/一图三表汇总清单 - 集成研发业务域20251030.xlsx,,
,集成研发,,,12.1.4,产品设计需求验证,,,12.1.4产品设计需求验证,需求验证证据,是,需求验证证据,一致,,,,报告类无表单,纸质,,,,C,报告类无表单,需求验证证据,工程研发事业部,,,集成研发/一图三表汇总清单 - 集成研发业务域20251030.xlsx,,
,集成研发,,,12.1.4,产品设计需求验证,,,12.1.4产品设计需求验证,最终需求验证矩阵,是,最终需求验证矩阵,一致,,,FM1201-18,,线下EXCEL,,,,C,FM1201-18,最终需求验证矩阵,工程研发事业部,,,集成研发/一图三表汇总清单 - 集成研发业务域20251030.xlsx,,
,集成研发,,,12.1.4,产品设计需求验证,,,12.1.4产品设计需求验证,需求验证总结报告,是,需求验证总结报告,一致,,,,报告类无表单,纸质,,,,C,报告类无表单,需求验证总结报告,工程研发事业部,,,集成研发/一图三表汇总清单 - 集成研发业务域20251030.xlsx,,
,集成研发,,,12.1.5,概念定义阶段设计,,,12.1.5概念定义阶段设计信息流图,经验与教训记录表,是,经验与教训记录表,一致,,,FM1201-28,,线下EXCEL,,,,C,FM1201-28,经验与教训记录表,工程研发事业部,,,集成研发/一图三表汇总清单 - 集成研发业务域20251030.xlsx,,
,集成研发,,,12.1.5,概念定义阶段设计,,,12.1.5概念定义阶段设计信息流图,构型项清单,是,构型项清单,一致,,,FM1201-21,,线下EXCEL,,,,C,FM1201-21,构型项清单,工程研发事业部,,,集成研发/一图三表汇总清单 - 集成研发业务域20251030.xlsx,,
,集成研发,,,12.1.5,概念定义阶段设计,,,12.1.5概念定义阶段设计信息流图,工程数据清单,是,工程数据清单,一致,,,FM1201-22,,线下EXCEL,,,,C,FM1201-22,工程数据清单,工程研发事业部,,,集成研发/一图三表汇总清单 - 集成研发业务域20251030.xlsx,,
,集成研发,,,12.1.5,概念定义阶段设计,,,12.1.5概念定义阶段设计信息流图,设计批准适航要求清单,是,设计批准适航要求清单,一致,,,FM1201-46,,线下EXCEL,,,,C,FM1201-46,设计批准适航要求清单,工程研发事业部,,,集成研发/一图三表汇总清单 - 集成研发业务域20251030.xlsx,,
,集成研发,,,12.1.5,概念定义阶段设计,,,12.1.5概念定义阶段设计信息流图,标准件选用目录,是,标准件选用目录,一致,,,FM1201-27,,线下EXCEL,,,,C,FM1201-27,标准件选用目录,工程研发事业部,,,集成研发/一图三表汇总清单 - 集成研发业务域20251030.xlsx,,
,集成研发,,,12.1.5,概念定义阶段设计,,,12.1.5概念定义阶段设计信息流图,金属材料选用目录,是,金属材料选用目录,一致,,,FM1201-26,,线下EXCEL,,,,C,FM1201-26,金属材料选用目录,工程研发事业部,,,集成研发/一图三表汇总清单 - 集成研发业务域20251030.xlsx,,
,集成研发,,,12.1.5,概念定义阶段设计,,,12.1.5概念定义阶段设计信息流图,非金属材料选用目录,是,非金属材料选用目录,一致,,,FM1201-23,,线下EXCEL,,,,C,FM1201-23,非金属材料选用目录,工程研发事业部,,,集成研发/一图三表汇总清单 - 集成研发业务域20251030.xlsx,,
,集成研发,,,12.1.5,概念定义阶段设计,,,12.1.5概念定义阶段设计信息流图,工艺材料选用目录,是,工艺材料选用目录,一致,,,FM1201-24,,线下EXCEL,,,,C,FM1201-24,工艺材料选用目录,工程研发事业部,,,集成研发/一图三表汇总清单 - 集成研发业务域20251030.xlsx,,
,集成研发,,,12.1.5,概念定义阶段设计,,,12.1.5概念定义阶段设计信息流图,工艺规范选用目录,是,工艺规范选用目录,一致,,,FM1201-25,,线下EXCEL,,,,C,FM1201-25,工艺规范选用目录,工程研发事业部,,,集成研发/一图三表汇总清单 - 集成研发业务域20251030.xlsx,,
,集成研发,,,12.1.5,概念定义阶段设计,,,12.1.5概念定义阶段设计信息流图,EBOM,是,EBOM,一致,,,FM1201-33,,线下EXCEL,,,,C,FM1201-33,EBOM,工程研发事业部,,,集成研发/一图三表汇总清单 - 集成研发业务域20251030.xlsx,,
,集成研发,,,12.1.5,概念定义阶段设计,,,12.1.5概念定义阶段设计信息流图,结构尺寸清单,是,结构尺寸清单,一致,,,FM1201-20,,线下EXCEL,,,,C,FM1201-20,结构尺寸清单,工程研发事业部,,,集成研发/一图三表汇总清单 - 集成研发业务域20251030.xlsx,,
,集成研发,,,12.1.5,概念定义阶段设计,,,12.1.5概念定义阶段设计信息流图,项目主阶段计划（III层）(JCDP),否,项目主阶段计划（III层）(JCDP),一致,,,,报告类无表单,纸质,,,,R,报告类无表单,项目主阶段计划（III层）(JCDP),工程研发事业部,,,集成研发/一图三表汇总清单 - 集成研发业务域20251030.xlsx,,
,集成研发,,,12.1.5,概念定义阶段设计,,,12.1.5概念定义阶段设计信息流图,评审报告,否,评审报告,一致,,,,报告类无表单,纸质,,,,R,报告类无表单,评审报告,工程研发事业部,,,集成研发/一图三表汇总清单 - 集成研发业务域20251030.xlsx,,
,集成研发,,,12.1.5,概念定义阶段设计,,,12.1.5概念定义阶段设计信息流图,评审资料,否,评审资料,一致,,,,报告类无表单,纸质,,,,R,报告类无表单,评审资料,工程研发事业部,,,集成研发/一图三表汇总清单 - 集成研发业务域20251030.xlsx,,
,集成研发,,,12.1.5,概念定义阶段设计,,,12.1.5概念定义阶段设计信息流图,DRD进度控制列表,否,DRD进度控制列表,一致,,,FM1201-08,,纸质,,,,R,FM1201-08,DRD进度控制列表,工程研发事业部,,,集成研发/一图三表汇总清单 - 集成研发业务域20251030.xlsx,,
,集成研发,,,12.1.5,概念定义阶段设计,,,12.1.5概念定义阶段设计信息流图,风险管理团队名单,否,风险管理团队名单,一致,,,,报告类无表单,纸质,,,,R,报告类无表单,风险管理团队名单,工程研发事业部,,,集成研发/一图三表汇总清单 - 集成研发业务域20251030.xlsx,,
,集成研发,,,12.1.5,概念定义阶段设计,,,12.1.5概念定义阶段设计信息流图,项目风险应答单,否,项目风险应答单,一致,,,,报告类无表单,纸质,,,,R,报告类无表单,项目风险应答单,工程研发事业部,,,集成研发/一图三表汇总清单 - 集成研发业务域20251030.xlsx,,
,集成研发,,,12.1.5,概念定义阶段设计,,,12.1.5概念定义阶段设计信息流图,项目年度风险列表,否,项目年度风险列表,一致,,,,报告类无表单,纸质,,,,R,报告类无表单,项目年度风险列表,工程研发事业部,,,集成研发/一图三表汇总清单 - 集成研发业务域20251030.xlsx,,
,集成研发,,,12.1.5,概念定义阶段设计,,,12.1.5概念定义阶段设计信息流图,项目资源获取评估表,否,项目资源获取评估表,一致,,,,报告类无表单,纸质,,,,U,报告类无表单,项目资源获取评估表,工程研发事业部,,,集成研发/一图三表汇总清单 - 集成研发业务域20251030.xlsx,,
,集成研发,,,12.1.5,概念定义阶段设计,,,12.1.5概念定义阶段设计信息流图,JCDP出口评审检查单,是,JCDP出口评审检查单,一致,,,,报告类无表单,纸质,,,,C,报告类无表单,JCDP出口评审检查单,工程研发事业部,,,集成研发/一图三表汇总清单 - 集成研发业务域20251030.xlsx,,
,集成研发,,,12.1.5,概念定义阶段设计,,,12.1.5概念定义阶段设计信息流图,JCDP评审报告,是,JCDP评审报告,一致,,,,报告类无表单,纸质,,,,C,报告类无表单,JCDP评审报告,财务管理部,,,集成研发/一图三表汇总清单 - 集成研发业务域20251030.xlsx,,
,集成研发,,,12.1.5,概念定义阶段设计,,,12.1.5概念定义阶段设计信息流图,CBS,否,CBS,一致,,,,报告类无表单,纸质,,,,U,报告类无表单,CBS,财务管理部,,,集成研发/一图三表汇总清单 - 集成研发业务域20251030.xlsx,,
,集成研发,,,12.1.5,概念定义阶段设计,,,12.1.5概念定义阶段设计信息流图,项目预算表,否,项目预算表,一致,,,,报告类无表单,纸质,,,,U,报告类无表单,项目预算表,财务管理部,,,集成研发/一图三表汇总清单 - 集成研发业务域20251030.xlsx,,
,集成研发,,,12.1.5,概念定义阶段设计,,,12.1.5概念定义阶段设计信息流图,产品经济可行性分析报告,否,产品经济可行性分析报告,一致,,,,报告类无表单,纸质,,,,R,报告类无表单,产品经济可行性分析报告,财务管理部,,,集成研发/一图三表汇总清单 - 集成研发业务域20251030.xlsx,,
,集成研发,,,12.1.5,概念定义阶段设计,,,12.1.5概念定义阶段设计信息流图,项目成本报表,否,项目成本报表,一致,,,,报告类无表单,纸质,,,,R,报告类无表单,项目成本报表,质量安全部,,,集成研发/一图三表汇总清单 - 集成研发业务域20251030.xlsx,,
,集成研发,,,12.1.5,概念定义阶段设计,,,12.1.5概念定义阶段设计信息流图,产品检验规程,否,产品检验规程,一致,,,,报告类无表单,纸质,,,,R,报告类无表单,产品检验规程,质量安全部,,,集成研发/一图三表汇总清单 - 集成研发业务域20251030.xlsx,,
,集成研发,,,12.1.5,概念定义阶段设计,,,12.1.5概念定义阶段设计信息流图,质量审核报告,否,质量审核报告,一致,,,,报告类无表单,纸质,,,,R,报告类无表单,质量审核报告,质量安全部,,,集成研发/一图三表汇总清单 - 集成研发业务域20251030.xlsx,,
,集成研发,,,12.1.5,概念定义阶段设计,,,12.1.5概念定义阶段设计信息流图,需求清单,是,需求清单,一致,,,,报告类无表单,纸质,,,,C,报告类无表单,需求清单,工程研发事业部,,,集成研发/一图三表汇总清单 - 集成研发业务域20251030.xlsx,,
,集成研发,,,12.1.5,概念定义阶段设计,,,12.1.5概念定义阶段设计信息流图,界面控制图,是,界面控制图,一致,,,,报告类无表单,纸质,,,,C,报告类无表单,界面控制图,工程研发事业部,,,集成研发/一图三表汇总清单 - 集成研发业务域20251030.xlsx,,
,集成研发,,,12.1.5,概念定义阶段设计,,,12.1.5概念定义阶段设计信息流图,构型管理计划,是,构型管理计划,一致,,,,报告类无表单,纸质,,,,C,报告类无表单,构型管理计划,工程研发事业部,,,集成研发/一图三表汇总清单 - 集成研发业务域20251030.xlsx,,
,集成研发,,,12.1.5,概念定义阶段设计,,,12.1.5概念定义阶段设计信息流图,标准件规范,是,标准件规范,一致,,,,报告类无表单,纸质,,,,C,报告类无表单,标准件规范,工程研发事业部,,,集成研发/一图三表汇总清单 - 集成研发业务域20251030.xlsx,,
,集成研发,,,12.1.5,概念定义阶段设计,,,12.1.5概念定义阶段设计信息流图,材料规范,是,材料规范,一致,,,,报告类无表单,纸质,,,,C,报告类无表单,材料规范,工程研发事业部,,,集成研发/一图三表汇总清单 - 集成研发业务域20251030.xlsx,,
,集成研发,,,12.1.5,概念定义阶段设计,,,12.1.5概念定义阶段设计信息流图,工艺规范,是,工艺规范,一致,,,,报告类无表单,纸质,,,,C,报告类无表单,工艺规范,工程研发事业部,,,集成研发/一图三表汇总清单 - 集成研发业务域20251030.xlsx,,
,集成研发,,,12.1.5,概念定义阶段设计,,,12.1.5概念定义阶段设计信息流图,型材图册,是,型材图册,一致,,,,报告类无表单,纸质,,,,C,报告类无表单,型材图册,工程研发事业部,,,集成研发/一图三表汇总清单 - 集成研发业务域20251030.xlsx,,
,集成研发,,,12.1.5,概念定义阶段设计,,,12.1.5概念定义阶段设计信息流图,研发技术文件编制管理规定,是,研发技术文件编制管理规定,一致,,,,报告类无表单,纸质,,,,C,报告类无表单,研发技术文件编制管理规定,工程研发事业部,,,集成研发/一图三表汇总清单 - 集成研发业务域20251030.xlsx,,
,集成研发,,,12.1.5,概念定义阶段设计,,,12.1.5概念定义阶段设计信息流图,标准化审查后的文件,是,标准化审查后的文件,一致,,,,报告类无表单,纸质,,,,C,报告类无表单,标准化审查后的文件,工程研发事业部,,,集成研发/一图三表汇总清单 - 集成研发业务域20251030.xlsx,,
,集成研发,,,12.1.5,概念定义阶段设计,,,12.1.5概念定义阶段设计信息流图,结构概念设计数据集(MG1),是,结构概念设计数据集(MG1),一致,,,,报告类无表单,纸质,,,,C,报告类无表单,结构概念设计数据集(MG1),工程研发事业部,,,集成研发/一图三表汇总清单 - 集成研发业务域20251030.xlsx,,
,集成研发,,,12.1.5,概念定义阶段设计,,,12.1.5概念定义阶段设计信息流图,工程关键特性目录,是,工程关键特性目录,一致,,,,报告类无表单,纸质,,,,C,报告类无表单,工程关键特性目录,工程研发事业部,,,集成研发/一图三表汇总清单 - 集成研发业务域20251030.xlsx,,
,集成研发,,,12.1.5,概念定义阶段设计,,,12.1.5概念定义阶段设计信息流图,JCDP容差分析报告,是,JCDP容差分析报告,一致,,,,报告类无表单,纸质,,,,C,报告类无表单,JCDP容差分析报告,工程研发事业部,,,集成研发/一图三表汇总清单 - 集成研发业务域20251030.xlsx,,
,集成研发,,,12.1.5,概念定义阶段设计,,,12.1.5概念定义阶段设计信息流图,结构概念设计数据集（MG2）,否,结构概念设计数据集（MG2）,一致,,,,报告类无表单,纸质,,,,U,报告类无表单,结构概念设计数据集（MG2）,工程研发事业部,,,集成研发/一图三表汇总清单 - 集成研发业务域20251030.xlsx,,
,集成研发,,,12.1.5,概念定义阶段设计,,,12.1.5概念定义阶段设计信息流图,结构概念定义设计报告,是,结构概念定义设计报告,一致,,,,报告类无表单,纸质,,,,C,报告类无表单,结构概念定义设计报告,工程研发事业部,,,集成研发/一图三表汇总清单 - 集成研发业务域20251030.xlsx,,
,集成研发,,,12.1.5,概念定义阶段设计,,,12.1.5概念定义阶段设计信息流图,系统安装概念设计数据集(MG1),是,系统安装概念设计数据集(MG1),一致,,,,报告类无表单,纸质,,,,C,报告类无表单,系统安装概念设计数据集(MG1),工程研发事业部,,,集成研发/一图三表汇总清单 - 集成研发业务域20251030.xlsx,,
,集成研发,,,12.1.5,概念定义阶段设计,,,12.1.5概念定义阶段设计信息流图,系统安装概念设计数据集（MG2）,否,系统安装概念设计数据集（MG2）,一致,,,,报告类无表单,纸质,,,,U,报告类无表单,系统安装概念设计数据集（MG2）,工程研发事业部,,,集成研发/一图三表汇总清单 - 集成研发业务域20251030.xlsx,,
,集成研发,,,12.1.5,概念定义阶段设计,,,12.1.5概念定义阶段设计信息流图,系统安装概念定义设计报告,是,系统安装概念定义设计报告,一致,,,,报告类无表单,纸质,,,,C,报告类无表单,系统安装概念定义设计报告,工程研发事业部,,,集成研发/一图三表汇总清单 - 集成研发业务域20251030.xlsx,,
,集成研发,,,12.1.5,概念定义阶段设计,,,12.1.5概念定义阶段设计信息流图,重量指标,是,重量指标,一致,,,,报告类无表单,纸质,,,,C,报告类无表单,重量指标,工程研发事业部,,,集成研发/一图三表汇总清单 - 集成研发业务域20251030.xlsx,,
,集成研发,,,12.1.5,概念定义阶段设计,,,12.1.5概念定义阶段设计信息流图,质量分布特性报告,是,质量分布特性报告,一致,,,,报告类无表单,纸质,,,,C,报告类无表单,质量分布特性报告,工程研发事业部,,,集成研发/一图三表汇总清单 - 集成研发业务域20251030.xlsx,,
,集成研发,,,12.1.5,概念定义阶段设计,,,12.1.5概念定义阶段设计信息流图,重量报告,是,重量报告,一致,,,,报告类无表单,纸质,,,,C,报告类无表单,重量报告,工程研发事业部,,,集成研发/一图三表汇总清单 - 集成研发业务域20251030.xlsx,,
,集成研发,,,12.1.5,概念定义阶段设计,,,12.1.5概念定义阶段设计信息流图,0轮载荷下的强度分析报告,是,0轮载荷下的强度分析报告,一致,,,,报告类无表单,纸质,,,,C,报告类无表单,0轮载荷下的强度分析报告,工程研发事业部,,,集成研发/一图三表汇总清单 - 集成研发业务域20251030.xlsx,,
,集成研发,,,12.1.5,概念定义阶段设计,,,12.1.5概念定义阶段设计信息流图,0轮载荷下的有限元模型,是,0轮载荷下的有限元模型,一致,,,,报告类无表单,纸质,,,,C,报告类无表单,0轮载荷下的有限元模型,工程研发事业部,,,集成研发/一图三表汇总清单 - 集成研发业务域20251030.xlsx,,
,集成研发,,,12.1.5,概念定义阶段设计,,,12.1.5概念定义阶段设计信息流图,0轮载荷下的有限元模型建模报告,是,0轮载荷下的有限元模型建模报告,一致,,,,报告类无表单,纸质,,,,C,报告类无表单,0轮载荷下的有限元模型建模报告,工程研发事业部,,,集成研发/一图三表汇总清单 - 集成研发业务域20251030.xlsx,,
,集成研发,,,12.1.5,概念定义阶段设计,,,12.1.5概念定义阶段设计信息流图,四性分析报告,是,四性分析报告,一致,,,,报告类无表单,纸质,,,,C,报告类无表单,四性分析报告,工程研发事业部,,,集成研发/一图三表汇总清单 - 集成研发业务域20251030.xlsx,,
,集成研发,,,12.1.5,概念定义阶段设计,,,12.1.5概念定义阶段设计信息流图,工艺审查意见,是,工艺审查意见,一致,,,,报告类无表单,纸质,,,,C,报告类无表单,工艺审查意见,科技创新部,,,集成研发/一图三表汇总清单 - 集成研发业务域20251030.xlsx,,
,集成研发,,,12.1.5,概念定义阶段设计,,,12.1.5概念定义阶段设计信息流图,工艺总方案/制造总方案（初稿）,否,工艺总方案/制造总方案（初稿）,一致,,,,报告类无表单,纸质,,,,R,报告类无表单,工艺总方案/制造总方案（初稿）,科技创新部,,,集成研发/一图三表汇总清单 - 集成研发业务域20251030.xlsx,,
,集成研发,,,12.1.5,概念定义阶段设计,,,12.1.5概念定义阶段设计信息流图,容差分析报告,否,容差分析报告,一致,,,,报告类无表单,纸质,,,,R,报告类无表单,容差分析报告,科技创新部,,,集成研发/一图三表汇总清单 - 集成研发业务域20251030.xlsx,,
,集成研发,,,12.1.5,概念定义阶段设计,,,12.1.5概念定义阶段设计信息流图,装配协调方案（初稿）,否,装配协调方案（初稿）,一致,,,,报告类无表单,纸质,,,,R,报告类无表单,装配协调方案（初稿）,科技创新部,,,集成研发/一图三表汇总清单 - 集成研发业务域20251030.xlsx,,
,集成研发,,,12.1.5,概念定义阶段设计,,,12.1.5概念定义阶段设计信息流图,技术攻关清单,否,技术攻关清单,一致,,,,报告类无表单,纸质,,,,U,报告类无表单,技术攻关清单,科技创新部,,,集成研发/一图三表汇总清单 - 集成研发业务域20251030.xlsx,,
,集成研发,,,12.1.5,概念定义阶段设计,,,12.1.5概念定义阶段设计信息流图,可采购性审查意见,否,可采购性审查意见,一致,,,,报告类无表单,纸质,,,,U,报告类无表单,可采购性审查意见,工程研发事业部,,,集成研发/一图三表汇总清单 - 集成研发业务域20251030.xlsx,,
,集成研发,,,12.1.5,概念定义阶段设计,,,12.1.5概念定义阶段设计信息流图,按照技术协议开展设计任务,否,按照技术协议开展设计任务,一致,,,,报告类无表单,纸质,,,,R,报告类无表单,按照技术协议开展设计任务,供应商,,,集成研发/一图三表汇总清单 - 集成研发业务域20251030.xlsx,,
,集成研发,,,12.1.5,概念定义阶段设计,,,12.1.5概念定义阶段设计信息流图,试验项列表,是,试验项列表,一致,,,,报告类无表单,纸质,,,,C,报告类无表单,试验项列表,工程研发事业部,,,集成研发/一图三表汇总清单 - 集成研发业务域20251030.xlsx,,
,集成研发,,,12.1.5,概念定义阶段设计,,,12.1.5概念定义阶段设计信息流图,试验件数据集,是,试验件数据集,一致,,,,报告类无表单,纸质,,,,C,报告类无表单,试验件数据集,工程研发事业部,,,集成研发/一图三表汇总清单 - 集成研发业务域20251030.xlsx,,
,集成研发,,,12.1.5,概念定义阶段设计,,,12.1.5概念定义阶段设计信息流图,试验工装数据集,是,试验工装数据集,一致,,,,报告类无表单,纸质,,,,C,报告类无表单,试验工装数据集,工程研发事业部,,,集成研发/一图三表汇总清单 - 集成研发业务域20251030.xlsx,,
,集成研发,,,12.1.5,概念定义阶段设计,,,12.1.5概念定义阶段设计信息流图,试验任务书,是,试验任务书,一致,,,,报告类无表单,纸质,,,,C,报告类无表单,试验任务书,工程研发事业部,,,集成研发/一图三表汇总清单 - 集成研发业务域20251030.xlsx,,
,集成研发,,,12.1.5,概念定义阶段设计,,,12.1.5概念定义阶段设计信息流图,试验报告,是,试验报告,一致,,,,报告类无表单,纸质,,,,C,报告类无表单,试验报告,工程研发事业部,,,集成研发/一图三表汇总清单 - 集成研发业务域20251030.xlsx,,
,集成研发,,,12.1.5,概念定义阶段设计,,,12.1.5概念定义阶段设计信息流图,审核通过的试验大纲,是,审核通过的试验大纲,一致,,,,报告类无表单,纸质,,,,C,报告类无表单,审核通过的试验大纲,工程研发事业部,,,集成研发/一图三表汇总清单 - 集成研发业务域20251030.xlsx,,
,集成研发,,,12.1.5,概念定义阶段设计,,,12.1.5概念定义阶段设计信息流图,产品支援任务计划,是,产品支援任务计划,一致,,,,报告类无表单,纸质,,,,C,报告类无表单,产品支援任务计划,工程研发事业部,,,集成研发/一图三表汇总清单 - 集成研发业务域20251030.xlsx,,
,集成研发,,,12.1.6,初步定义阶段设计,,,12.1.6初步定义阶段设计,先行器材采购单（AMO）,是,先行器材采购单（AMO）,一致,,,FM1201-29,,线下EXCEL,,,,C,FM1201-29,先行器材采购单（AMO）,工程研发事业部,,,集成研发/一图三表汇总清单 - 集成研发业务域20251030.xlsx,,
,集成研发,,,12.1.6,初步定义阶段设计,,,12.1.6初步定义阶段设计,标准件性能数据表,是,标准件性能数据表,一致,,,FM1201-30,,线下EXCEL,,,,C,FM1201-30,标准件性能数据表,工程研发事业部,,,集成研发/一图三表汇总清单 - 集成研发业务域20251030.xlsx,,
,集成研发,,,12.1.6,初步定义阶段设计,,,12.1.6初步定义阶段设计,构型基线清单,是,构型基线清单,一致,,,FM1201-31,,线下EXCEL,,,,C,FM1201-31,构型基线清单,工程研发事业部,,,集成研发/一图三表汇总清单 - 集成研发业务域20251030.xlsx,,
,集成研发,,,12.1.6,初步定义阶段设计,,,12.1.6初步定义阶段设计,符合性验证方法列表,是,符合性验证方法列表,一致,,,FM1201-47,,线下EXCEL,,,,C,FM1201-47,符合性验证方法列表,工程研发事业部,,,集成研发/一图三表汇总清单 - 集成研发业务域20251030.xlsx,,
,集成研发,,,12.1.6,初步定义阶段设计,,,12.1.6初步定义阶段设计,安装调整技术条件,是,安装调整技术条件,一致,,,,报告类无表单,纸质,,,,C,报告类无表单,安装调整技术条件,工程研发事业部,,,集成研发/一图三表汇总清单 - 集成研发业务域20251030.xlsx,,
,集成研发,,,12.1.6,初步定义阶段设计,,,12.1.6初步定义阶段设计,JDP容差分析报告,是,JDP容差分析报告,一致,,,,报告类无表单,纸质,,,,C,报告类无表单,JDP容差分析报告,工程研发事业部,,,集成研发/一图三表汇总清单 - 集成研发业务域20251030.xlsx,,
,集成研发,,,12.1.6,初步定义阶段设计,,,12.1.6初步定义阶段设计,条款级符合性验证计划,是,条款级符合性验证计划,一致,,,,报告类无表单,纸质,,,,C,报告类无表单,条款级符合性验证计划,工程研发事业部,,,集成研发/一图三表汇总清单 - 集成研发业务域20251030.xlsx,,
,集成研发,,,12.1.6,初步定义阶段设计,,,12.1.6初步定义阶段设计,结构尺寸清单,否,结构尺寸清单,一致,,,FM1201-20,,线下EXCEL,,,,U,FM1201-20,结构尺寸清单,工程研发事业部,,,集成研发/一图三表汇总清单 - 集成研发业务域20251030.xlsx,,
,集成研发,,,12.1.6,初步定义阶段设计,,,12.1.6初步定义阶段设计,构型项清单,否,构型项清单,一致,,,FM1201-21,,线下EXCEL,,,,U,FM1201-21,构型项清单,工程研发事业部,,,集成研发/一图三表汇总清单 - 集成研发业务域20251030.xlsx,,
,集成研发,,,12.1.6,初步定义阶段设计,,,12.1.6初步定义阶段设计,工程数据清单,否,工程数据清单,一致,,,FM1201-22,,线下EXCEL,,,,U,FM1201-22,工程数据清单,工程研发事业部,,,集成研发/一图三表汇总清单 - 集成研发业务域20251030.xlsx,,
,集成研发,,,12.1.6,初步定义阶段设计,,,12.1.6初步定义阶段设计,非金属材料选用目录,否,非金属材料选用目录,一致,,,FM1201-23,,线下EXCEL,,,,U,FM1201-23,非金属材料选用目录,工程研发事业部,,,集成研发/一图三表汇总清单 - 集成研发业务域20251030.xlsx,,
,集成研发,,,12.1.6,初步定义阶段设计,,,12.1.6初步定义阶段设计,工艺材料选用目录,否,工艺材料选用目录,一致,,,FM1201-24,,线下EXCEL,,,,U,FM1201-24,工艺材料选用目录,工程研发事业部,,,集成研发/一图三表汇总清单 - 集成研发业务域20251030.xlsx,,
,集成研发,,,12.1.6,初步定义阶段设计,,,12.1.6初步定义阶段设计,工艺规范选用目录,否,工艺规范选用目录,一致,,,FM1201-25,,线下EXCEL,,,,U,FM1201-25,工艺规范选用目录,工程研发事业部,,,集成研发/一图三表汇总清单 - 集成研发业务域20251030.xlsx,,
,集成研发,,,12.1.6,初步定义阶段设计,,,12.1.6初步定义阶段设计,金属材料选用目录,否,金属材料选用目录,一致,,,FM1201-26,,线下EXCEL,,,,U,FM1201-26,金属材料选用目录,工程研发事业部,,,集成研发/一图三表汇总清单 - 集成研发业务域20251030.xlsx,,
,集成研发,,,12.1.6,初步定义阶段设计,,,12.1.6初步定义阶段设计,标准件选用目录,否,标准件选用目录,一致,,,FM1201-27,,线下EXCEL,,,,U,FM1201-27,标准件选用目录,工程研发事业部,,,集成研发/一图三表汇总清单 - 集成研发业务域20251030.xlsx,,
,集成研发,,,12.1.6,初步定义阶段设计,,,12.1.6初步定义阶段设计,经验与教训记录表,否,经验与教训记录表,一致,,,FM1201-28,,线下EXCEL,,,,U,FM1201-28,经验与教训记录表,工程研发事业部,,,集成研发/一图三表汇总清单 - 集成研发业务域20251030.xlsx,,
,集成研发,,,12.1.6,初步定义阶段设计,,,12.1.6初步定义阶段设计,初步定义数据集（MG3）,否,初步定义数据集（MG3）,一致,,,,报告类无表单,纸质,,,,U,报告类无表单,初步定义数据集（MG3）,工程研发事业部,,,集成研发/一图三表汇总清单 - 集成研发业务域20251030.xlsx,,
,集成研发,,,12.1.6,初步定义阶段设计,,,12.1.6初步定义阶段设计,系统安装初步定义数据集（MG3）,否,系统安装初步定义数据集（MG3）,一致,,,,报告类无表单,纸质,,,,U,报告类无表单,系统安装初步定义数据集（MG3）,工程研发事业部,,,集成研发/一图三表汇总清单 - 集成研发业务域20251030.xlsx,,
,集成研发,,,12.1.6,初步定义阶段设计,,,12.1.6初步定义阶段设计,初步定义数据集（MG4）和结构EBOM,否,初步定义数据集（MG4）和结构EBOM,一致,,,,报告类无表单,纸质,,,,U,报告类无表单,初步定义数据集（MG4）和结构EBOM,工程研发事业部,,,集成研发/一图三表汇总清单 - 集成研发业务域20251030.xlsx,,
,集成研发,,,12.1.6,初步定义阶段设计,,,12.1.6初步定义阶段设计,结构初步定义设计报告,否,结构初步定义设计报告,一致,,,,报告类无表单,纸质,,,,U,报告类无表单,结构初步定义设计报告,工程研发事业部,,,集成研发/一图三表汇总清单 - 集成研发业务域20251030.xlsx,,
,集成研发,,,12.1.6,初步定义阶段设计,,,12.1.6初步定义阶段设计,系统安装初步定义数据集（MG4）和系统安装EBOM,否,系统安装初步定义数据集（MG4）和系统安装EBOM,一致,,,,报告类无表单,纸质,,,,U,报告类无表单,系统安装初步定义数据集（MG4）和系统安装EBOM,工程研发事业部,,,集成研发/一图三表汇总清单 - 集成研发业务域20251030.xlsx,,
,集成研发,,,12.1.6,初步定义阶段设计,,,12.1.6初步定义阶段设计,系统安装设计报告,否,系统安装设计报告,一致,,,,报告类无表单,纸质,,,,U,报告类无表单,系统安装设计报告,工程研发事业部,,,集成研发/一图三表汇总清单 - 集成研发业务域20251030.xlsx,,
,集成研发,,,12.1.6,初步定义阶段设计,,,12.1.6初步定义阶段设计,1轮载荷下的有限元模型建模报告,否,1轮载荷下的有限元模型建模报告,一致,,,,报告类无表单,纸质,,,,U,报告类无表单,1轮载荷下的有限元模型建模报告,工程研发事业部,,,集成研发/一图三表汇总清单 - 集成研发业务域20251030.xlsx,,
,集成研发,,,12.1.6,初步定义阶段设计,,,12.1.6初步定义阶段设计,1轮载荷下的有限元模型,否,1轮载荷下的有限元模型,一致,,,,报告类无表单,纸质,,,,U,报告类无表单,1轮载荷下的有限元模型,工程研发事业部,,,集成研发/一图三表汇总清单 - 集成研发业务域20251030.xlsx,,
,集成研发,,,12.1.6,初步定义阶段设计,,,12.1.6初步定义阶段设计,1轮载荷下的强度分析报告强度分析报告,否,1轮载荷下的强度分析报告强度分析报告,一致,,,,报告类无表单,纸质,,,,U,报告类无表单,1轮载荷下的强度分析报告强度分析报告,工程研发事业部,,,集成研发/一图三表汇总清单 - 集成研发业务域20251030.xlsx,,
,集成研发,,,12.1.6,初步定义阶段设计,,,12.1.6初步定义阶段设计,1轮载荷下的结构尺寸清单,否,1轮载荷下的结构尺寸清单,一致,,,,报告类无表单,纸质,,,,U,报告类无表单,1轮载荷下的结构尺寸清单,工程研发事业部,,,集成研发/一图三表汇总清单 - 集成研发业务域20251030.xlsx,,
,集成研发,,,12.1.6,初步定义阶段设计,,,12.1.6初步定义阶段设计,材料规范、工艺规范及型材图册,否,材料规范、工艺规范及型材图册,一致,,,,报告类无表单,纸质,,,,U,报告类无表单,材料规范、工艺规范及型材图册,工程研发事业部,,,集成研发/一图三表汇总清单 - 集成研发业务域20251030.xlsx,,
,集成研发,,,12.1.6,初步定义阶段设计,,,12.1.6初步定义阶段设计,标准件规范,否,标准件规范,一致,,,,报告类无表单,纸质,,,,U,报告类无表单,标准件规范,工程研发事业部,,,集成研发/一图三表汇总清单 - 集成研发业务域20251030.xlsx,,
,集成研发,,,12.1.6,初步定义阶段设计,,,12.1.6初步定义阶段设计,工程关键特性目录,否,工程关键特性目录,一致,,,,报告类无表单,纸质,,,,U,报告类无表单,工程关键特性目录,工程研发事业部,,,集成研发/一图三表汇总清单 - 集成研发业务域20251030.xlsx,,
,集成研发,,,12.1.6,初步定义阶段设计,,,12.1.6初步定义阶段设计,界面控制图,否,界面控制图,一致,,,,报告类无表单,纸质,,,,U,报告类无表单,界面控制图,工程研发事业部,,,集成研发/一图三表汇总清单 - 集成研发业务域20251030.xlsx,,
,集成研发,,,12.1.6,初步定义阶段设计,,,12.1.6初步定义阶段设计,四性分析报告,否,四性分析报告,一致,,,,报告类无表单,纸质,,,,U,报告类无表单,四性分析报告,工程研发事业部,,,集成研发/一图三表汇总清单 - 集成研发业务域20251030.xlsx,,
,集成研发,,,12.1.6,初步定义阶段设计,,,12.1.6初步定义阶段设计,重量报告,否,重量报告,一致,,,,报告类无表单,纸质,,,,U,报告类无表单,重量报告,工程研发事业部,,,集成研发/一图三表汇总清单 - 集成研发业务域20251030.xlsx,,
,集成研发,,,12.1.6,初步定义阶段设计,,,12.1.6初步定义阶段设计,质量分布特性报告,否,质量分布特性报告,一致,,,,报告类无表单,纸质,,,,U,报告类无表单,质量分布特性报告,工程研发事业部,,,集成研发/一图三表汇总清单 - 集成研发业务域20251030.xlsx,,
,集成研发,,,12.1.6,初步定义阶段设计,,,12.1.6初步定义阶段设计,研发技术文件编制管理规定,否,研发技术文件编制管理规定,一致,,,,报告类无表单,纸质,,,,U,报告类无表单,研发技术文件编制管理规定,工程研发事业部,,,集成研发/一图三表汇总清单 - 集成研发业务域20251030.xlsx,,
,集成研发,,,12.1.6,初步定义阶段设计,,,12.1.6初步定义阶段设计,标准化审查后的文件,否,标准化审查后的文件,一致,,,,报告类无表单,纸质,,,,U,报告类无表单,标准化审查后的文件,工程研发事业部,,,集成研发/一图三表汇总清单 - 集成研发业务域20251030.xlsx,,
,集成研发,,,12.1.6,初步定义阶段设计,,,12.1.6初步定义阶段设计,发放的工程数据集,否,发放的工程数据集,一致,,,,报告类无表单,纸质,,,,U,报告类无表单,发放的工程数据集,工程研发事业部,,,集成研发/一图三表汇总清单 - 集成研发业务域20251030.xlsx,,
,集成研发,,,12.1.6,初步定义阶段设计,,,12.1.6初步定义阶段设计,创建技术出版物报告,否,创建技术出版物报告,一致,,,,报告类无表单,纸质,,,,U,报告类无表单,创建技术出版物报告,工程研发事业部,,,集成研发/一图三表汇总清单 - 集成研发业务域20251030.xlsx,,
,集成研发,,,12.1.6,初步定义阶段设计,,,12.1.6初步定义阶段设计,启动MSG-3维修工程分析,否,启动MSG-3维修工程分析,一致,,,,报告类无表单,纸质,,,,U,报告类无表单,启动MSG-3维修工程分析,工程研发事业部,,,集成研发/一图三表汇总清单 - 集成研发业务域20251030.xlsx,,
,集成研发,,,12.1.6,初步定义阶段设计,,,12.1.6初步定义阶段设计,更新的需求清单,否,更新的需求清单,一致,,,,报告类无表单,纸质,,,,U,报告类无表单,更新的需求清单,工程研发事业部,,,集成研发/一图三表汇总清单 - 集成研发业务域20251030.xlsx,,
,集成研发,,,12.1.6,初步定义阶段设计,,,12.1.6初步定义阶段设计,需求确认计划,否,需求确认计划,一致,,,报告类无表单,,纸质,,,,U,报告类无表单,需求确认计划,工程研发事业部,,,集成研发/一图三表汇总清单 - 集成研发业务域20251030.xlsx,,
,集成研发,,,12.1.6,初步定义阶段设计,,,12.1.6初步定义阶段设计,需求验证计划,否,需求验证计划,一致,,,,报告类无表单,纸质,,,,U,报告类无表单,需求验证计划,工程研发事业部,,,集成研发/一图三表汇总清单 - 集成研发业务域20251030.xlsx,,
,集成研发,,,12.1.6,初步定义阶段设计,,,12.1.6初步定义阶段设计,初始需求确认矩阵,否,初始需求确认矩阵,一致,,,,报告类无表单,纸质,,,,U,报告类无表单,初始需求确认矩阵,工程研发事业部,,,集成研发/一图三表汇总清单 - 集成研发业务域20251030.xlsx,,
,集成研发,,,12.1.6,初步定义阶段设计,,,12.1.6初步定义阶段设计,初始需求验证矩阵,否,初始需求验证矩阵,一致,,,,报告类无表单,纸质,,,,U,报告类无表单,初始需求验证矩阵,工程研发事业部,,,集成研发/一图三表汇总清单 - 集成研发业务域20251030.xlsx,,
,集成研发,,,12.1.6,初步定义阶段设计,,,12.1.6初步定义阶段设计,最终需求确认矩阵,否,最终需求确认矩阵,一致,,,,报告类无表单,纸质,,,,U,报告类无表单,最终需求确认矩阵,工程研发事业部,,,集成研发/一图三表汇总清单 - 集成研发业务域20251030.xlsx,,
,集成研发,,,12.1.6,初步定义阶段设计,,,12.1.6初步定义阶段设计,需求确认总结报告,否,需求确认总结报告,一致,,,,报告类无表单,纸质,,,,U,报告类无表单,需求确认总结报告,工程研发事业部,,,集成研发/一图三表汇总清单 - 集成研发业务域20251030.xlsx,,
,集成研发,,,12.1.6,初步定义阶段设计,,,12.1.6初步定义阶段设计,最终需求验证矩阵,否,最终需求验证矩阵,一致,,,FM1201-18,,线下EXCEL,,,,U,FM1201-18,最终需求验证矩阵,工程研发事业部,,,集成研发/一图三表汇总清单 - 集成研发业务域20251030.xlsx,,
,集成研发,,,12.1.6,初步定义阶段设计,,,12.1.6初步定义阶段设计,需求验证总结报告,否,需求验证总结报告,一致,,,,报告类无表单,纸质,,,,U,报告类无表单,需求验证总结报告,工程研发事业部,,,集成研发/一图三表汇总清单 - 集成研发业务域20251030.xlsx,,
,集成研发,,,12.1.6,初步定义阶段设计,,,12.1.6初步定义阶段设计,试验项列表,否,试验项列表,一致,,,,报告类无表单,纸质,,,,U,报告类无表单,试验项列表,工程研发事业部,,,集成研发/一图三表汇总清单 - 集成研发业务域20251030.xlsx,,
,集成研发,,,12.1.6,初步定义阶段设计,,,12.1.6初步定义阶段设计,试验件数据集,否,试验件数据集,一致,,,,报告类无表单,纸质,,,,U,报告类无表单,试验件数据集,工程研发事业部,,,集成研发/一图三表汇总清单 - 集成研发业务域20251030.xlsx,,
,集成研发,,,12.1.6,初步定义阶段设计,,,12.1.6初步定义阶段设计,试验工装数据集,否,试验工装数据集,一致,,,,报告类无表单,纸质,,,,U,报告类无表单,试验工装数据集,工程研发事业部,,,集成研发/一图三表汇总清单 - 集成研发业务域20251030.xlsx,,
,集成研发,,,12.1.6,初步定义阶段设计,,,12.1.6初步定义阶段设计,试验任务书,否,试验任务书,一致,,,,报告类无表单,纸质,,,,U,报告类无表单,试验任务书,工程研发事业部,,,集成研发/一图三表汇总清单 - 集成研发业务域20251030.xlsx,,
,集成研发,,,12.1.6,初步定义阶段设计,,,12.1.6初步定义阶段设计,试验报告,否,试验报告,一致,,,,报告类无表单,纸质,,,,U,报告类无表单,试验报告,工程研发事业部,,,集成研发/一图三表汇总清单 - 集成研发业务域20251030.xlsx,,
,集成研发,,,12.1.6,初步定义阶段设计,,,12.1.6初步定义阶段设计,审核通过的试验大纲,否,审核通过的试验大纲,一致,,,,报告类无表单,纸质,,,,U,报告类无表单,审核通过的试验大纲,工程研发事业部,,,集成研发/一图三表汇总清单 - 集成研发业务域20251030.xlsx,,
,集成研发,,,12.1.6,初步定义阶段设计,,,12.1.6初步定义阶段设计,项目主阶段计划（III层）(JDP),否,项目主阶段计划（III层）(JDP),一致,,,,报告类无表单,纸质,,,,U,报告类无表单,项目主阶段计划（III层）(JDP),工程研发事业部,,,集成研发/一图三表汇总清单 - 集成研发业务域20251030.xlsx,,
,集成研发,,,12.1.6,初步定义阶段设计,,,12.1.6初步定义阶段设计,DRD进度控制列表,否,DRD进度控制列表,一致,,,FM1201-08,,线下EXCEL,,,,U,FM1201-08,DRD进度控制列表,工程研发事业部,,,集成研发/一图三表汇总清单 - 集成研发业务域20251030.xlsx,,
,集成研发,,,12.1.6,初步定义阶段设计,,,12.1.6初步定义阶段设计,风险管理团队名单,否,风险管理团队名单,一致,,,,报告类无表单,纸质,,,,U,报告类无表单,风险管理团队名单,工程研发事业部,,,集成研发/一图三表汇总清单 - 集成研发业务域20251030.xlsx,,
,集成研发,,,12.1.6,初步定义阶段设计,,,12.1.6初步定义阶段设计,风险应答单,否,风险应答单,一致,,,,报告类无表单,纸质,,,,U,报告类无表单,风险应答单,工程研发事业部,,,集成研发/一图三表汇总清单 - 集成研发业务域20251030.xlsx,,
,集成研发,,,12.1.6,初步定义阶段设计,,,12.1.6初步定义阶段设计,项目资源获取评估表,否,项目资源获取评估表,一致,,,,报告类无表单,纸质,,,,U,报告类无表单,项目资源获取评估表,工程研发事业部,,,集成研发/一图三表汇总清单 - 集成研发业务域20251030.xlsx,,
,集成研发,,,12.1.6,初步定义阶段设计,,,12.1.6初步定义阶段设计,成本基线,否,成本基线,一致,,,,报告类无表单,纸质,,,,U,报告类无表单,成本基线,项目管理部,,,集成研发/一图三表汇总清单 - 集成研发业务域20251030.xlsx,,
,集成研发,,,12.1.6,初步定义阶段设计,,,12.1.6初步定义阶段设计,项目预算,否,项目预算,一致,,,,报告类无表单,纸质,,,,U,报告类无表单,项目预算,项目管理部,,,集成研发/一图三表汇总清单 - 集成研发业务域20251030.xlsx,,
,集成研发,,,12.1.6,初步定义阶段设计,,,12.1.6初步定义阶段设计,"JDP出口评审检查单
JDP评审报告",否,"JDP出口评审检查单
JDP评审报告",一致,,,,报告类无表单,纸质,,,,U,报告类无表单,"JDP出口评审检查单
JDP评审报告",项目管理部,,,集成研发/一图三表汇总清单 - 集成研发业务域20251030.xlsx,,
,集成研发,,,12.1.6,初步定义阶段设计,,,12.1.6初步定义阶段设计,WBS成本数据,否,WBS成本数据,一致,,,,报告类无表单,纸质,,,,U,报告类无表单,WBS成本数据,财务管理部,,,集成研发/一图三表汇总清单 - 集成研发业务域20251030.xlsx,,
,集成研发,,,12.1.6,初步定义阶段设计,,,12.1.6初步定义阶段设计,质量审核报告,否,质量审核报告,一致,,,,报告类无表单,纸质,,,,U,报告类无表单,质量审核报告,质量安全部,,,集成研发/一图三表汇总清单 - 集成研发业务域20251030.xlsx,,
,集成研发,,,12.1.6,初步定义阶段设计,,,12.1.6初步定义阶段设计,产品检验规程,否,产品检验规程,一致,,,,报告类无表单,纸质,,,,U,报告类无表单,产品检验规程,质量安全部,,,集成研发/一图三表汇总清单 - 集成研发业务域20251030.xlsx,,
,集成研发,,,12.1.6,初步定义阶段设计,,,12.1.6初步定义阶段设计,工艺审查意见,否,工艺审查意见,一致,,,,报告类无表单,纸质,,,,U,报告类无表单,工艺审查意见,科技创新部,,,集成研发/一图三表汇总清单 - 集成研发业务域20251030.xlsx,,
,集成研发,,,12.1.6,初步定义阶段设计,,,12.1.6初步定义阶段设计,工艺总方案/制造总方案（初稿）,否,工艺总方案/制造总方案（初稿）,一致,,,,报告类无表单,纸质,,,,U,报告类无表单,工艺总方案/制造总方案（初稿）,科技创新部,,,集成研发/一图三表汇总清单 - 集成研发业务域20251030.xlsx,,
,集成研发,,,12.1.6,初步定义阶段设计,,,12.1.6初步定义阶段设计,容差分析报告,否,容差分析报告,一致,,,,报告类无表单,纸质,,,,U,报告类无表单,容差分析报告,科技创新部,,,集成研发/一图三表汇总清单 - 集成研发业务域20251030.xlsx,,
,集成研发,,,12.1.6,初步定义阶段设计,,,12.1.6初步定义阶段设计,装配协调方案（初稿）,否,装配协调方案（初稿）,一致,,,,报告类无表单,纸质,,,,U,报告类无表单,装配协调方案（初稿）,科技创新部,,,集成研发/一图三表汇总清单 - 集成研发业务域20251030.xlsx,,
,集成研发,,,12.1.6,初步定义阶段设计,,,12.1.6初步定义阶段设计,互替换计划（初稿）,否,互替换计划（初稿）,一致,,,,报告类无表单,纸质,,,,U,报告类无表单,互替换计划（初稿）,科技创新部,,,集成研发/一图三表汇总清单 - 集成研发业务域20251030.xlsx,,
,集成研发,,,12.1.6,初步定义阶段设计,,,12.1.6初步定义阶段设计,工艺鉴定准备计划,否,工艺鉴定准备计划,一致,,,,报告类无表单,纸质,,,,U,报告类无表单,工艺鉴定准备计划,科技创新部,,,集成研发/一图三表汇总清单 - 集成研发业务域20251030.xlsx,,
,集成研发,,,12.1.7,详细定义阶段设计,,,12.1.7详细定义阶段设计,先行器材采购单（AMO）,是,先行器材采购单（AMO）,一致,,,FM1201-29,,线下EXCEL,,,,C,FM1201-29,先行器材采购单（AMO）,工程研发事业部,,,集成研发/一图三表汇总清单 - 集成研发业务域20251030.xlsx,,
,集成研发,,,12.1.7,详细定义阶段设计,,,12.1.7详细定义阶段设计,标准件性能数据表,是,标准件性能数据表,一致,,,FM1201-30,,线下EXCEL,,,,C,FM1201-30,标准件性能数据表,工程研发事业部,,,集成研发/一图三表汇总清单 - 集成研发业务域20251030.xlsx,,
,集成研发,,,12.1.7,详细定义阶段设计,,,12.1.7详细定义阶段设计,构型基线清单,是,构型基线清单,一致,,,FM1201-31,,线下EXCEL,,,,C,FM1201-31,构型基线清单,工程研发事业部,,,集成研发/一图三表汇总清单 - 集成研发业务域20251030.xlsx,,
,集成研发,,,12.1.7,初步定义阶段设计,,,12.1.6初步定义阶段设计,工程数据发放通知（EDRN）,是,工程数据发放通知（EDRN）,一致,,,FM1201-32,,线下EXCEL,,,,C,FM1201-32,工程数据发放通知（EDRN）,工程研发事业部,,,集成研发/一图三表汇总清单 - 集成研发业务域20251030.xlsx,,
,集成研发,,,12.1.7,详细定义阶段设计,,,12.1.7详细定义阶段设计,符合性验证方法列表,是,符合性验证方法列表,一致,,,FM1201-47,,线下EXCEL,,,,C,FM1201-47,符合性验证方法列表,工程研发事业部,,,集成研发/一图三表汇总清单 - 集成研发业务域20251030.xlsx,,
,集成研发,,,12.1.7,详细定义阶段设计,,,12.1.7详细定义阶段设计,安装调整技术条件,是,安装调整技术条件,一致,,,,报告类无表单,纸质,,,,C,报告类无表单,安装调整技术条件,工程研发事业部,,,集成研发/一图三表汇总清单 - 集成研发业务域20251030.xlsx,,
,集成研发,,,12.1.7,详细定义阶段设计,,,12.1.7详细定义阶段设计,DDP容差分析报告,是,DDP容差分析报告,一致,,,,报告类无表单,纸质,,,,C,报告类无表单,DDP容差分析报告,工程研发事业部,,,集成研发/一图三表汇总清单 - 集成研发业务域20251030.xlsx,,
,集成研发,,,12.1.7,详细定义阶段设计,,,12.1.7详细定义阶段设计,条款级符合性验证计划,是,条款级符合性验证计划,一致,,,,报告类无表单,纸质,,,,C,报告类无表单,条款级符合性验证计划,工程研发事业部,,,集成研发/一图三表汇总清单 - 集成研发业务域20251030.xlsx,,
,集成研发,,,12.1.7,详细定义阶段设计,,,12.1.7详细定义阶段设计,结构尺寸清单,否,结构尺寸清单,一致,,,FM1201-20,,线下EXCEL,,,,U,FM1201-20,结构尺寸清单,工程研发事业部,,,集成研发/一图三表汇总清单 - 集成研发业务域20251030.xlsx,,
,集成研发,,,12.1.7,详细定义阶段设计,,,12.1.7详细定义阶段设计,构型项清单,否,构型项清单,一致,,,FM1201-21,,线下EXCEL,,,,U,FM1201-21,构型项清单,工程研发事业部,,,集成研发/一图三表汇总清单 - 集成研发业务域20251030.xlsx,,
,集成研发,,,12.1.7,详细定义阶段设计,,,12.1.7详细定义阶段设计,工程数据清单,否,工程数据清单,一致,,,FM1201-22,,线下EXCEL,,,,U,FM1201-22,工程数据清单,工程研发事业部,,,集成研发/一图三表汇总清单 - 集成研发业务域20251030.xlsx,,
,集成研发,,,12.1.7,详细定义阶段设计,,,12.1.7详细定义阶段设计,非金属材料选用目录,否,非金属材料选用目录,一致,,,FM1201-23,,线下EXCEL,,,,U,FM1201-23,非金属材料选用目录,工程研发事业部,,,集成研发/一图三表汇总清单 - 集成研发业务域20251030.xlsx,,
,集成研发,,,12.1.7,详细定义阶段设计,,,12.1.7详细定义阶段设计,工艺材料选用目录,否,工艺材料选用目录,一致,,,FM1201-24,,线下EXCEL,,,,U,FM1201-24,工艺材料选用目录,工程研发事业部,,,集成研发/一图三表汇总清单 - 集成研发业务域20251030.xlsx,,
,集成研发,,,12.1.7,详细定义阶段设计,,,12.1.7详细定义阶段设计,工艺规范选用目录,否,工艺规范选用目录,一致,,,FM1201-25,,线下EXCEL,,,,U,FM1201-25,工艺规范选用目录,工程研发事业部,,,集成研发/一图三表汇总清单 - 集成研发业务域20251030.xlsx,,
,集成研发,,,12.1.7,详细定义阶段设计,,,12.1.7详细定义阶段设计,金属材料选用目录,否,金属材料选用目录,一致,,,FM1201-26,,线下EXCEL,,,,U,FM1201-26,金属材料选用目录,工程研发事业部,,,集成研发/一图三表汇总清单 - 集成研发业务域20251030.xlsx,,
,集成研发,,,12.1.7,详细定义阶段设计,,,12.1.7详细定义阶段设计,标准件选用目录,否,标准件选用目录,一致,,,FM1201-27,,线下EXCEL,,,,U,FM1201-27,标准件选用目录,工程研发事业部,,,集成研发/一图三表汇总清单 - 集成研发业务域20251030.xlsx,,
,集成研发,,,12.1.7,详细定义阶段设计,,,12.1.7详细定义阶段设计,经验与教训记录表,否,经验与教训记录表,一致,,,FM1201-28,,线下EXCEL,,,,U,FM1201-28,经验与教训记录表,工程研发事业部,,,集成研发/一图三表汇总清单 - 集成研发业务域20251030.xlsx,,
,集成研发,,,12.1.7,详细定义阶段设计,,,12.1.7详细定义阶段设计,详细定义数据集（MG4）,否,详细定义数据集（MG4）,一致,,,,报告类无表单,纸质,,,,U,报告类无表单,详细定义数据集（MG4）,工程研发事业部,,,集成研发/一图三表汇总清单 - 集成研发业务域20251030.xlsx,,
,集成研发,,,12.1.7,详细定义阶段设计,,,12.1.7详细定义阶段设计,系统安装详细定义数据集（MG4）,否,系统安装详细定义数据集（MG4）,一致,,,,报告类无表单,纸质,,,,U,报告类无表单,系统安装详细定义数据集（MG4）,工程研发事业部,,,集成研发/一图三表汇总清单 - 集成研发业务域20251030.xlsx,,
,集成研发,,,12.1.7,详细定义阶段设计,,,12.1.7详细定义阶段设计,详细定义数据集（MG5）和结构EBOM,否,详细定义数据集（MG45）和结构EBOM,不一致,,,,报告类无表单,纸质,,,,U,报告类无表单,详细定义数据集（MG45）和结构EBOM,工程研发事业部,,,集成研发/一图三表汇总清单 - 集成研发业务域20251030.xlsx,,
,集成研发,,,12.1.7,详细定义阶段设计,,,12.1.7详细定义阶段设计,结构详细定义设计报告,否,结构详细定义设计报告,一致,,,,报告类无表单,纸质,,,,U,报告类无表单,结构详细定义设计报告,工程研发事业部,,,集成研发/一图三表汇总清单 - 集成研发业务域20251030.xlsx,,
,集成研发,,,12.1.7,详细定义阶段设计,,,12.1.7详细定义阶段设计,系统安装详细定义数据集（MG5）和系统安装EBOM,否,系统安装详细定义数据集（MG5）和系统安装EBOM,一致,,,,报告类无表单,纸质,,,,U,报告类无表单,系统安装详细定义数据集（MG5）和系统安装EBOM,工程研发事业部,,,集成研发/一图三表汇总清单 - 集成研发业务域20251030.xlsx,,
,集成研发,,,12.1.7,详细定义阶段设计,,,12.1.7详细定义阶段设计,系统安装设计报告,否,系统安装设计报告,一致,,,,报告类无表单,纸质,,,,U,报告类无表单,系统安装设计报告,工程研发事业部,,,集成研发/一图三表汇总清单 - 集成研发业务域20251030.xlsx,,
,集成研发,,,12.1.7,详细定义阶段设计,,,12.1.7详细定义阶段设计,2轮载荷下的有限元模型建模报告,否,2轮载荷下的有限元模型建模报告,一致,,,,报告类无表单,纸质,,,,U,报告类无表单,2轮载荷下的有限元模型建模报告,工程研发事业部,,,集成研发/一图三表汇总清单 - 集成研发业务域20251030.xlsx,,
,集成研发,,,12.1.7,详细定义阶段设计,,,12.1.7详细定义阶段设计,2轮载荷下的有限元模型,否,2轮载荷下的有限元模型,一致,,,,报告类无表单,纸质,,,,U,报告类无表单,2轮载荷下的有限元模型,工程研发事业部,,,集成研发/一图三表汇总清单 - 集成研发业务域20251030.xlsx,,
,集成研发,,,12.1.7,详细定义阶段设计,,,12.1.7详细定义阶段设计,2轮载荷下的强度分析报告强度分析报告,否,2轮载荷下的强度分析报告强度分析报告,一致,,,,报告类无表单,纸质,,,,U,报告类无表单,2轮载荷下的强度分析报告强度分析报告,工程研发事业部,,,集成研发/一图三表汇总清单 - 集成研发业务域20251030.xlsx,,
,集成研发,,,12.1.7,详细定义阶段设计,,,12.1.7详细定义阶段设计,2轮载荷下的结构尺寸清单,否,2轮载荷下的结构尺寸清单,一致,,,,报告类无表单,纸质,,,,U,报告类无表单,2轮载荷下的结构尺寸清单,工程研发事业部,,,集成研发/一图三表汇总清单 - 集成研发业务域20251030.xlsx,,
,集成研发,,,12.1.7,详细定义阶段设计,,,12.1.7详细定义阶段设计,材料规范、工艺规范及型材图册,否,材料规范、工艺规范及型材图册,一致,,,,报告类无表单,纸质,,,,U,报告类无表单,材料规范、工艺规范及型材图册,工程研发事业部,,,集成研发/一图三表汇总清单 - 集成研发业务域20251030.xlsx,,
,集成研发,,,12.1.7,详细定义阶段设计,,,12.1.7详细定义阶段设计,标准件规范,否,标准件规范,一致,,,,报告类无表单,纸质,,,,U,报告类无表单,标准件规范,工程研发事业部,,,集成研发/一图三表汇总清单 - 集成研发业务域20251030.xlsx,,
,集成研发,,,12.1.7,详细定义阶段设计,,,12.1.7详细定义阶段设计,工程关键特性目录,否,工程关键特性目录,一致,,,,报告类无表单,纸质,,,,U,报告类无表单,工程关键特性目录,工程研发事业部,,,集成研发/一图三表汇总清单 - 集成研发业务域20251030.xlsx,,
,集成研发,,,12.1.7,详细定义阶段设计,,,12.1.7详细定义阶段设计,关键特性列表,是,关键特性列表,一致,,,FM1201-57,,线下EXCEL,,,,U,FM1201-57,关键特性列表,工程研发事业部,,,集成研发/一图三表汇总清单 - 集成研发业务域20251030.xlsx,,
,集成研发,,,12.1.7,详细定义阶段设计,,,12.1.7详细定义阶段设计,界面控制图,否,界面控制图,一致,,,,报告类无表单,纸质,,,,U,报告类无表单,界面控制图,工程研发事业部,,,集成研发/一图三表汇总清单 - 集成研发业务域20251030.xlsx,,
,集成研发,,,12.1.7,详细定义阶段设计,,,12.1.7详细定义阶段设计,四性分析报告,否,四性分析报告,一致,,,,报告类无表单,纸质,,,,U,报告类无表单,四性分析报告,工程研发事业部,,,集成研发/一图三表汇总清单 - 集成研发业务域20251030.xlsx,,
,集成研发,,,12.1.7,详细定义阶段设计,,,12.1.7详细定义阶段设计,重量报告,否,重量报告,一致,,,,报告类无表单,纸质,,,,U,报告类无表单,重量报告,工程研发事业部,,,集成研发/一图三表汇总清单 - 集成研发业务域20251030.xlsx,,
,集成研发,,,12.1.7,详细定义阶段设计,,,12.1.7详细定义阶段设计,质量分布特性报告,否,质量分布特性报告,一致,,,,报告类无表单,纸质,,,,U,报告类无表单,质量分布特性报告,工程研发事业部,,,集成研发/一图三表汇总清单 - 集成研发业务域20251030.xlsx,,
,集成研发,,,12.1.7,详细定义阶段设计,,,12.1.7详细定义阶段设计,研发技术文件编制管理规定,否,研发技术文件编制管理规定,一致,,,,报告类无表单,纸质,,,,U,报告类无表单,研发技术文件编制管理规定,工程研发事业部,,,集成研发/一图三表汇总清单 - 集成研发业务域20251030.xlsx,,
,集成研发,,,12.1.7,详细定义阶段设计,,,12.1.7详细定义阶段设计,标准化审查后的文件,否,标准化审查后的文件,一致,,,,报告类无表单,纸质,,,,U,报告类无表单,标准化审查后的文件,工程研发事业部,,,集成研发/一图三表汇总清单 - 集成研发业务域20251030.xlsx,,
,集成研发,,,12.1.7,详细定义阶段设计,,,12.1.7详细定义阶段设计,发放的工程数据集,否,发放的工程数据集,一致,,,,报告类无表单,纸质,,,,U,报告类无表单,发放的工程数据集,工程研发事业部,,,集成研发/一图三表汇总清单 - 集成研发业务域20251030.xlsx,,
,集成研发,,,12.1.7,详细定义阶段设计,,,12.1.7详细定义阶段设计,创建技术出版物报告,否,创建技术出版物报告,一致,,,,报告类无表单,纸质,,,,U,报告类无表单,创建技术出版物报告,工程研发事业部,,,集成研发/一图三表汇总清单 - 集成研发业务域20251030.xlsx,,
,集成研发,,,12.1.7,详细定义阶段设计,,,12.1.7详细定义阶段设计,启动MSG-3维修工程分析,否,启动MSG-3维修工程分析,一致,,,,报告类无表单,纸质,,,,U,报告类无表单,启动MSG-3维修工程分析,工程研发事业部,,,集成研发/一图三表汇总清单 - 集成研发业务域20251030.xlsx,,
,集成研发,,,12.1.7,详细定义阶段设计,,,12.1.7详细定义阶段设计,更新的需求清单,否,更新的需求清单,一致,,,,报告类无表单,纸质,,,,U,报告类无表单,更新的需求清单,工程研发事业部,,,集成研发/一图三表汇总清单 - 集成研发业务域20251030.xlsx,,
,集成研发,,,12.1.7,详细定义阶段设计,,,12.1.7详细定义阶段设计,需求确认计划,否,需求确认计划,一致,,,报告类无表单,,纸质,,,,U,报告类无表单,需求确认计划,工程研发事业部,,,集成研发/一图三表汇总清单 - 集成研发业务域20251030.xlsx,,
,集成研发,,,12.1.7,详细定义阶段设计,,,12.1.7详细定义阶段设计,需求验证计划,否,需求验证计划,一致,,,,报告类无表单,纸质,,,,U,报告类无表单,需求验证计划,工程研发事业部,,,集成研发/一图三表汇总清单 - 集成研发业务域20251030.xlsx,,
,集成研发,,,12.1.7,详细定义阶段设计,,,12.1.7详细定义阶段设计,初始需求确认矩阵,否,初始需求确认矩阵,一致,,,,报告类无表单,纸质,,,,U,报告类无表单,初始需求确认矩阵,工程研发事业部,,,集成研发/一图三表汇总清单 - 集成研发业务域20251030.xlsx,,
,集成研发,,,12.1.7,详细定义阶段设计,,,12.1.7详细定义阶段设计,初始需求验证矩阵,否,初始需求验证矩阵,一致,,,,报告类无表单,纸质,,,,U,报告类无表单,初始需求验证矩阵,工程研发事业部,,,集成研发/一图三表汇总清单 - 集成研发业务域20251030.xlsx,,
,集成研发,,,12.1.7,详细定义阶段设计,,,12.1.7详细定义阶段设计,最终需求确认矩阵,否,最终需求确认矩阵,一致,,,,报告类无表单,纸质,,,,U,报告类无表单,最终需求确认矩阵,工程研发事业部,,,集成研发/一图三表汇总清单 - 集成研发业务域20251030.xlsx,,
,集成研发,,,12.1.7,详细定义阶段设计,,,12.1.7详细定义阶段设计,需求确认总结报告,否,需求确认总结报告,一致,,,,报告类无表单,纸质,,,,U,报告类无表单,需求确认总结报告,工程研发事业部,,,集成研发/一图三表汇总清单 - 集成研发业务域20251030.xlsx,,
,集成研发,,,12.1.7,详细定义阶段设计,,,12.1.7详细定义阶段设计,最终需求验证矩阵,否,最终需求验证矩阵,一致,,,FM1201-18,,线下EXCEL,,,,U,FM1201-18,最终需求验证矩阵,工程研发事业部,,,集成研发/一图三表汇总清单 - 集成研发业务域20251030.xlsx,,
,集成研发,,,12.1.7,详细定义阶段设计,,,12.1.7详细定义阶段设计,需求验证总结报告,否,需求验证总结报告,一致,,,,报告类无表单,纸质,,,,U,报告类无表单,需求验证总结报告,工程研发事业部,,,集成研发/一图三表汇总清单 - 集成研发业务域20251030.xlsx,,
,集成研发,,,12.1.7,详细定义阶段设计,,,12.1.7详细定义阶段设计,试验项列表,否,试验项列表,一致,,,,报告类无表单,纸质,,,,U,报告类无表单,试验项列表,工程研发事业部,,,集成研发/一图三表汇总清单 - 集成研发业务域20251030.xlsx,,
,集成研发,,,12.1.7,详细定义阶段设计,,,12.1.7详细定义阶段设计,试验件数据集,否,试验件数据集,一致,,,,报告类无表单,纸质,,,,U,报告类无表单,试验件数据集,工程研发事业部,,,集成研发/一图三表汇总清单 - 集成研发业务域20251030.xlsx,,
,集成研发,,,12.1.7,详细定义阶段设计,,,12.1.7详细定义阶段设计,试验工装数据集,否,试验工装数据集,一致,,,,报告类无表单,纸质,,,,U,报告类无表单,试验工装数据集,工程研发事业部,,,集成研发/一图三表汇总清单 - 集成研发业务域20251030.xlsx,,
,集成研发,,,12.1.7,详细定义阶段设计,,,12.1.7详细定义阶段设计,试验任务书,否,试验任务书,一致,,,,报告类无表单,纸质,,,,U,报告类无表单,试验任务书,工程研发事业部,,,集成研发/一图三表汇总清单 - 集成研发业务域20251030.xlsx,,
,集成研发,,,12.1.7,详细定义阶段设计,,,12.1.7详细定义阶段设计,试验报告,否,试验报告,一致,,,,报告类无表单,纸质,,,,U,报告类无表单,试验报告,工程研发事业部,,,集成研发/一图三表汇总清单 - 集成研发业务域20251030.xlsx,,
,集成研发,,,12.1.7,详细定义阶段设计,,,12.1.7详细定义阶段设计,审核通过的试验大纲,否,审核通过的试验大纲,一致,,,,报告类无表单,纸质,,,,U,报告类无表单,审核通过的试验大纲,工程研发事业部,,,集成研发/一图三表汇总清单 - 集成研发业务域20251030.xlsx,,
,集成研发,,,12.1.7,详细定义阶段设计,,,12.1.7详细定义阶段设计,项目主阶段计划（III层）(DDP),否,项目主阶段计划（III层）(DDP),一致,,,,报告类无表单,纸质,,,,U,报告类无表单,项目主阶段计划（III层）(DDP),工程研发事业部,,,集成研发/一图三表汇总清单 - 集成研发业务域20251030.xlsx,,
,集成研发,,,12.1.7,详细定义阶段设计,,,12.1.7详细定义阶段设计,DRD进度控制列表,否,DRD进度控制列表,一致,,,FM1201-08,,线下EXCEL,,,,U,FM1201-08,DRD进度控制列表,工程研发事业部,,,集成研发/一图三表汇总清单 - 集成研发业务域20251030.xlsx,,
,集成研发,,,12.1.7,详细定义阶段设计,,,12.1.7详细定义阶段设计,风险管理团队名单,否,风险管理团队名单,一致,,,,报告类无表单,纸质,,,,U,报告类无表单,风险管理团队名单,工程研发事业部,,,集成研发/一图三表汇总清单 - 集成研发业务域20251030.xlsx,,
,集成研发,,,12.1.7,详细定义阶段设计,,,12.1.7详细定义阶段设计,风险应答单,否,风险应答单,一致,,,,报告类无表单,纸质,,,,U,报告类无表单,风险应答单,工程研发事业部,,,集成研发/一图三表汇总清单 - 集成研发业务域20251030.xlsx,,
,集成研发,,,12.1.7,详细定义阶段设计,,,12.1.7详细定义阶段设计,项目资源获取评估表,否,项目资源获取评估表,一致,,,,报告类无表单,纸质,,,,U,报告类无表单,项目资源获取评估表,工程研发事业部,,,集成研发/一图三表汇总清单 - 集成研发业务域20251030.xlsx,,
,集成研发,,,12.1.7,详细定义阶段设计,,,12.1.7详细定义阶段设计,成本基线,否,成本基线,一致,,,,报告类无表单,纸质,,,,U,报告类无表单,成本基线,项目管理部,,,集成研发/一图三表汇总清单 - 集成研发业务域20251030.xlsx,,
,集成研发,,,12.1.7,详细定义阶段设计,,,12.1.7详细定义阶段设计,项目预算,否,项目预算,一致,,,,报告类无表单,纸质,,,,U,报告类无表单,项目预算,项目管理部,,,集成研发/一图三表汇总清单 - 集成研发业务域20251030.xlsx,,
,集成研发,,,12.1.7,详细定义阶段设计,,,12.1.7详细定义阶段设计,"JDP出口评审检查单
JDP评审报告",否,"CDR出口评审检查单
CDR评审报告",不一致,,,,报告类无表单,纸质,,,,U,报告类无表单,"CDR出口评审检查单
CDR评审报告",项目管理部,,,集成研发/一图三表汇总清单 - 集成研发业务域20251030.xlsx,,
,集成研发,,,12.1.7,详细定义阶段设计,,,12.1.7详细定义阶段设计,WBS成本数据,否,WBS成本数据,一致,,,,报告类无表单,纸质,,,,U,报告类无表单,WBS成本数据,财务管理部,,,集成研发/一图三表汇总清单 - 集成研发业务域20251030.xlsx,,
,集成研发,,,12.1.7,详细定义阶段设计,,,12.1.7详细定义阶段设计,质量审核报告,否,质量审核报告,一致,,,,报告类无表单,纸质,,,,U,报告类无表单,质量审核报告,质量安全部,,,集成研发/一图三表汇总清单 - 集成研发业务域20251030.xlsx,,
,集成研发,,,12.1.7,详细定义阶段设计,,,12.1.7详细定义阶段设计,产品检验规程,否,产品检验规程,一致,,,,报告类无表单,纸质,,,,U,报告类无表单,产品检验规程,质量安全部,,,集成研发/一图三表汇总清单 - 集成研发业务域20251030.xlsx,,
,集成研发,,,12.1.7,详细定义阶段设计,,,12.1.7详细定义阶段设计,工艺审查意见,否,工艺审查意见,一致,,,,报告类无表单,纸质,,,,U,报告类无表单,工艺审查意见,科技创新部,,,集成研发/一图三表汇总清单 - 集成研发业务域20251030.xlsx,,
,集成研发,,,12.1.7,详细定义阶段设计,,,12.1.7详细定义阶段设计,工艺总方案/制造总方案,否,工艺总方案/制造总方案,一致,,,,报告类无表单,纸质,,,,U,报告类无表单,工艺总方案/制造总方案,科技创新部,,,集成研发/一图三表汇总清单 - 集成研发业务域20251030.xlsx,,
,集成研发,,,12.1.7,详细定义阶段设计,,,12.1.7详细定义阶段设计,容差分析报告,否,容差分析报告,一致,,,,报告类无表单,纸质,,,,U,报告类无表单,容差分析报告,科技创新部,,,集成研发/一图三表汇总清单 - 集成研发业务域20251030.xlsx,,
,集成研发,,,12.1.7,详细定义阶段设计,,,12.1.7详细定义阶段设计,装配协调方案,否,装配协调方案,一致,,,,报告类无表单,纸质,,,,U,报告类无表单,装配协调方案,科技创新部,,,集成研发/一图三表汇总清单 - 集成研发业务域20251030.xlsx,,
,集成研发,,,12.1.7,详细定义阶段设计,,,12.1.7详细定义阶段设计,互替换计划,否,互替换计划,一致,,,,报告类无表单,纸质,,,,U,报告类无表单,互替换计划,科技创新部,,,集成研发/一图三表汇总清单 - 集成研发业务域20251030.xlsx,,
,集成研发,,,12.1.7,详细定义阶段设计,,,12.1.7详细定义阶段设计,工艺鉴定准备计划,否,工艺鉴定准备计划,一致,,,,报告类无表单,纸质,,,,U,报告类无表单,工艺鉴定准备计划,科技创新部,,,集成研发/一图三表汇总清单 - 集成研发业务域20251030.xlsx,,
,集成研发,,,12.1.8,产品定义发放和试制阶段设计,,,12.1.8产品定义发放和试制阶段设计,构型项清单,否,构型项清单,一致,,,FM1201-21,,线下EXCEL,,,,U,FM1201-21,构型项清单,工程研发事业部,,,集成研发/一图三表汇总清单 - 集成研发业务域20251030.xlsx,,
,集成研发,,,12.1.8,产品定义发放和试制阶段设计,,,12.1.8产品定义发放和试制阶段设计,工程数据清单,否,工程数据清单,一致,,,FM1201-22,,线下EXCEL,,,,U,FM1201-22,工程数据清单,工程研发事业部,,,集成研发/一图三表汇总清单 - 集成研发业务域20251030.xlsx,,
,集成研发,,,12.1.8,产品定义发放和试制阶段设计,,,12.1.8产品定义发放和试制阶段设计,非金属材料选用目录,否,非金属材料选用目录,一致,,,FM1201-23,,线下EXCEL,,,,U,FM1201-23,非金属材料选用目录,工程研发事业部,,,集成研发/一图三表汇总清单 - 集成研发业务域20251030.xlsx,,
,集成研发,,,12.1.8,产品定义发放和试制阶段设计,,,12.1.8产品定义发放和试制阶段设计,工艺材料选用目录,否,工艺材料选用目录,一致,,,FM1201-24,,线下EXCEL,,,,U,FM1201-24,工艺材料选用目录,工程研发事业部,,,集成研发/一图三表汇总清单 - 集成研发业务域20251030.xlsx,,
,集成研发,,,12.1.8,产品定义发放和试制阶段设计,,,12.1.8产品定义发放和试制阶段设计,工艺规范选用目录,否,工艺规范选用目录,一致,,,FM1201-25,,线下EXCEL,,,,U,FM1201-25,工艺规范选用目录,工程研发事业部,,,集成研发/一图三表汇总清单 - 集成研发业务域20251030.xlsx,,
,集成研发,,,12.1.8,产品定义发放和试制阶段设计,,,12.1.8产品定义发放和试制阶段设计,金属材料选用目录,否,金属材料选用目录,一致,,,FM1201-26,,线下EXCEL,,,,U,FM1201-26,金属材料选用目录,工程研发事业部,,,集成研发/一图三表汇总清单 - 集成研发业务域20251030.xlsx,,
,集成研发,,,12.1.8,产品定义发放和试制阶段设计,,,12.1.8产品定义发放和试制阶段设计,标准件选用目录,否,标准件选用目录,一致,,,FM1201-27,,线下EXCEL,,,,U,FM1201-27,标准件选用目录,工程研发事业部,,,集成研发/一图三表汇总清单 - 集成研发业务域20251030.xlsx,,
,集成研发,,,12.1.8,产品定义发放和试制阶段设计,,,12.1.8产品定义发放和试制阶段设计,经验与教训记录表,否,经验与教训记录表,一致,,,FM1201-28,,线下EXCEL,,,,U,FM1201-28,经验与教训记录表,工程研发事业部,,,集成研发/一图三表汇总清单 - 集成研发业务域20251030.xlsx,,
,集成研发,,,12.1.8,产品定义发放和试制阶段设计,,,12.1.8产品定义发放和试制阶段设计,标准件性能数据表,否,标准件性能数据表,一致,,,FM1201-30,,线下EXCEL,,,,U,FM1201-30,标准件性能数据表,工程研发事业部,,,集成研发/一图三表汇总清单 - 集成研发业务域20251030.xlsx,,
,集成研发,,,12.1.8,产品定义发放和试制阶段设计,,,12.1.8产品定义发放和试制阶段设计,构型基线清单,否,构型基线清单,一致,,,FM1201-31,,线下EXCEL,,,,U,FM1201-31,构型基线清单,工程研发事业部,,,集成研发/一图三表汇总清单 - 集成研发业务域20251030.xlsx,,
,集成研发,,,12.1.8,产品定义发放和试制阶段设计,,,12.1.8产品定义发放和试制阶段设计,工程数据发放通知（EDRN）,否,工程数据发放通知（EDRN）,一致,,,FM1201-32,,线下EXCEL,,,,U,FM1201-32,工程数据发放通知（EDRN）,工程研发事业部,,,集成研发/一图三表汇总清单 - 集成研发业务域20251030.xlsx,,
,集成研发,,,12.1.8,产品定义发放和试制阶段设计,,,12.1.8产品定义发放和试制阶段设计,EBOM,否,EBOM,一致,,,FM1201-33,,线下EXCEL,,,,U,FM1201-33,EBOM,工程研发事业部,,,集成研发/一图三表汇总清单 - 集成研发业务域20251030.xlsx,,
,集成研发,,,12.1.8,产品定义发放和试制阶段设计,,,12.1.8产品定义发放和试制阶段设计,项目主阶段计划（III层）(产品定义发放及试制),否,项目主阶段计划（III层）(产品定义发放及试制),一致,,,,报告类无表单,纸质,,,,U,报告类无表单,项目主阶段计划（III层）(产品定义发放及试制),工程研发事业部,,,集成研发/一图三表汇总清单 - 集成研发业务域20251030.xlsx,,
,集成研发,,,12.1.8,产品定义发放和试制阶段设计,,,12.1.8产品定义发放和试制阶段设计,DRD进度控制列表,否,DRD进度控制列表,一致,,,FM1201-08,,线下EXCEL,,,,U,FM1201-08,DRD进度控制列表,工程研发事业部,,,集成研发/一图三表汇总清单 - 集成研发业务域20251030.xlsx,,
,集成研发,,,12.1.8,产品定义发放和试制阶段设计,,,12.1.8产品定义发放和试制阶段设计,风险管理团队名单,否,风险管理团队名单,一致,,,,报告类无表单,纸质,,,,U,报告类无表单,风险管理团队名单,工程研发事业部,,,集成研发/一图三表汇总清单 - 集成研发业务域20251030.xlsx,,
,集成研发,,,12.1.8,产品定义发放和试制阶段设计,,,12.1.8产品定义发放和试制阶段设计,风险应答单,否,风险应答单,一致,,,,报告类无表单,纸质,,,,U,报告类无表单,风险应答单,工程研发事业部,,,集成研发/一图三表汇总清单 - 集成研发业务域20251030.xlsx,,
,集成研发,,,12.1.8,产品定义发放和试制阶段设计,,,12.1.8产品定义发放和试制阶段设计,项目资源获取评估表,否,项目资源获取评估表,一致,,,FM1201-01,,线下EXCEL,,,,U,FM1201-01,项目资源获取评估表,工程研发事业部,,,集成研发/一图三表汇总清单 - 集成研发业务域20251030.xlsx,,
,集成研发,,,12.1.8,产品定义发放和试制阶段设计,,,12.1.8产品定义发放和试制阶段设计,PDRP阶段交付物,否,PDRP阶段交付物,一致,,,,报告类无表单,纸质,,,,U,报告类无表单,PDRP阶段交付物,工程研发事业部,,,集成研发/一图三表汇总清单 - 集成研发业务域20251030.xlsx,,
,集成研发,,,12.1.8,产品定义发放和试制阶段设计,,,12.1.8产品定义发放和试制阶段设计,PDRP出口评审记录表,否,PDRP出口评审记录表,一致,,,,报告类无表单,纸质,,,,U,报告类无表单,PDRP出口评审记录表,工程研发事业部,,,集成研发/一图三表汇总清单 - 集成研发业务域20251030.xlsx,,
,集成研发,,,12.1.8,产品定义发放和试制阶段设计,,,12.1.8产品定义发放和试制阶段设计,成本基线,否,成本基线,一致,,,,报告类无表单,纸质,,,,U,报告类无表单,成本基线,项目管理部,,,集成研发/一图三表汇总清单 - 集成研发业务域20251030.xlsx,,
,集成研发,,,12.1.8,产品定义发放和试制阶段设计,,,12.1.8产品定义发放和试制阶段设计,项目预算表,否,项目预算表,一致,,,,报告类无表单,纸质,,,,U,报告类无表单,项目预算表,项目管理部,,,集成研发/一图三表汇总清单 - 集成研发业务域20251030.xlsx,,
,集成研发,,,12.1.8,产品定义发放和试制阶段设计,,,12.1.8产品定义发放和试制阶段设计,WBS成本数据,否,WBS成本数据,一致,,,,报告类无表单,纸质,,,,U,报告类无表单,WBS成本数据,财务管理部,,,集成研发/一图三表汇总清单 - 集成研发业务域20251030.xlsx,,
,集成研发,,,12.1.8,产品定义发放和试制阶段设计,,,12.1.8产品定义发放和试制阶段设计,质量审核报告,否,质量审核报告,一致,,,,报告类无表单,纸质,,,,U,报告类无表单,质量审核报告,质量安全部,,,集成研发/一图三表汇总清单 - 集成研发业务域20251030.xlsx,,
,集成研发,,,12.1.8,产品定义发放和试制阶段设计,,,12.1.8产品定义发放和试制阶段设计,产品检验策划方案,否,产品检验策划方案,一致,,,,报告类无表单,纸质,,,,U,报告类无表单,产品检验策划方案,质量安全部,,,集成研发/一图三表汇总清单 - 集成研发业务域20251030.xlsx,,
,集成研发,,,12.1.8,产品定义发放和试制阶段设计,,,12.1.8产品定义发放和试制阶段设计,产品拒收处置报告,否,产品拒收处置报告,一致,,,,报告类无表单,纸质,,,,U,报告类无表单,产品拒收处置报告,质量安全部,,,集成研发/一图三表汇总清单 - 集成研发业务域20251030.xlsx,,
,集成研发,,,12.1.8,产品定义发放和试制阶段设计,,,12.1.8产品定义发放和试制阶段设计,1.更新的需求清单,否,1.更新的需求清单,一致,,,,报告类无表单,纸质,,,,U,报告类无表单,1.更新的需求清单,工程研发事业部,,,集成研发/一图三表汇总清单 - 集成研发业务域20251030.xlsx,,
,集成研发,,,12.1.8,产品定义发放和试制阶段设计,,,12.1.8产品定义发放和试制阶段设计,2.需求确认计划,否,2.需求确认计划,一致,,,,报告类无表单,纸质,,,,U,报告类无表单,2.需求确认计划,工程研发事业部,,,集成研发/一图三表汇总清单 - 集成研发业务域20251030.xlsx,,
,集成研发,,,12.1.8,产品定义发放和试制阶段设计,,,12.1.8产品定义发放和试制阶段设计,3.需求验证计划,否,3.需求验证计划,一致,,,,报告类无表单,纸质,,,,U,报告类无表单,3.需求验证计划,工程研发事业部,,,集成研发/一图三表汇总清单 - 集成研发业务域20251030.xlsx,,
,集成研发,,,12.1.8,产品定义发放和试制阶段设计,,,12.1.8产品定义发放和试制阶段设计,4.初始需求确认矩阵,否,4.初始需求确认矩阵,一致,,,,报告类无表单,纸质,,,,U,报告类无表单,4.初始需求确认矩阵,工程研发事业部,,,集成研发/一图三表汇总清单 - 集成研发业务域20251030.xlsx,,
,集成研发,,,12.1.8,产品定义发放和试制阶段设计,,,12.1.8产品定义发放和试制阶段设计,5.初始需求验证矩阵,否,5.初始需求验证矩阵,一致,,,,报告类无表单,纸质,,,,U,报告类无表单,5.初始需求验证矩阵,工程研发事业部,,,集成研发/一图三表汇总清单 - 集成研发业务域20251030.xlsx,,
,集成研发,,,12.1.8,产品定义发放和试制阶段设计,,,12.1.8产品定义发放和试制阶段设计,"1.最终需求确认矩阵
2.需求确认总结报告",否,"1.最终需求确认矩阵
2.需求确认总结报告",一致,,,,报告类无表单,纸质,,,,U,报告类无表单,"1.最终需求确认矩阵
2.需求确认总结报告",工程研发事业部,,,集成研发/一图三表汇总清单 - 集成研发业务域20251030.xlsx,,
,集成研发,,,12.1.8,产品定义发放和试制阶段设计,,,12.1.8产品定义发放和试制阶段设计,1.最终需求验证矩阵,否,1.最终需求验证矩阵,一致,,,FM1201-18,,线下EXCEL,,,,U,FM1201-18,1.最终需求验证矩阵,工程研发事业部,,,集成研发/一图三表汇总清单 - 集成研发业务域20251030.xlsx,,
,集成研发,,,12.1.8,产品定义发放和试制阶段设计,,,12.1.8产品定义发放和试制阶段设计,2.需求验证总结报告,否,2.需求验证总结报告,一致,,,FM1201-18,,纸质,,,,U,否,2.需求验证总结报告,工程研发事业部,,,集成研发/一图三表汇总清单 - 集成研发业务域20251030.xlsx,,
,集成研发,,,12.1.8,产品定义发放和试制阶段设计,,,12.1.8产品定义发放和试制阶段设计,界面控制图,否,界面控制图,一致,,,,报告类无表单,纸质,,,,U,报告类无表单,界面控制图,工程研发事业部,,,集成研发/一图三表汇总清单 - 集成研发业务域20251030.xlsx,,
,集成研发,,,12.1.8,产品定义发放和试制阶段设计,,,12.1.8产品定义发放和试制阶段设计,RFC答复、DCP、发放的构型文件,否,RFC答复、DCP、发放的构型文件,一致,,,,报告类无表单,纸质,,,,U,报告类无表单,RFC答复、DCP、发放的构型文件,工程研发事业部,,,集成研发/一图三表汇总清单 - 集成研发业务域20251030.xlsx,,
,集成研发,,,12.1.8,产品定义发放和试制阶段设计,,,12.1.8产品定义发放和试制阶段设计,相关适航符合性验证报告,否,相关适航符合性验证报告,一致,,,,报告类无表单,纸质,,,,U,报告类无表单,相关适航符合性验证报告,工程研发事业部,,,集成研发/一图三表汇总清单 - 集成研发业务域20251030.xlsx,,
,集成研发,,,12.1.8,产品定义发放和试制阶段设计,,,12.1.8产品定义发放和试制阶段设计,标准件规范,否,标准件规范,一致,,,,报告类无表单,纸质,,,,U,报告类无表单,标准件规范,工程研发事业部,,,集成研发/一图三表汇总清单 - 集成研发业务域20251030.xlsx,,
,集成研发,,,12.1.8,产品定义发放和试制阶段设计,,,12.1.8产品定义发放和试制阶段设计,材料规范,否,材料规范,一致,,,,报告类无表单,纸质,,,,U,报告类无表单,材料规范,工程研发事业部,,,集成研发/一图三表汇总清单 - 集成研发业务域20251030.xlsx,,
,集成研发,,,12.1.8,产品定义发放和试制阶段设计,,,12.1.8产品定义发放和试制阶段设计,工艺规范,否,工艺规范,一致,,,,报告类无表单,纸质,,,,U,报告类无表单,工艺规范,工程研发事业部,,,集成研发/一图三表汇总清单 - 集成研发业务域20251030.xlsx,,
,集成研发,,,12.1.8,产品定义发放和试制阶段设计,,,12.1.8产品定义发放和试制阶段设计,型材图册,否,型材图册,一致,,,,报告类无表单,纸质,,,,U,报告类无表单,型材图册,工程研发事业部,,,集成研发/一图三表汇总清单 - 集成研发业务域20251030.xlsx,,
,集成研发,,,12.1.8,产品定义发放和试制阶段设计,,,12.1.8产品定义发放和试制阶段设计,技术文件编号、编制、审签发放规则、标准化审查后的文件,否,技术文件编号、编制、审签发放规则、标准化审查后的文件,一致,,,,报告类无表单,纸质,,,,U,报告类无表单,技术文件编号、编制、审签发放规则、标准化审查后的文件,工程研发事业部,,,集成研发/一图三表汇总清单 - 集成研发业务域20251030.xlsx,,
,集成研发,,,12.1.8,产品定义发放和试制阶段设计,,,12.1.8产品定义发放和试制阶段设计,结构详细设计数据集（MG5）,否,结构详细设计数据集（MG5）,一致,,,,报告类无表单,纸质,,,,U,报告类无表单,结构详细设计数据集（MG5）,工程研发事业部,,,集成研发/一图三表汇总清单 - 集成研发业务域20251030.xlsx,,
,集成研发,,,12.1.8,产品定义发放和试制阶段设计,,,12.1.8产品定义发放和试制阶段设计,解答的产品拒收处置报告,否,解答的产品拒收处置报告,一致,,,,报告类无表单,纸质,,,,U,报告类无表单,解答的产品拒收处置报告,工程研发事业部,,,集成研发/一图三表汇总清单 - 集成研发业务域20251030.xlsx,,
,集成研发,,,12.1.8,产品定义发放和试制阶段设计,,,12.1.8产品定义发放和试制阶段设计,系统安装详细设计数据集（MG5）,否,系统安装详细设计数据集（MG5）,一致,,,,报告类无表单,纸质,,,,U,报告类无表单,系统安装详细设计数据集（MG5）,工程研发事业部,,,集成研发/一图三表汇总清单 - 集成研发业务域20251030.xlsx,,
,集成研发,,,12.1.8,产品定义发放和试制阶段设计,,,12.1.8产品定义发放和试制阶段设计,重量报告、称重报告、重量符合性说明,否,重量报告、称重报告、重量符合性说明,一致,,,,报告类无表单,纸质,,,,U,报告类无表单,重量报告、称重报告、重量符合性说明,工程研发事业部,,,集成研发/一图三表汇总清单 - 集成研发业务域20251030.xlsx,,
,集成研发,,,12.1.8,产品定义发放和试制阶段设计,,,12.1.8产品定义发放和试制阶段设计,可采购性审查意见,否,可采购性审查意见,一致,,,,报告类无表单,纸质,,,,U,报告类无表单,可采购性审查意见,供应链管理部,,,集成研发/一图三表汇总清单 - 集成研发业务域20251030.xlsx,,
,集成研发,,,12.1.8,产品定义发放和试制阶段设计,,,12.1.8产品定义发放和试制阶段设计,按照技术协议开展设计任务,否,按照技术协议开展设计任务,一致,,,,报告类无表单,纸质,,,,U,报告类无表单,按照技术协议开展设计任务,供应商,,,集成研发/一图三表汇总清单 - 集成研发业务域20251030.xlsx,,
,集成研发,,,12.1.8,产品定义发放和试制阶段设计,,,12.1.8产品定义发放和试制阶段设计,试验项列表,否,试验项列表,一致,,,FM1201-36,,线下EXCEL,,,,U,FM1201-36,试验项列表,工程研发事业部,,,集成研发/一图三表汇总清单 - 集成研发业务域20251030.xlsx,,
,集成研发,,,12.1.8,产品定义发放和试制阶段设计,,,12.1.8产品定义发放和试制阶段设计,试验件数据集,否,试验件数据集,一致,,,,报告类无表单,纸质,,,,U,报告类无表单,试验件数据集,工程研发事业部,,,集成研发/一图三表汇总清单 - 集成研发业务域20251030.xlsx,,
,集成研发,,,12.1.8,产品定义发放和试制阶段设计,,,12.1.8产品定义发放和试制阶段设计,试验工装数据集,否,试验工装数据集,一致,,,,报告类无表单,纸质,,,,U,报告类无表单,试验工装数据集,工程研发事业部,,,集成研发/一图三表汇总清单 - 集成研发业务域20251030.xlsx,,
,集成研发,,,12.1.8,产品定义发放和试制阶段设计,,,12.1.8产品定义发放和试制阶段设计,试验任务书,否,试验任务书,一致,,,,报告类无表单,纸质,,,,U,报告类无表单,试验任务书,工程研发事业部,,,集成研发/一图三表汇总清单 - 集成研发业务域20251030.xlsx,,
,集成研发,,,12.1.8,产品定义发放和试制阶段设计,,,12.1.8产品定义发放和试制阶段设计,试验报告,否,试验报告,一致,,,,报告类无表单,纸质,,,,U,报告类无表单,试验报告,工程研发事业部,,,集成研发/一图三表汇总清单 - 集成研发业务域20251030.xlsx,,
,集成研发,,,12.1.8,产品定义发放和试制阶段设计,,,12.1.8产品定义发放和试制阶段设计,审核通过的试验大纲,否,审核通过的试验大纲,一致,,,,报告类无表单,纸质,,,,U,报告类无表单,审核通过的试验大纲,工程研发事业部,,,集成研发/一图三表汇总清单 - 集成研发业务域20251030.xlsx,,
,集成研发,,,12.1.8,产品定义发放和试制阶段设计,,,12.1.8产品定义发放和试制阶段设计,"MSG-3维修工程分析
技术出版物报告",否,"MSG-3维修工程分析
技术出版物报告",一致,,,,报告类无表单,纸质,,,,U,报告类无表单,"MSG-3维修工程分析
技术出版物报告",工程研发事业部,,,集成研发/一图三表汇总清单 - 集成研发业务域20251030.xlsx,,
,集成研发,,,12.1.8,产品定义发放和试制阶段设计,,,12.1.8产品定义发放和试制阶段设计,四性分析报告,否,四性分析报告,一致,,,,报告类无表单,纸质,,,,U,报告类无表单,四性分析报告,工程研发事业部,,,集成研发/一图三表汇总清单 - 集成研发业务域20251030.xlsx,,
,集成研发,,,12.1.8,产品定义发放和试制阶段设计,,,12.1.8产品定义发放和试制阶段设计,工艺审查意见,否,工艺审查意见,一致,,,,报告类无表单,纸质,,,,U,报告类无表单,工艺审查意见,科技创新部,,,集成研发/一图三表汇总清单 - 集成研发业务域20251030.xlsx,,
,集成研发,,,12.1.8,产品定义发放和试制阶段设计,,,12.1.8产品定义发放和试制阶段设计,产能评估报告,否,产能评估报告,一致,,,,报告类无表单,纸质,,,,U,报告类无表单,产能评估报告,科技创新部,,,集成研发/一图三表汇总清单 - 集成研发业务域20251030.xlsx,,
,集成研发,,,12.1.8,产品定义发放和试制阶段设计,,,12.1.8产品定义发放和试制阶段设计,工艺鉴定报告,否,工艺鉴定报告,一致,,,,报告类无表单,纸质,,,,U,报告类无表单,工艺鉴定报告,科技创新部,,,集成研发/一图三表汇总清单 - 集成研发业务域20251030.xlsx,,
,集成研发,,,12.1.8,产品定义发放和试制阶段设计,,,12.1.8产品定义发放和试制阶段设计,工艺总方案/制造总方案,否,工艺总方案/制造总方案,一致,,,,报告类无表单,纸质,,,,U,报告类无表单,工艺总方案/制造总方案,科技创新部,,,集成研发/一图三表汇总清单 - 集成研发业务域20251030.xlsx,,
,集成研发,,,12.1.8,产品定义发放和试制阶段设计,,,12.1.8产品定义发放和试制阶段设计,PFMEA记录表,否,PFMEA记录表,一致,,,,报告类无表单,纸质,,,,U,报告类无表单,PFMEA记录表,科技创新部,,,集成研发/一图三表汇总清单 - 集成研发业务域20251030.xlsx,,
,集成研发,,,12.1.9,试验设计,,,12.1.9试验设计信息流图,试验项申请表,是,试验项申请表,一致,,,FM1201-38,,线下EXCEL,,,,C,FM1201-38,试验项申请表,工程研发事业部,,,集成研发/一图三表汇总清单 - 集成研发业务域20251030.xlsx,,
,集成研发,,,12.1.9,试验设计,,,12.1.9试验设计信息流图,试验项撤销申请表,是,试验项撤销申请表,一致,,,FM1201-37,,线下EXCEL,,,,C,FM1201-37,试验项撤销申请表,工程研发事业部,,,集成研发/一图三表汇总清单 - 集成研发业务域20251030.xlsx,,
,集成研发,,,12.1.9,试验设计,,,12.1.9试验设计信息流图,试验项列表,是,试验项列表,一致,,,FM1201-36,,线下EXCEL,,,,C,FM1201-36,试验项列表,工程研发事业部,,,集成研发/一图三表汇总清单 - 集成研发业务域20251030.xlsx,,
,集成研发,,,12.1.9,试验设计,,,12.1.9试验设计信息流图,试验技术协调单,是,试验技术协调单,一致,,,FM1201-34,,线下EXCEL,,,,C,FM1201-34,试验技术协调单,工程研发事业部,,,集成研发/一图三表汇总清单 - 集成研发业务域20251030.xlsx,,
,集成研发,,,12.1.9,试验设计,,,12.1.9试验设计信息流图,试验跟试记录单,是,试验跟试记录单,一致,,,FM1201-35,,线下EXCEL,,,,C,FM1201-35,试验跟试记录单,工程研发事业部,,,集成研发/一图三表汇总清单 - 集成研发业务域20251030.xlsx,,
,集成研发,,,12.1.9,试验设计,,,12.1.9试验设计信息流图,试验方案,是,试验方案,一致,,,,报告类无表单,纸质,,,,C,否,试验方案,工程研发事业部,,,集成研发/一图三表汇总清单 - 集成研发业务域20251030.xlsx,,
,集成研发,,,12.1.9,试验设计,,,12.1.9试验设计信息流图,试验任务书,是,试验任务书,一致,,,,报告类无表单,纸质,,,,C,否,试验任务书,工程研发事业部,,,集成研发/一图三表汇总清单 - 集成研发业务域20251030.xlsx,,
,集成研发,,,12.1.9,试验设计,,,12.1.9试验设计信息流图,首件检验报告,是,首件检验报告,一致,,,,报告类无表单,纸质,,,,C,否,首件检验报告,工程研发事业部,,,集成研发/一图三表汇总清单 - 集成研发业务域20251030.xlsx,,
,集成研发,,,12.1.9,试验设计,,,12.1.9试验设计信息流图,试验件数据集,是,试验件数据集,一致,,,,报告类无表单,纸质,,,,C,否,试验件数据集,工程研发事业部,,,集成研发/一图三表汇总清单 - 集成研发业务域20251030.xlsx,,
,集成研发,,,12.1.9,试验设计,,,12.1.9试验设计信息流图,试验前质量检查单,是,试验前质量检查单,一致,,,,报告类无表单,纸质,,,,C,否,试验前质量检查单,工程研发事业部,,,集成研发/一图三表汇总清单 - 集成研发业务域20251030.xlsx,,
,集成研发,,,12.1.9,试验设计,,,12.1.9试验设计信息流图,试验大纲,是,试验大纲,一致,,,,报告类无表单,纸质,,,,C,否,试验大纲,工程研发事业部,,,集成研发/一图三表汇总清单 - 集成研发业务域20251030.xlsx,,
,集成研发,,,12.1.9,试验设计,,,12.1.9试验设计信息流图,试验大纲评审意见,是,试验大纲评审意见,一致,,,,报告类无表单,纸质,,,,C,否,试验大纲评审意见,工程研发事业部,,,集成研发/一图三表汇总清单 - 集成研发业务域20251030.xlsx,,
,集成研发,,,12.1.9,试验设计,,,12.1.9试验设计信息流图,试验数据,是,试验数据,一致,,,,报告类无表单,纸质,,,,C,否,试验数据,工程研发事业部,,,集成研发/一图三表汇总清单 - 集成研发业务域20251030.xlsx,,
,集成研发,,,12.1.9,试验设计,,,12.1.9试验设计信息流图,试验报告,是,试验报告,一致,,,,报告类无表单,纸质,,,,C,否,试验报告,工程研发事业部,,,集成研发/一图三表汇总清单 - 集成研发业务域20251030.xlsx,,
,集成研发,,,12.2.1,研发项目策划,,,12.2.1研发项目策划信息流图,研发IPT团队名单,是,研发IPT团队名单,一致,,,FM1201-02,,线下EXCEL,,,,C,FM1201-02,研发IPT团队名单,工程研发事业部,,,集成研发/一图三表汇总清单 - 集成研发业务域20251030.xlsx,,
,集成研发,,,12.2.1,研发项目策划,,,12.2.1研发项目策划信息流图,一级项目进度计划,否,一级项目进度计划,一致,,,FM1202-01,,线下EXCEL,,,,U,FM1202-01,一级项目进度计划,工程研发事业部,,,集成研发/一图三表汇总清单 - 集成研发业务域20251030.xlsx,,
,集成研发,,,12.2.1,研发项目策划,,,12.2.1研发项目策划信息流图,成本控制表,否,成本控制表,一致,,,,,线下EXCEL,,,,U,,成本控制表,财务管理部,,,集成研发/一图三表汇总清单 - 集成研发业务域20251030.xlsx,,
,集成研发,,,12.2.1,研发项目策划,,,12.2.1研发项目策划信息流图,设计输入清单,是,设计输入清单,一致,,,FM1201-03,,线下EXCEL,,,,C,FM1201-03,设计输入清单,工程研发事业部,,,集成研发/一图三表汇总清单 - 集成研发业务域20251030.xlsx,,
,集成研发,,,12.2.1,研发项目策划,,,12.2.1研发项目策划信息流图,资源需求计划,否,资源需求计划,一致,,,,报告类无表单,纸质,,,,U,,资源需求计划,工程研发事业部,,,集成研发/一图三表汇总清单 - 集成研发业务域20251030.xlsx,,
,集成研发,,,12.2.1,研发项目策划,,,12.2.1研发项目策划信息流图,研发项目工作分解结构（WBS）,否,研发项目工作分解结构（WBS）,一致,,,,,线下EXCEL,,,,U,,研发项目工作分解结构（WBS）,项目管理部,,,集成研发/一图三表汇总清单 - 集成研发业务域20251030.xlsx,,
,集成研发,,,12.2.1,研发项目策划,,,12.2.1研发项目策划信息流图,项目资源获取评估表,是,项目资源获取评估表,一致,,,FM1201-01,,线下EXCEL,,,,C,FM1201-01,项目资源获取评估表,工程研发事业部,,,集成研发/一图三表汇总清单 - 集成研发业务域20251030.xlsx,,
,集成研发,,,12.2.1,研发项目策划,,,12.2.1研发项目策划信息流图,二级项目进度计划,否,二级项目进度计划,一致,,,FM1202-02,,线下EXCEL,,,,U,FM1202-02,二级项目进度计划,工程研发事业部,,,集成研发/一图三表汇总清单 - 集成研发业务域20251030.xlsx,,
,集成研发,,,12.2.1,研发项目策划,,,12.2.1研发项目策划信息流图,项目实施方案,是,项目实施方案,一致,,,,报告类无表单,纸质,,,,C,,项目实施方案,工程研发事业部,,,集成研发/一图三表汇总清单 - 集成研发业务域20251030.xlsx,,
,集成研发,,,12.2.2,研发项目进度计划编制与控制,,,12.2.2研发项目进度计划编制与控制信息流图,一级项目进度计划,是,一级项目进度计划,一致,,,FM1202-01,,线下EXCEL,,,,C,FM1202-01,一级项目进度计划,工程研发事业部,,,集成研发/一图三表汇总清单 - 集成研发业务域20251030.xlsx,,
,集成研发,,,12.2.2,研发项目进度计划编制与控制,,,12.2.2研发项目进度计划编制与控制信息流图,二级项目进度计划,是,二级项目进度计划,一致,,,FM1202-02,,线下EXCEL,,,,C,FM1202-02,二级项目进度计划,工程研发事业部,,,集成研发/一图三表汇总清单 - 集成研发业务域20251030.xlsx,,
,集成研发,,,12.2.2,研发项目进度计划编制与控制,,,12.2.2研发项目进度计划编制与控制信息流图,三级项目进度计划,是,三级项目进度计划,一致,,,FM1202-03,,线下EXCEL,,,,C,FM1202-03,三级项目进度计划,工程研发事业部,,,集成研发/一图三表汇总清单 - 集成研发业务域20251030.xlsx,,
,集成研发,,,12.2.3,研发项目成本控制,,,12.2.3研发项目成本控制信息流图,研发项目成本中心（WBS要素）申请表,是,研发项目成本中心（WBS要素）申请表,一致,,,FM1202-05,,线下EXCEL,,,,C,FM1202-05,研发项目成本中心（WBS要素）申请表,工程研发事业部,,,集成研发/一图三表汇总清单 - 集成研发业务域20251030.xlsx,,
,集成研发,,,12.2.3,研发项目成本控制,,,12.2.3研发项目成本控制信息流图,研发项目成本中心（WBS要素）申请表,否,研发项目成本中心（WBS要素）申请表,一致,,,FM1202-05,,线下EXCEL,,,,U,FM1202-05,研发项目成本中心（WBS要素）申请表,工程研发事业部,,,集成研发/一图三表汇总清单 - 集成研发业务域20251030.xlsx,,
,集成研发,,,12.2.3,研发项目成本控制,,,12.2.3研发项目成本控制信息流图,年月工资及工资性费用汇总表,否,年月工资及工资性费用汇总表,一致,,,,,线下EXCEL,,,,U,,年月工资及工资性费用汇总表,财务管理部,,,集成研发/一图三表汇总清单 - 集成研发业务域20251030.xlsx,,
,集成研发,,,12.2.3,研发项目成本控制,,,12.2.3研发项目成本控制信息流图,人员成本中心（WBS要素）分配表,是,人员成本中心（WBS要素）分配表,一致,,,FM1202-06,,线下EXCEL,,,,C,FM1202-06,人员成本中心（WBS要素）分配表,工程研发事业部,,,集成研发/一图三表汇总清单 - 集成研发业务域20251030.xlsx,,
,集成研发,,,12.2.3,研发项目成本控制,,,12.2.3研发项目成本控制信息流图,研发项目成本监控表,是,研发项目成本监控表,一致,,,FM1202-04,,线下EXCEL,,,,C,FM1202-04,研发项目成本监控表,工程研发事业部,,,集成研发/一图三表汇总清单 - 集成研发业务域20251030.xlsx,,
,集成研发,,,12.2.3,研发项目成本控制,,,12.2.3研发项目成本控制信息流图,季度成本中心（WBS要素）调配表,是,季度成本中心（WBS要素）调配表,一致,,,FM1202-07,,线下EXCEL,,,,C,FM1202-07,季度成本中心（WBS要素）调配表,工程研发事业部,,,集成研发/一图三表汇总清单 - 集成研发业务域20251030.xlsx,,
,集成研发,,,12.2.3,研发项目成本控制,,,12.2.3研发项目成本控制信息流图,在执行研发项目账上成本汇总表,是,在执行研发项目账上成本汇总表,一致,,,FM1202-08,,线下EXCEL,,,,C,FM1202-08,在执行研发项目账上成本汇总表,工程研发事业部,,,集成研发/一图三表汇总清单 - 集成研发业务域20251030.xlsx,,
,集成研发,,,12.2.4,研发设计实现,,,12.2.4研发设计实现信息流图,三级项目进度计划,否,三级项目进度计划,一致,,,FM1202-03,,线下EXCEL,,,,U,FM1202-03,三级项目进度计划,工程研发事业部,,,集成研发/一图三表汇总清单 - 集成研发业务域20251030.xlsx,,
,集成研发,,,12.2.4,研发设计实现,,,12.2.4研发设计实现信息流图,设计输出清单,是,设计输出清单,一致,,,FM1202-09,,线下EXCEL,,,,C,FM1202-09,设计输出清单,工程研发事业部,,,集成研发/一图三表汇总清单 - 集成研发业务域20251030.xlsx,,
,集成研发,,,12.2.4,研发设计实现,,,12.2.4研发设计实现信息流图,研发项目成本监控表,否,研发项目成本监控表,一致,,,FM1202-04,,线下EXCEL,,,,U,FM1202-04,研发项目成本监控表,财务管理部,,,集成研发/一图三表汇总清单 - 集成研发业务域20251030.xlsx,,
,集成研发,,,12.2.4,研发设计实现,,,12.2.4研发设计实现信息流图,开票申请单,否,开票申请单,一致,,,,,线下EXCEL,,,,U,,开票申请单,财务管理部,,,集成研发/一图三表汇总清单 - 集成研发业务域20251030.xlsx,,
,集成研发,,,12.2.4,研发设计实现,,,12.2.4研发设计实现信息流图,合同执行情况总结报告,是,合同执行情况总结报告,一致,,,,报告类无表单,纸质,,,,C,,合同执行情况总结报告,工程研发事业部,,,集成研发/一图三表汇总清单 - 集成研发业务域20251030.xlsx,,
,集成研发,,,12.1.12,工艺性审查,,,12.1.12工艺性审查信息流图,工艺审签信息表,是,工艺审签信息表,一致,,,FM1206-02,,线下EXCEL,,,,C,FM1206-02,工艺审签信息表,科技创新部,,,集成研发/一图三表汇总清单 - 集成研发业务域20251030.xlsx,,
14,集成制造,14.1,生产计划管理,14.1.1,订单执行策划,,,信息流图--订单执行策划,产品销售进度表,是,产品销售进度表封面,,,,FM1103-04,,OA,,,PDM,R,FM1103-04,产品销售进度表,项目管理部,OA,OK,集成制造/集成制造业务域一图三表汇总清单0929.xlsx,,
14,集成制造,14.1,生产计划管理,14.1.1,订单执行策划,,,信息流图--订单执行策划,销售订单评审信息表,否,,,,,,,OA,,,CPM,R,FM1103-08,销售订单评审信息表,项目管理部,ERP,OK,集成制造/集成制造业务域一图三表汇总清单0929.xlsx,,
14,集成制造,14.1,生产计划管理,14.1.2,项目主进度计划策划,,,信息流图---项目主进度计划策划,销售进度表,否,,,,,,,,,,/,R,0,0,项目管理部,WMS,OK,集成制造/集成制造业务域一图三表汇总清单0929.xlsx,,
14,集成制造,14.1,生产计划管理,14.1.2,项目主进度计划策划,,,信息流图---项目主进度计划策划,经营计划,否,,,,,,,,,,/,R,0,0,项目管理部,PDM,OK,集成制造/集成制造业务域一图三表汇总清单0929.xlsx,,
14,集成制造,14.1,生产计划管理,14.1.2,项目主进度计划策划,,,信息流图---项目主进度计划策划,架次流程图,否,,,,,,,,,,/,R,0,0,项目管理部,MES,OK,集成制造/集成制造业务域一图三表汇总清单0929.xlsx,,
14,集成制造,14.1,生产计划管理,14.1.2,项目主进度计划策划,,,信息流图---项目主进度计划策划,TBOM,否,,,,,,,,,,/,R,0,0,项目管理部,CPM,OK,集成制造/集成制造业务域一图三表汇总清单0929.xlsx,,
14,集成制造,14.1,生产计划管理,14.1.2,项目主进度计划策划,,,信息流图---项目主进度计划策划,项目主进度计划,是,项目主进度计划(PS-CJ20N),,PS,CJ20N,FM1602-02,,ERP,,,/,R,FM1602-02,项目主进度计划,项目管理部,PLM,OK,集成制造/集成制造业务域一图三表汇总清单0929.xlsx,,
14,集成制造,14.1,生产计划管理,14.1.3,项目临时需求计划策划,,,信息流图---项目临时需求计划策划,BOM,否,,,,,,,,,,PDM/ERP,R,0,0,项目管理部,快表,OK,集成制造/集成制造业务域一图三表汇总清单0929.xlsx,,
14,集成制造,14.1,生产计划管理,14.1.3,项目临时需求计划策划,,,信息流图---项目临时需求计划策划,项目临时需求计划,是,项目临时计划（MM-MB23),,MM,MB23,FM1602-03,,ERP,,,PDM/ERP,C/U,FM1602-03,临时计划需求计划,项目管理部,CAPP,OK,集成制造/集成制造业务域一图三表汇总清单0929.xlsx,,
14,集成制造,14.1,生产计划管理,14.1.4,装配用物料需求计划策划,,,信息流图---装配用物料需求计划策划,项目主进度计划,否,,,,,,,,,,PDM/ERP,C/U,0,0,项目管理部,纸质,OK,集成制造/集成制造业务域一图三表汇总清单0929.xlsx,,
14,集成制造,14.1,生产计划管理,14.1.4,装配用物料需求计划策划,,,信息流图---装配用物料需求计划策划,BOM,否,,,,,,,,,,PDM/ERP,C/U,0,0,项目管理部,线下EXCEL,OK,集成制造/集成制造业务域一图三表汇总清单0929.xlsx,,
14,集成制造,14.1,生产计划管理,14.1.4,装配用物料需求计划策划,,,信息流图---装配用物料需求计划策划,主阶段计划I层,否,,,,,,,,,,PDM/ERP,C/U,0,0,项目管理部,线下WORD,OK,集成制造/集成制造业务域一图三表汇总清单0929.xlsx,,
14,集成制造,14.1,生产计划管理,14.1.4,装配用物料需求计划策划,,,信息流图---装配用物料需求计划策划,装配用物料需求计划,是,装配用物料需求计划,1,PS,,FM1602-04,,ERP,,,ERP,U,FM1602-04,装配用物料需求计划,项目管理部,外部系统,OK,集成制造/集成制造业务域一图三表汇总清单0929.xlsx,,
14,集成制造,14.1,生产计划管理,14.1.4,装配用物料需求计划策划,,,信息流图---装配用物料需求计划策划,装配用物料需求计划更改单,是,装配用物料需求计划更改单,1,PS,,无,FM1602-05,ERP,,,PDM/ERP,C/U,0,0,项目管理部,,OK,集成制造/集成制造业务域一图三表汇总清单0929.xlsx,,
14,集成制造,14.1,生产计划管理,14.1.4,装配用物料需求计划策划,,,信息流图---装配用物料需求计划策划,物料计划日志,否,,,,,,,,,,PDM/ERP,C/U,0,0,项目管理部,,OK,集成制造/集成制造业务域一图三表汇总清单0929.xlsx,,
14,集成制造,14.1,生产计划管理,14.1.5,零件生产计划策划,,,信息流图-集成制造业务域-生产计划管理-14.1.5零件生产计划策划,临时需求表,否,,,,,,,,,,PDM/ERP,C/U,0,0,生产运营部,,OK,集成制造/集成制造业务域一图三表汇总清单0929.xlsx,,
14,集成制造,14.1,生产计划管理,14.1.5,零件生产计划策划,,,信息流图-集成制造业务域-生产计划管理-14.1.5零件生产计划策划,装配用物料需求计划,否,,,,,,,,,,PDM/ERP,C/U,0,0,生产运营部,,OK,集成制造/集成制造业务域一图三表汇总清单0929.xlsx,,
14,集成制造,14.1,生产计划管理,14.1.5,零件生产计划策划,,,信息流图-集成制造业务域-生产计划管理-14.1.5零件生产计划策划,临时备件需求,否,,,,,,,,,,PDM/ERP,C/U,0,0,生产运营部,,OK,集成制造/集成制造业务域一图三表汇总清单0929.xlsx,,
14,集成制造,14.1,生产计划管理,14.1.5,零件生产计划策划,,,信息流图-集成制造业务域-生产计划管理-14.1.5零件生产计划策划,采购订单（在途）,否,,,,,,,,,,PDM/ERP,C/U,0,0,生产运营部,,OK,集成制造/集成制造业务域一图三表汇总清单0929.xlsx,,
14,集成制造,14.1,生产计划管理,14.1.5,零件生产计划策划,,,信息流图-集成制造业务域-生产计划管理-14.1.5零件生产计划策划,MBOM,否,,,,,,,,,,CPM/线下,R,0,0,生产运营部,,OK,集成制造/集成制造业务域一图三表汇总清单0929.xlsx,,
14,集成制造,14.1,生产计划管理,14.1.5,零件生产计划策划,,,信息流图-集成制造业务域-生产计划管理-14.1.5零件生产计划策划,自购料原材料清单,否,,,,,,,,,,PDM,R,0,0,生产运营部,,OK,集成制造/集成制造业务域一图三表汇总清单0929.xlsx,,
14,集成制造,14.1,生产计划管理,14.1.5,零件生产计划策划,,,信息流图-集成制造业务域-生产计划管理-14.1.5零件生产计划策划,零件配送策略,否,,,,,,,,,,CPM,R,0,0,生产运营部,,OK,集成制造/集成制造业务域一图三表汇总清单0929.xlsx,,
14,集成制造,14.1,生产计划管理,14.1.5,零件生产计划策划,,,信息流图-集成制造业务域-生产计划管理-14.1.5零件生产计划策划,下料策略,否,,,,,,,,,,线下,R,0,0,生产运营部,,OK,集成制造/集成制造业务域一图三表汇总清单0929.xlsx,,
14,集成制造,14.1,生产计划管理,14.1.5,零件生产计划策划,,,信息流图-集成制造业务域-生产计划管理-14.1.5零件生产计划策划,零件投产策略清单,是,投产策略,,,,FM1402-18,,WMS,,,OA,R,FM1402-21,零件生产策略清单,生产运营部,,OK,集成制造/集成制造业务域一图三表汇总清单0929.xlsx,,
14,集成制造,14.1,生产计划管理,14.1.5,零件生产计划策划,,,信息流图-集成制造业务域-生产计划管理-14.1.5零件生产计划策划,零件生产策略清单,是,生产策略,,,,FM1402-21,,WMS,,,线下,R,FM1402-18,零件投产策略清单,生产运营部,,OK,集成制造/集成制造业务域一图三表汇总清单0929.xlsx,,
14,集成制造,14.1,生产计划管理,14.1.5,零件生产计划策划,,,信息流图-集成制造业务域-生产计划管理-14.1.5零件生产计划策划,零件生产计划,是,零件生产计划,1,,,FM1402-25,,WMS,,,PDM,C/U,FM1402-25,零件生产计划,生产运营部,线上线下输出名称，如果在系统中，应该给出系统中的线上末级菜单名称,OK,集成制造/集成制造业务域一图三表汇总清单0929.xlsx,,
14,集成制造,14.1,生产计划管理,14.1.6,零件用物料需求计划策划,,,信息流图-集成制造业务域-生产计划管理-14.1.6零件用物料需求计划策划,零件投产策略清单,否,,,,,,,,,,PDM,C/U,0,0,生产运营部,线上线下输出名称，如果在系统中，应该给出系统中的线上末级菜单名称,OK,集成制造/集成制造业务域一图三表汇总清单0929.xlsx,,
14,集成制造,14.1,生产计划管理,14.1.6,零件用物料需求计划策划,,,信息流图-集成制造业务域-生产计划管理-14.1.6零件用物料需求计划策划,零件生产计划线下,否,,,,,,,,,,线下,R,0,0,生产运营部,,OK,集成制造/集成制造业务域一图三表汇总清单0929.xlsx,,
14,集成制造,14.1,生产计划管理,14.1.6,零件用物料需求计划策划,,,信息流图-集成制造业务域-生产计划管理-14.1.6零件用物料需求计划策划,零件用物料需求计划,是,零件用物料需求计划,1,物料需求计划,,FM1402-22,,OA,,,OA,R,FM1402-22,零件用物料需求计划,生产运营部,,OK,集成制造/集成制造业务域一图三表汇总清单0929.xlsx,,
14,集成制造,14.1,生产计划管理,14.1.7,工序外协计划策划,,,信息流图--工序外协计划策划,主进度计划,否,,,,,,,,,,PDM,R,0,0,项目管理部,,OK,集成制造/集成制造业务域一图三表汇总清单0929.xlsx,,
14,集成制造,14.1,生产计划管理,14.1.7,工序外协计划策划,,,信息流图--工序外协计划策划,主阶段计划,否,,,,,,,,,,PDM,C/U,0,0,项目管理部,线上线下输出名称，如果在系统中，应该给出系统中的线上末级菜单名称,OK,集成制造/集成制造业务域一图三表汇总清单0929.xlsx,,
14,集成制造,14.1,生产计划管理,14.1.7,工序外协计划策划,,,信息流图--工序外协计划策划,项目临时需求计划,否,,,,,,,,,,PDM,C/U,0,0,项目管理部,线上线下输出名称，如果在系统中，应该给出系统中的线上末级菜单名称,OK,集成制造/集成制造业务域一图三表汇总清单0929.xlsx,,
14,集成制造,14.1,生产计划管理,14.1.7,工序外协计划策划,,,信息流图--工序外协计划策划,工序外协需求评审报告,是,工序外协需求评审报告,1,,,无,GXWX01（待定）,OA,,,CPM,R,GXWX01（待定）,工序外协需求评审报告,项目管理部,,OK,集成制造/集成制造业务域一图三表汇总清单0929.xlsx,,
14,集成制造,14.2,仓储物流管理,14.2.1,物流配置策划,,,信息流图-集成制造业务域-仓储物流管理-14.2.1物流配置策划,MBOM,否,,,,,,,,,,CPM,R,0,0,生产运营部,,OK,集成制造/集成制造业务域一图三表汇总清单0929.xlsx,,
14,集成制造,14.2,仓储物流管理,14.2.1,物流配置策划,,,信息流图-集成制造业务域-仓储物流管理-14.2.1物流配置策划,下料策略,是,下料策略,1,,,FM-WLCH-SCYY002,,WMS,,,/,R,FM-WLCH-SCYY002,下料策略,生产运营部,,OK,集成制造/集成制造业务域一图三表汇总清单0929.xlsx,,
14,集成制造,14.2,仓储物流管理,14.2.1,物流配置策划,,,信息流图-集成制造业务域-仓储物流管理-14.2.1物流配置策划,XX项目金属物料配送需求计划,是,XX项目金属物料配送需求计划,1,,,FM1305-31,,快表,,,/,R,FM1305-31/FM1305-32/FM1305-33,XX项目非金属物料配送需求计划/XX项目金属物料配送需求计划/XX项目组件用子件、成品件及标准件配送需求计划,生产运营部,,OK,集成制造/集成制造业务域一图三表汇总清单0929.xlsx,,
14,集成制造,14.2,仓储物流管理,14.2.1,物流配置策划,,,信息流图-集成制造业务域-仓储物流管理-14.2.1物流配置策划,XX项目组件用子件、成品件及标准件配送需求计划,是,XX项目组件用子件、成品件及标准件配送需求计划,1,,,FM1305-32,,快表,,,线下,C/U,FM1305-31/FM1305-32/FM1305-33,XX项目非金属物料配送需求计划/XX项目金属物料配送需求计划/XX项目组件用子件、成品件及标准件配送需求计划,生产运营部,,OK,集成制造/集成制造业务域一图三表汇总清单0929.xlsx,,
14,集成制造,14.2,仓储物流管理,14.2.1,物流配置策划,,,信息流图-集成制造业务域-仓储物流管理-14.2.1物流配置策划,XX项目非金属物料配送需求计划,是,XX项目非金属物料配送需求计划,1,,,FM1305-33,,快表,,,OA,C/U,FM1305-31/FM1305-32/FM1305-33,XX项目非金属物料配送需求计划/XX项目金属物料配送需求计划/XX项目组件用子件、成品件及标准件配送需求计划,生产运营部,线上线下输出名称，如果在系统中，应该给出系统中的线上末级菜单名称,OK,集成制造/集成制造业务域一图三表汇总清单0929.xlsx,,
14,集成制造,14.2,仓储物流管理,14.2.1,物流配置策划,,,信息流图-集成制造业务域-仓储物流管理-14.2.1物流配置策划,ERP系统发料预留申请表,是,ERP系统发料预留申请表（MM-MB21）,,MM,MB21,FM1305-30,,OA,,,OA,R,FM1305-30,ERP系统发料预留申请表,生产运营部,,OK,集成制造/集成制造业务域一图三表汇总清单0929.xlsx,,
14,集成制造,14.2,仓储物流管理,14.2.1,物流配置策划,,,信息流图-集成制造业务域-仓储物流管理-14.2.1物流配置策划,零件采购订单建议,否,,,,,,,,,,OA,C,0,0,生产运营部,,OK,集成制造/集成制造业务域一图三表汇总清单0929.xlsx,,
14,集成制造,14.2,仓储物流管理,14.2.1,物流配置策划,,,信息流图-集成制造业务域-仓储物流管理-14.2.1物流配置策划,验收及配送策略,是,验收及配送策略,1,,,FM-WLCH-SCYY001,,WMS,,,OA,R,FM-WLCH-SCYY001,验收及配送策略,生产运营部,,OK,集成制造/集成制造业务域一图三表汇总清单0929.xlsx,,
14,集成制造,14.2,仓储物流管理,14.2.2,物流配置执行,,,信息流图-集成制造业务域-仓储物流管理-14.2.2物流配置执行,物料配送需求计划,否,,,,,,,,,,CPM,R,0,0,生产运营部,,OK,集成制造/集成制造业务域一图三表汇总清单0929.xlsx,,
14,集成制造,14.2,仓储物流管理,14.2.2,物流配置执行,,,信息流图-集成制造业务域-仓储物流管理-14.2.2物流配置执行,器材紧急放行单,否,,,,,,,,,,ERP,R,0,0,生产运营部,,OK,集成制造/集成制造业务域一图三表汇总清单0929.xlsx,,
14,集成制造,14.2,仓储物流管理,14.2.2,物流配置执行,,,信息流图-集成制造业务域-仓储物流管理-14.2.2物流配置执行,民机器材发料清单（代合格证）,是,民机器材发料清单（代合格证）,1,,,FM1305-07,,纸质,,,ERP,C/U,FM1305-07,民机器材发料清单（代合格证）,生产运营部,,OK,集成制造/集成制造业务域一图三表汇总清单0929.xlsx,,
14,集成制造,14.2,仓储物流管理,14.2.2,物流配置执行,,,信息流图-集成制造业务域-仓储物流管理-14.2.2物流配置执行,保管期控制挂签,否,,,,,,,,,,ERP,U,0,0,生产运营部,,OK,集成制造/集成制造业务域一图三表汇总清单0929.xlsx,,
14,集成制造,14.2,仓储物流管理,14.2.2,物流配置执行,,,信息流图-集成制造业务域-仓储物流管理-14.2.2物流配置执行,紧急放行粘签,否,,,,,,,,,,ERP,U,0,0,生产运营部,对比业务表名称（信息流图）和线上线下输出物名称描述不全，不一致，完全拉齐,OK,集成制造/集成制造业务域一图三表汇总清单0929.xlsx,,
14,集成制造,14.2,仓储物流管理,14.2.2,物流配置执行,,,信息流图-集成制造业务域-仓储物流管理-14.2.2物流配置执行,器材挂签,否,,,,,,,,,,OA/ERP,C,0,0,生产运营部,,OK,集成制造/集成制造业务域一图三表汇总清单0929.xlsx,,
14,集成制造,14.2,仓储物流管理,14.2.2,物流配置执行,,,信息流图-集成制造业务域-仓储物流管理-14.2.2物流配置执行,入出库明细,否,,,,,,,,,,ERP,R,0,0,生产运营部,,OK,集成制造/集成制造业务域一图三表汇总清单0929.xlsx,,
14,集成制造,14.3,装配生产过程管理,14.3.2,装配生产派工及执行,,,信息流图--装配生产派工及执行,主进度计划,否,,,,,,,,,,ERP,C,FM1602-02,主进度计划,项目管理部,,OK,集成制造/集成制造业务域一图三表汇总清单0929.xlsx,,
14,集成制造,14.3,装配生产过程管理,14.3.2,装配生产派工及执行,,,信息流图--装配生产派工及执行,项目临时计划表,否,,,,,,,,,,ERP,C,FM1602-03,项目临时计划,项目管理部,线上线下输出名称，如果在系统中，应该给出系统中的线上末级菜单名称,OK,集成制造/集成制造业务域一图三表汇总清单0929.xlsx,,
14,集成制造,14.3,装配生产过程管理,14.3.2,装配生产派工及执行,,,信息流图--装配生产派工及执行,主阶段计划,否,,,,,,,,,,ERP,C,FM1602-01,主阶段计划,项目管理部,,OK,集成制造/集成制造业务域一图三表汇总清单0929.xlsx,,
14,集成制造,14.3,装配生产过程管理,14.3.2,装配生产派工及执行,,,信息流图--装配生产派工及执行,装配生产订单下达,是,装配生产订单下达（PP-CO05N),,PP,CO05N,,,ERP,,,KB/CPM,U,COOIS,装配生产订单下达,项目管理部,,OK,集成制造/集成制造业务域一图三表汇总清单0929.xlsx,,
14,集成制造,14.3,装配生产过程管理,14.3.2,装配生产派工及执行,,,信息流图--装配生产派工及执行,装配计划订单,是,装配计划订单(PP-CO41),,PP,CO41,,,ERP,,,OA/ERP,R,装配计划订单,装配计划订单,项目管理部,输出业务项：否的，标红色的字不需要填写,OK,集成制造/集成制造业务域一图三表汇总清单0929.xlsx,,
14,集成制造,14.3,装配生产过程管理,14.3.2,装配生产派工及执行,,,信息流图--装配生产派工及执行,装配生产派工计划,是,工序计划派工,,,,,,MES,,,OA/ERP,R,装配生产派工计划,装配生产派工计划,项目管理部,输出业务项：否的，标红色的字不需要填写,OK,集成制造/集成制造业务域一图三表汇总清单0929.xlsx,,
14,集成制造,14.3,装配生产过程管理,14.3.2,装配生产派工及执行,14.3.2.1,器材紧急放行,信息流图-集成制造业务域-仓储物流管理-14.2.2.1器材紧急放行,物料配送需求计划,否,,,,,,,,,,ERP/OA,R,0,0,生产运营部,输出业务项：否的，标红色的字不需要填写,OK,集成制造/集成制造业务域一图三表汇总清单0929.xlsx,,
14,集成制造,14.2,仓储物流管理,14.2.2,物流配置执行,14.2.2.1,器材紧急放行,信息流图-集成制造业务域-仓储物流管理-14.2.2.1器材紧急放行,器材紧急放行单,是,器材验收保留单,,,,FM1404-75,,OA,,,ERP/CPM,C/U,FM1404-75,器材紧急放行单,生产运营部,输出业务项：否的，标红色的字不需要填写,OK,集成制造/集成制造业务域一图三表汇总清单0929.xlsx,,
14,集成制造,14.3,装配生产过程管理,14.3.2,装配生产派工及执行,14.3.2.1,器材紧急放行,信息流图-集成制造业务域-仓储物流管理-14.2.2.1器材紧急放行,民机器材发料清单（代合格证）,否,,,,,,,,,,ERP,C/U,0,0,生产运营部,输出业务项：否的，标红色的字不需要填写,OK,集成制造/集成制造业务域一图三表汇总清单0929.xlsx,,
14,集成制造,14.3,装配生产过程管理,14.3.2,装配生产派工及执行,14.3.2.1,器材紧急放行,信息流图-集成制造业务域-仓储物流管理-14.2.2.1器材紧急放行,紧急放行粘签,否,,,,,,,,,,CPM,C/U,0,0,生产运营部,输出业务项：否的，标红色的字不需要填写,OK,集成制造/集成制造业务域一图三表汇总清单0929.xlsx,,
14,集成制造,14.3,装配生产过程管理,14.3.2,装配生产派工及执行,14.3.2.1,器材紧急放行,信息流图-集成制造业务域-仓储物流管理-14.2.2.1器材紧急放行,库存管理表,否,,,,,,,,,,线下,C,0,0,生产运营部,,OK,集成制造/集成制造业务域一图三表汇总清单0929.xlsx,,
14,集成制造,14.3,装配生产过程管理,14.3.2,装配生产派工及执行,14.3.2.1,器材紧急放行,信息流图-集成制造业务域-仓储物流管理-14.2.2.1器材紧急放行,制造记录,否,,,,,,,,,,线下,C,0,0,生产运营部,,OK,集成制造/集成制造业务域一图三表汇总清单0929.xlsx,,
14,集成制造,14.3,装配生产派工及维护,14.3.2,装配生产派工及执行,14.3.2.1,产品紧急放行,信息流图-集成制造业务域-制造质量管理-14.3.2.1产品紧急放行,紧急放行粘签,是,紧急放行粘签,1,,,FM1404-78,无,纸质,,,OA/ERP,C,FM1404-78,紧急放行粘签,质量安全部,,OK,集成制造/集成制造业务域一图三表汇总清单0929.xlsx,,
14,集成制造,14.3,装配生产派工及维护,14.3.2,装配生产派工及执行,14.3.2.1,产品紧急放行,信息流图-集成制造业务域-制造质量管理-14.3.2.1产品紧急放行,产品紧急放行单,是,产品紧急放行单,1,,,FM1404-76,无,MES,,,OA/ERP,C,FM1404-76,产品紧急放行单,质量安全部,,OK,集成制造/集成制造业务域一图三表汇总清单0929.xlsx,,
14,集成制造,14.3,装配生产派工及维护,14.3.2,装配生产派工及执行,14.3.2.1,产品紧急放行,信息流图-集成制造业务域-制造质量管理-14.3.2.1产品紧急放行,器材紧急放行单,否,,0,,,,,,,,ERP,C,0,0,质量安全部,,OK,集成制造/集成制造业务域一图三表汇总清单0929.xlsx,,
14,集成制造,14.3,装配生产过程管理,14.3.4,产品交付管理,,,信息流图--产品交付管理,项目产品包装及运输要求信息表,是,项目产品包装及运输要求信息表,1,,,FM1409-02,,线下EXCEL,,,OA,C/U,FM1409-02,项目产品包装及运输要求信息表,项目管理部,表单号缺失，应新增；线上线下输出名称，如果在系统中，应该给出系统中的线上末级菜单名称,新程序，表单号未定,集成制造/集成制造业务域一图三表汇总清单0929.xlsx,,
14,集成制造,14.3,装配生产过程管理,14.3.4,产品交付管理,,,信息流图--产品交付管理,产品发运通知,是,产品发运通知单,,,,FM1409-01,,线下EXCEL,,,线下,C,FM1409-01,产品发运通知单,项目管理部,,OK,集成制造/集成制造业务域一图三表汇总清单0929.xlsx,,
14,集成制造,14.4,制造工艺策划管理,,,,,14.4工艺策划,架次流程图,否,,0,,,,,,,,线下,C,0,0,科技创新部,,OK,集成制造/集成制造业务域一图三表汇总清单0929.xlsx,,
14,集成制造,14.4,制造工艺策划管理,,,,,14.4工艺策划,主阶段计划,否,,0,,,,,,,,线下,C,0,0,科技创新部,,OK,集成制造/集成制造业务域一图三表汇总清单0929.xlsx,,
14,集成制造,14.4,制造工艺策划管理,,,,,14.4工艺策划,项目启动文件,否,,0,,,,,,,,线下,C,0,0,科技创新部,,OK,集成制造/集成制造业务域一图三表汇总清单0929.xlsx,,
14,集成制造,14.4,制造工艺策划管理,,,,,14.4工艺策划,工程图样,否,,0,,,,,,,,线下,C,0,0,科技创新部,,OK,集成制造/集成制造业务域一图三表汇总清单0929.xlsx,,
14,集成制造,14.4,制造工艺策划管理,,,,,14.4工艺策划,产能评估报告,否,,0,,,,,,,,线下,C,0,0,科技创新部,,OK,集成制造/集成制造业务域一图三表汇总清单0929.xlsx,,
14,集成制造,14.4,制造工艺策划管理,,,,,14.4工艺策划,1级工艺网络计划,否,,0,,,,,,,,OA,U,0,0,科技创新部,线上线下输出名称，如果在系统中，应该给出系统中的线上末级菜单名称,OK,集成制造/集成制造业务域一图三表汇总清单0929.xlsx,,
14,集成制造,14.4,制造工艺策划管理,,,,,14.4工艺策划,2级工艺网络计划,否,,0,,,,,,,,线下,U,0,0,科技创新部,,OK,集成制造/集成制造业务域一图三表汇总清单0929.xlsx,,
14,集成制造,14.4,制造工艺策划管理,,,,,14.4工艺策划,产品制造的风险管理,否,,0,,,,,,,,线下,U,0,0,科技创新部,,OK,集成制造/集成制造业务域一图三表汇总清单0929.xlsx,,
14,集成制造,14.4,制造工艺策划管理,,,,,14.4工艺策划,制造总方案,否,,0,,,,,,,,线下,U,0,0,科技创新部,,OK,集成制造/集成制造业务域一图三表汇总清单0929.xlsx,,
14,集成制造,14.4,制造工艺策划管理,,,,,14.4工艺策划,装配协调方案,否,,0,,,,,,,,线下,C,0,0,科技创新部,,OK,集成制造/集成制造业务域一图三表汇总清单0929.xlsx,,
14,集成制造,14.4,制造工艺策划管理,,,,,14.4工艺策划,PFMEA的使用,否,,0,,,,,,,,线下,C,0,0,科技创新部,,OK,集成制造/集成制造业务域一图三表汇总清单0929.xlsx,,
14,集成制造,14.4,制造工艺策划管理,,,,,14.4工艺策划,零件制造方案,否,,0,,,,,,,,线下,C,0,0,科技创新部,,OK,集成制造/集成制造业务域一图三表汇总清单0929.xlsx,,
14,集成制造,14.4,制造工艺策划管理,,,,,14.4工艺策划,生产线规划方案,否,,0,,,,,,,,线下,C,0,0,科技创新部,,OK,集成制造/集成制造业务域一图三表汇总清单0929.xlsx,,
14,集成制造,14.4,制造工艺策划管理,,,,,14.4工艺策划,BOM管理策划,否,,0,,,,,,,,线下,C,0,0,科技创新部,,OK,集成制造/集成制造业务域一图三表汇总清单0929.xlsx,,
14,集成制造,14.4,制造工艺策划管理,,,,,14.4工艺策划,容差分配方案,否,,0,,,,,,,,线下,C,0,0,科技创新部,,OK,集成制造/集成制造业务域一图三表汇总清单0929.xlsx,,
14,集成制造,14.4,制造工艺策划管理,,,,,14.4工艺策划,互换和替换检查管理,否,,0,,,,,,,,OA,U,0,0,科技创新部,线上线下输出名称，如果在系统中，应该给出系统中的线上末级菜单名称,OK,集成制造/集成制造业务域一图三表汇总清单0929.xlsx,,
14,集成制造,14.4,制造工艺策划管理,,,,,14.4工艺策划,装配系统图,否,,0,,,,,,,,OA,C,0,0,科技创新部,,OK,集成制造/集成制造业务域一图三表汇总清单0929.xlsx,,
14,集成制造,14.4,制造工艺策划管理,,,,,14.4工艺策划,包装运输技术策划,否,,0,,,,,,,,线下,U,0,0,科技创新部,,OK,集成制造/集成制造业务域一图三表汇总清单0929.xlsx,,
14,集成制造,14.4,制造工艺策划管理,,,,,14.4工艺策划,指令性交接状态表,否,,0,,,,,,,,线下,U,0,0,科技创新部,,OK,集成制造/集成制造业务域一图三表汇总清单0929.xlsx,,
14,集成制造,14.4,制造工艺策划管理,,,,,14.4工艺策划,项目合同,否,,0,,,,,,,,线下,U,0,0,科技创新部,,OK,集成制造/集成制造业务域一图三表汇总清单0929.xlsx,,
14,集成制造,14.4,制造工艺策划管理,,,,,14.4工艺策划,分工指令,否,,0,,,,,,,,线下,U,0,0,科技创新部,,OK,集成制造/集成制造业务域一图三表汇总清单0929.xlsx,,
14,集成制造,14.4,制造工艺策划管理,,,,,14.4工艺策划,技术文件,否,,0,,,,,,,,线下,U,0,0,科技创新部,,OK,集成制造/集成制造业务域一图三表汇总清单0929.xlsx,,
14,集成制造,14.4,制造工艺策划管理,14.4.1,工艺网络计划制定,,,信息流图-集成制造业务域-制造工艺策划-14.4.1工艺网络计划制定,主阶段计划,否,,0,,,,,,,,线下,U,0,0,科技创新部,,OK,集成制造/集成制造业务域一图三表汇总清单0929.xlsx,,
14,集成制造,14.4,制造工艺策划管理,14.4.1,工艺网络计划制定,,,信息流图-集成制造业务域-制造工艺策划-14.4.1工艺网络计划制定,工艺网络计划,否,,0,,,,,,,,线下,U,0,0,科技创新部,,OK,集成制造/集成制造业务域一图三表汇总清单0929.xlsx,,
14,集成制造,14.4,制造工艺策划管理,14.4.1,工艺网络计划制定,,,信息流图-集成制造业务域-制造工艺策划-14.4.1工艺网络计划制定,1级工艺网络计划,是,自编技术文件,0,,,,,CPM,,,线下,U,0,0,科技创新部,,OK,集成制造/集成制造业务域一图三表汇总清单0929.xlsx,,
14,集成制造,14.4,制造工艺策划管理,14.4.1,工艺网络计划制定,,,信息流图-集成制造业务域-制造工艺策划-14.4.1工艺网络计划制定,2级工艺网络计划,是,自编技术文件,0,,,,,CPM,,,线下,U,0,0,科技创新部,,OK,集成制造/集成制造业务域一图三表汇总清单0929.xlsx,,
14,集成制造,14.4,制造工艺策划管理,14.4.2,制造总方案制定,,,信息流图-集成制造业务域-制造工艺策划-14.4.2制造总方案的编制,产能评估报告,否,,0,,,,,,,,OA/ERP,R,0,0,科技创新部,,OK,集成制造/集成制造业务域一图三表汇总清单0929.xlsx,,
14,集成制造,14.4,制造工艺策划管理,14.4.2,制造总方案制定,,,信息流图-集成制造业务域-制造工艺策划-14.4.2制造总方案的编制,制造总方案,是,自编技术文件,0,,,无,,CPM,,,ERP,R,0,0,科技创新部,,OK,集成制造/集成制造业务域一图三表汇总清单0929.xlsx,,
14,集成制造,14.4,制造工艺策划管理,14.4.2,制造总方案制定,,,信息流图-集成制造业务域-制造工艺策划-14.4.2制造总方案的编制,项目合同,否,,0,,,,,,,,ERP,R,0,0,科技创新部,,OK,集成制造/集成制造业务域一图三表汇总清单0929.xlsx,,
14,集成制造,14.4,制造工艺策划管理,14.4.4,互换和替换检查控制,,,信息流图-集成制造业务域-制造工艺策划-14.4.4互换和替换检查控制,装配协调方案,否,,0,,,,,,,,供应链,R,0,0,科技创新部,,OK,集成制造/集成制造业务域一图三表汇总清单0929.xlsx,,
14,集成制造,14.4,制造工艺策划管理,14.4.4,互换和替换检查控制,,,信息流图-集成制造业务域-制造工艺策划-14.4.4互换和替换检查控制,互换替换检查技术条件,是,自编技术文件,0,,,,,CPM,,,ERP,R,0,0,科技创新部,,OK,集成制造/集成制造业务域一图三表汇总清单0929.xlsx,,
14,集成制造,14.4,制造工艺策划管理,14.4.4,互换和替换检查控制,,,信息流图-集成制造业务域-制造工艺策划-14.4.4互换和替换检查控制,互换替换检查计划,是,自编技术文件,0,,,,,CPM,,,线下,R,0,0,科技创新部,,OK,集成制造/集成制造业务域一图三表汇总清单0929.xlsx,,
14,集成制造,14.4,制造工艺策划管理,14.4.4,互换和替换检查控制,,,信息流图-集成制造业务域-制造工艺策划-14.4.4互换和替换检查控制,互换性检查记录表,是,自编技术文件,0,,,FM1207-22,,线下WORD,,,WMS,R,FM1207-22,产品互换特性检查记录,科技创新部,,OK,集成制造/集成制造业务域一图三表汇总清单0929.xlsx,,
14,集成制造,14.4,制造工艺策划管理,14.4.4,互换和替换检查控制,,,信息流图-集成制造业务域-制造工艺策划-14.4.4互换和替换检查控制,互换替换项目目录,是,自编技术文件,0,,,,,CPM,,,WMS/OA,R,0,0,科技创新部,,OK,集成制造/集成制造业务域一图三表汇总清单0929.xlsx,,
14,集成制造,14.4,制造工艺策划管理,14.4.8,包装运输技术策划,,,信息流图-集成制造业务域-制造工艺策划-14.4.8包装运输技术策划,包装运输技术方案,是,自编技术文件,0,,,,,线下WORD,,,WMS,C,0,0,科技创新部,,OK,集成制造/集成制造业务域一图三表汇总清单0929.xlsx,,
14,集成制造,14.5,制造工艺设计管理,14.5.10,ERP物料主数据维护,,,14.5.10ERP物料主数据维护,物料主数据信息导入表-基本与分类视图,是,物料主数据信息)导入表-基本与分类视图(MM03),,MM,MM03,FM1206-39,,ERP,,,WMS,C,FM1206-39,物料主数据信息导入表-基本与分类视图,数字工程部,,OK,集成制造/集成制造业务域一图三表汇总清单0929.xlsx,,
14,集成制造,14.5,制造工艺设计管理,14.5.10,ERP物料主数据维护,,,14.5.10ERP物料主数据维护,物料主数据导入表-采购视图,是,物料主数据导入表-采购视图(MM03),,MM,MM03,FM1206-39.1,,ERP,,,WMS/线下,C,FM1206-39.1,物料主数据导入表-采购视图,数字工程部,线上线下输出名称，如果在系统中，应该给出系统中的线上末级菜单名称,OK,集成制造/集成制造业务域一图三表汇总清单0929.xlsx,,
14,集成制造,14.5,制造工艺设计管理,14.5.10,ERP物料主数据维护,,,14.5.10ERP物料主数据维护,物料主数据导入表-工厂存储视图,是,物料主数据导入表-工厂存储视图(MM03),,MM,MM03,FM1206-39.2,,ERP,,,WMS,R,FM1206-39.2,物料主数据导入表-工厂存储视图,数字工程部,,OK,集成制造/集成制造业务域一图三表汇总清单0929.xlsx,,
14,集成制造,14.5,制造工艺设计管理,14.5.10,ERP物料主数据维护,,,14.5.10ERP物料主数据维护,物料主数据导入表-MRP与工作计划视图,是,物料主数据导入表-MRP与工作计划视图(MM03),,MM,MM03,FM1206-39.3,,ERP,,,WMS/线下,R,FM1206-39.3,物料主数据导入表-MRP与工作计划视图,数字工程部,,OK,集成制造/集成制造业务域一图三表汇总清单0929.xlsx,,
14,集成制造,14.5,制造工艺设计管理,14.5.10,ERP物料主数据维护,,,14.5.10ERP物料主数据维护,物料主数据导入表-销售视图,是,物料主数据导入表-销售视图(MM03),,MM,MM03,FM1206-39.4,,ERP,,,WMS/OA,C,FM1206-39.4,物料主数据导入表-销售视图,数字工程部,线上线下输出名称，如果在系统中，应该给出系统中的线上末级菜单名称,OK,集成制造/集成制造业务域一图三表汇总清单0929.xlsx,,
14,集成制造,14.5,制造工艺设计管理,14.5.10,ERP物料主数据维护,,,14.5.10ERP物料主数据维护,物料主数据导入表-会计与成本视图,是,物料主数据导入表-会计与成本视图(MM03),,MM,MM03,FM1206-39.5,,ERP,,,ERP,R,FM1206-39.5,物料主数据导入表-会计与成本视图,数字工程部,,OK,集成制造/集成制造业务域一图三表汇总清单0929.xlsx,,
14,集成制造,14.5,制造工艺设计管理,14.5.11,工时定额管理,,,信息流图-集成制造业务域-制造工艺设计-14.5.11工时定额管理20250918,图纸、数模等,否,,,,,,,,,,WMS,C/U,0,0,数字工程部,线上线下输出名称，如果在系统中，应该给出系统中的线上末级菜单名称,OK,集成制造/集成制造业务域一图三表汇总清单0929.xlsx,,
14,集成制造,14.5,制造工艺设计管理,14.5.11,工时定额管理,,,信息流图-集成制造业务域-制造工艺设计-14.5.11工时定额管理20250918,工序目录,否,,,,,,,,,,KB/WMS,C/U,0,0,数字工程部,,OK,集成制造/集成制造业务域一图三表汇总清单0929.xlsx,,
14,集成制造,14.5,制造工艺设计管理,14.5.11,工时定额管理,,,信息流图-集成制造业务域-制造工艺设计-14.5.11工时定额管理20250918,工艺规范,否,,,,,,,,,,KB/WMS,C/U,0,0,数字工程部,,,集成制造/集成制造业务域一图三表汇总清单0929.xlsx,,
14,集成制造,14.5,制造工艺设计管理,14.5.11,工时定额管理,,,信息流图-集成制造业务域-制造工艺设计-14.5.11工时定额管理20250918,MBOM基础表,否,,,,,,,,,,KB/WMS,C/U,0,0,数字工程部,,OK,集成制造/集成制造业务域一图三表汇总清单0929.xlsx,,
14,集成制造,14.5,制造工艺设计管理,14.5.11,工时定额管理,,,信息流图-集成制造业务域-制造工艺设计-14.5.11工时定额管理20250918,装配工时标准,否,,,,,,,,,,OA,C/U,0,0,数字工程部,,OK,集成制造/集成制造业务域一图三表汇总清单0929.xlsx,,
14,集成制造,14.5,制造工艺设计管理,14.5.11,工时定额管理,,,信息流图-集成制造业务域-制造工艺设计-14.5.11工时定额管理20250918,材料定额,否,,,,,,,,,,WMS,R,0,0,数字工程部,,OK,集成制造/集成制造业务域一图三表汇总清单0929.xlsx,,
14,集成制造,14.5,制造工艺设计管理,14.5.11,工时定额管理,,,信息流图-集成制造业务域-制造工艺设计-14.5.11工时定额管理20250918,装配标准工时定额表,是,装配标准工时定额表,1,,,FM1206-78,,PDM,,,WMS,C/U,FM1206-78,装配标准工时定额表,数字工程部,线上线下输出名称，如果在系统中，应该给出系统中的线上末级菜单名称,OK,集成制造/集成制造业务域一图三表汇总清单0929.xlsx,,
14,集成制造,14.5,制造工艺设计管理,14.5.11,工时定额管理,,,信息流图-集成制造业务域-制造工艺设计-14.5.11工时定额管理20250918,装配标准工时汇总表,是,装配标准工时汇总表,1,,,FM1206-77,,PDM,,,KB/WMS,R,FM1206-77,装配标准工时汇总表,数字工程部,,OK,集成制造/集成制造业务域一图三表汇总清单0929.xlsx,,
14,集成制造,14.5,制造工艺设计管理,14.5.11,工时定额管理,,,信息流图-集成制造业务域-制造工艺设计-14.5.11工时定额管理20250918,线束材料定额,否,,,,,,,,,,OA,R/U,0,0,数字工程部,,OK,集成制造/集成制造业务域一图三表汇总清单0929.xlsx,,
14,集成制造,14.5,制造工艺设计管理,14.5.11,工时定额管理,,,信息流图-集成制造业务域-制造工艺设计-14.5.11工时定额管理20250918,零件制造工时标准,否,,,,,,,,,,线下,U,0,0,数字工程部,,OK,集成制造/集成制造业务域一图三表汇总清单0929.xlsx,,
14,集成制造,14.5,制造工艺设计管理,14.5.11,工时定额管理,,,信息流图-集成制造业务域-制造工艺设计-14.5.11工时定额管理20250918,复材基础数据表复材工时定额,否,,,,,,,,,,线下,U,0,0,数字工程部,,OK,集成制造/集成制造业务域一图三表汇总清单0929.xlsx,,
14,集成制造,14.5,制造工艺设计管理,14.5.11,工时定额管理,,,信息流图-集成制造业务域-制造工艺设计-14.5.11工时定额管理20250918,钣金、机加、表面处理及装配基础数据表,是,钣金、机加、表面处理及装配基础数据表,1,,,FM1206-14,,PDM,,,线下,U,FM1206-14,钣金、机加、表面处理及装配基础数据表,数字工程部,,OK,集成制造/集成制造业务域一图三表汇总清单0929.xlsx,,
14,集成制造,14.5,制造工艺设计管理,14.5.11,工时定额管理,,,信息流图-集成制造业务域-制造工艺设计-14.5.11工时定额管理20250918,复材基础数据表,是,复材基础数据表,1,,,FM1206-15,,PDM,,,线下,U,FM1206-15,复材基础数据表,数字工程部,,OK,集成制造/集成制造业务域一图三表汇总清单0929.xlsx,,
14,集成制造,14.5,制造工艺设计管理,14.5.12,材料和外购件的代用,,,14.5.12材料和外购件的代用管理,图纸、数模等,否,,,,,,,,,,WMS,U,0,0,数字工程部,,OK,集成制造/集成制造业务域一图三表汇总清单0929.xlsx,,
14,集成制造,14.5,制造工艺设计管理,14.5.12,材料和外购件的代用,,,14.5.12材料和外购件的代用管理,工艺规范,否,,,,,,,,,,KB/WMS,R,0,0,数字工程部,,OK,集成制造/集成制造业务域一图三表汇总清单0929.xlsx,,
14,集成制造,14.5,制造工艺设计管理,14.5.12,材料和外购件的代用,,,14.5.12材料和外购件的代用管理,国外转包项目代料需求,否,,,,,,,,,,OA,C/U,0,0,数字工程部,,OK,集成制造/集成制造业务域一图三表汇总清单0929.xlsx,,
14,集成制造,14.5,制造工艺设计管理,14.5.12,材料和外购件的代用,,,14.5.12材料和外购件的代用管理,国内项目代料需求,否,,,,,,,,,,WMS,U,0,0,数字工程部,,OK,集成制造/集成制造业务域一图三表汇总清单0929.xlsx,,
14,集成制造,14.5,制造工艺设计管理,14.5.12,材料和外购件的代用,,,14.5.12材料和外购件的代用管理,代料单,是,代料单,1,,,FM1207-50,,纸质,,,线下,U,0,0,数字工程部,,OK,集成制造/集成制造业务域一图三表汇总清单0929.xlsx,,
14,集成制造,14.5,制造工艺设计管理,14.5.13,装配制造工艺文件管控,,,信息流图-集成制造业务域-制造工艺设计-14.5.13装配制造工艺文件管控,装配工艺规程模板,否,,0,,,,,,,,WMS,R,0,0,科技创新部,,OK,集成制造/集成制造业务域一图三表汇总清单0929.xlsx,,
14,集成制造,14.5,制造工艺设计管理,14.5.13,装配制造工艺文件管控,,,信息流图-集成制造业务域-制造工艺设计-14.5.13装配制造工艺文件管控,装配操作说明（首页）,是,AOI编制,0,,,FM1206-22,,MES,,,线下,U,FM1206-22,装配操作说明（首页）,科技创新部,,OK,集成制造/集成制造业务域一图三表汇总清单0929.xlsx,,
14,集成制造,14.5,制造工艺设计管理,14.5.13,装配制造工艺文件管控,,,信息流图-集成制造业务域-制造工艺设计-14.5.13装配制造工艺文件管控,装配操作说明索引,是,AOI编制,,,,FM1206-23,,MES,,,线下,C,FM1206-23,装配操作说明索引,科技创新部,,OK,集成制造/集成制造业务域一图三表汇总清单0929.xlsx,,
14,集成制造,14.5,制造工艺设计管理,14.5.13,装配制造工艺文件管控,,,信息流图-集成制造业务域-制造工艺设计-14.5.13装配制造工艺文件管控,装配操作说明临时性更改单（首页）,是,AOI编制,,,,FM1206-24,,MES,,,线下,C,FM1206-24,装配操作说明临时性更改单（首页）,科技创新部,,OK,集成制造/集成制造业务域一图三表汇总清单0929.xlsx,,
14,集成制造,14.5,制造工艺设计管理,14.5.13,装配制造工艺文件管控,,,信息流图-集成制造业务域-制造工艺设计-14.5.13装配制造工艺文件管控,装配操作说明通用临时性更改单（首页）,是,AOI编制,,,,FM1206-25,,MES,,,线下,C/U/R,FM1206-25,装配操作说明通用临时性更改单（首页）,科技创新部,,OK,集成制造/集成制造业务域一图三表汇总清单0929.xlsx,,
14,集成制造,14.5,制造工艺设计管理,14.5.13,装配制造工艺文件管控,,,信息流图-集成制造业务域-制造工艺设计-14.5.13装配制造工艺文件管控,装配操作说明通用指令性更改单（首页）,是,AOI编制,,,,FM1206-26,,MES,,,线下,R,FM1206-26,装配操作说明通用指令性更改单（首页）,科技创新部,,OK,集成制造/集成制造业务域一图三表汇总清单0929.xlsx,,
14,集成制造,14.5,制造工艺设计管理,14.5.13,装配制造工艺文件管控,,,信息流图-集成制造业务域-制造工艺设计-14.5.13装配制造工艺文件管控,装配操作说明指令性更改单（首页）,是,AOI编制,,,,FM1206-27,,MES,,,CPM,C/U,FM1206-27,装配操作说明指令性更改单（首页）,科技创新部,线上线下输出名称，如果在系统中，应该给出系统中的线上末级菜单名称,OK,集成制造/集成制造业务域一图三表汇总清单0929.xlsx,,
14,集成制造,14.5,制造工艺设计管理,14.5.13,装配制造工艺文件管控,,,信息流图-集成制造业务域-制造工艺设计-14.5.13装配制造工艺文件管控,装配工艺规程图纸临时更改记录表,是,AOI编制,,,,FM1206-79,,MES,,,线下,C/U,FM1206-79,装配工艺规程图纸临时更改记录表,科技创新部,,OK,集成制造/集成制造业务域一图三表汇总清单0929.xlsx,,
14,集成制造,14.5,制造工艺设计管理,14.5.13,装配制造工艺文件管控,,,信息流图-集成制造业务域-制造工艺设计-14.5.13装配制造工艺文件管控,产品装配控制记录（首页）,是,AOI编制,,,,FM1206-28,,MES,,,线下,C/U,FM1206-28,产品装配控制记录（首页）,科技创新部,,OK,集成制造/集成制造业务域一图三表汇总清单0929.xlsx,,
14,集成制造,14.5,制造工艺设计管理,14.5.13,装配制造工艺文件管控,,,信息流图-集成制造业务域-制造工艺设计-14.5.13装配制造工艺文件管控,产品装配控制记录临时更改单（首页）,是,AOI编制,,,,FM1206-29,,MES,,,线下,C/U,FM1206-29,产品装配控制记录临时更改单（首页）,科技创新部,,OK,集成制造/集成制造业务域一图三表汇总清单0929.xlsx,,
14,集成制造,14.5,制造工艺设计管理,14.5.13,装配制造工艺文件管控,,,信息流图-集成制造业务域-制造工艺设计-14.5.13装配制造工艺文件管控,产品装配控制记录索引,是,AOI编制,,,,FM1206-30,,MES,,,线下,C/U,FM1206-30,产品装配控制记录索引,科技创新部,,OK,集成制造/集成制造业务域一图三表汇总清单0929.xlsx,,
14,集成制造,14.5,制造工艺设计管理,14.5.13,装配制造工艺文件管控,,,信息流图-集成制造业务域-制造工艺设计-14.5.13装配制造工艺文件管控,产品装配控制记录总索引,是,AOI编制,,,,FM1206-31,,MES,,,线下,C/U,FM1206-31,产品装配控制记录总索引,科技创新部,,OK,集成制造/集成制造业务域一图三表汇总清单0929.xlsx,,
14,集成制造,14.5,制造工艺设计管理,14.5.13,装配制造工艺文件管控,,,信息流图-集成制造业务域-制造工艺设计-14.5.13装配制造工艺文件管控,MES系统先行装配大纲（首页）,是,AOI编制,,,,FM1206-32,,MES,,,线下,C/U,FM1206-32,MES系统先行装配大纲（首页）,科技创新部,,OK,集成制造/集成制造业务域一图三表汇总清单0929.xlsx,,
14,集成制造,14.5,制造工艺设计管理,14.5.13,装配制造工艺文件管控,,,信息流图-集成制造业务域-制造工艺设计-14.5.13装配制造工艺文件管控,装配大纲索引,是,装配大纲索引,0,,,FM1206-17,,线下WORD,,,线下,C,FM1206-17,装配大纲索引,科技创新部,,OK,集成制造/集成制造业务域一图三表汇总清单0929.xlsx,,
14,集成制造,14.5,制造工艺设计管理,14.5.13,装配制造工艺文件管控,,,信息流图-集成制造业务域-制造工艺设计-14.5.13装配制造工艺文件管控,装配大纲（首页）,是,装配大纲（首页）,,,,FM1206-18,,线下WORD,,,线下,C,FM1206-18,装配大纲（首页）,科技创新部,,OK,集成制造/集成制造业务域一图三表汇总清单0929.xlsx,,
14,集成制造,14.5,制造工艺设计管理,14.5.13,装配制造工艺文件管控,,,信息流图-集成制造业务域-制造工艺设计-14.5.13装配制造工艺文件管控,AO指令性（全架次）更改控制单,是,AO指令性（全架次）更改控制单,,,,FM1206-19,,线下WORD,,,MES,U,FM1206-19,AO指令性（全架次）更改控制单,科技创新部,,OK,集成制造/集成制造业务域一图三表汇总清单0929.xlsx,,
14,集成制造,14.5,制造工艺设计管理,14.5.13,装配制造工艺文件管控,,,信息流图-集成制造业务域-制造工艺设计-14.5.13装配制造工艺文件管控,AO指令性（限架次）更改控制单,是,AO指令性（限架次）更改控制单,,,,FM1206-20,,线下WORD,,,MES,U,FM1206-20,AO指令性（限架次）更改控制单,科技创新部,,OK,集成制造/集成制造业务域一图三表汇总清单0929.xlsx,,
14,集成制造,14.5,制造工艺设计管理,14.5.13,装配制造工艺文件管控,,,信息流图-集成制造业务域-制造工艺设计-14.5.13装配制造工艺文件管控,装配工艺规程鉴定单,是,装配工艺规程鉴定单,,,,FM1206-16,,线下WORD,,,线下,C,FM1206-16,装配工艺规程鉴定单,科技创新部,,OK,集成制造/集成制造业务域一图三表汇总清单0929.xlsx,,
14,集成制造,14.5,制造工艺设计管理,14.5.13,装配制造工艺文件管控,,,信息流图-集成制造业务域-制造工艺设计-14.5.13装配制造工艺文件管控,先行装配大纲（首页）,是,先行装配大纲（首页）,,,,FM1206-21,,线下WORD,,,OA,C,FM1206-21,先行装配大纲（首页）,科技创新部,线上线下输出名称，如果在系统中，应该给出系统中的线上末级菜单名称,OK,集成制造/集成制造业务域一图三表汇总清单0929.xlsx,,
14,集成制造,14.5,制造工艺设计管理,14.5.13,装配制造工艺文件管控,,,信息流图-集成制造业务域-制造工艺设计-14.5.13装配制造工艺文件管控,标准作业指导书（首页）,否,,0,,,,,,,,CPM,U,0,0,科技创新部,,OK,集成制造/集成制造业务域一图三表汇总清单0929.xlsx,,
14,集成制造,14.5,制造工艺设计管理,14.5.13,装配制造工艺文件管控,,,信息流图-集成制造业务域-制造工艺设计-14.5.13装配制造工艺文件管控,典型工艺规程,否,,0,,,,,,,,线下,C,0,0,科技创新部,,OK,集成制造/集成制造业务域一图三表汇总清单0929.xlsx,,
14,集成制造,14.5,制造工艺设计管理,14.5.13,装配制造工艺文件管控,,,信息流图-集成制造业务域-制造工艺设计-14.5.13装配制造工艺文件管控,商飞项目工艺文件报批及三结合,否,,0,,,,,,,,OA,C/U/R,0,0,科技创新部,,OK,集成制造/集成制造业务域一图三表汇总清单0929.xlsx,,
14,集成制造,14.5,制造工艺设计管理,14.5.13,装配制造工艺文件管控,,,信息流图-集成制造业务域-制造工艺设计-14.5.13装配制造工艺文件管控,商飞项目工艺文件报批及三结合,否,,0,,,,,,,,线下,C,0,0,科技创新部,,OK,集成制造/集成制造业务域一图三表汇总清单0929.xlsx,,
14,集成制造,14.5,制造工艺设计管理,14.5.14,零件制造工艺文件管控,,,信息流图-集成制造业务域-制造工艺设计-14.5.14零件制造工艺文件管控,工艺规程（封面）,是,工艺规程（封面）,,,,FM1206-41,,CAPP,,,,,FM1206-41,工艺规程（封面）,科技创新部,,OK,集成制造/集成制造业务域一图三表汇总清单0929.xlsx,,
14,集成制造,14.5,制造工艺设计管理,14.5.14,零件制造工艺文件管控,,,信息流图-集成制造业务域-制造工艺设计-14.5.14零件制造工艺文件管控,工艺规程（首页）,是,工艺规程（首页）,,,,FM1206-41.1,,CAPP,,,,,FM1206-41.1,工艺规程（首页）,科技创新部,,OK,集成制造/集成制造业务域一图三表汇总清单0929.xlsx,,
14,集成制造,14.5,制造工艺设计管理,14.5.14,零件制造工艺文件管控,,,信息流图-集成制造业务域-制造工艺设计-14.5.14零件制造工艺文件管控,工艺规程（续页）,是,工艺规程（续页）,,,,FM1206-41.2,,CAPP,,,,,FM1206-41.2,工艺规程（续页）,科技创新部,,OK,集成制造/集成制造业务域一图三表汇总清单0929.xlsx,,
14,集成制造,14.5,制造工艺设计管理,14.5.14,零件制造工艺文件管控,,,信息流图-集成制造业务域-制造工艺设计-14.5.14零件制造工艺文件管控,工艺规程（工序首页）,是,工艺规程（工序首页）,,,,FM1206-41.3,,CAPP,,,,,FM1206-41.3,工艺规程（工序首页）,科技创新部,,OK,集成制造/集成制造业务域一图三表汇总清单0929.xlsx,,
14,集成制造,14.5,制造工艺设计管理,14.5.14,零件制造工艺文件管控,,,信息流图-集成制造业务域-制造工艺设计-14.5.14零件制造工艺文件管控,工艺规程（工序续页）,是,工艺规程（工序续页）,,,,FM1206-41.4,,CAPP,,,,,FM1206-41.4,工艺规程（工序续页）,科技创新部,,OK,集成制造/集成制造业务域一图三表汇总清单0929.xlsx,,
14,集成制造,14.5,制造工艺设计管理,14.5.14,零件制造工艺文件管控,,,信息流图-集成制造业务域-制造工艺设计-14.5.14零件制造工艺文件管控,工艺规程（草图页）,是,工艺规程（草图页）,,,,FM1206-41.5,,CAPP,,,MES/线下,C/U,FM1206-41.5,工艺规程（草图页）,科技创新部,线上线下输出名称，如果在系统中，应该给出系统中的线上末级菜单名称,OK,集成制造/集成制造业务域一图三表汇总清单0929.xlsx,,
14,集成制造,14.5,制造工艺设计管理,14.5.14,零件制造工艺文件管控,,,信息流图-集成制造业务域-制造工艺设计-14.5.14零件制造工艺文件管控,工艺规程副本需求申请单,是,工艺规程副本需求申请单,,,,FM1206-42,,CAPP,,,MES,C/U,FM1206-42,工艺规程副本需求申请单,科技创新部,线上线下输出名称，如果在系统中，应该给出系统中的线上末级菜单名称,OK,集成制造/集成制造业务域一图三表汇总清单0929.xlsx,,
14,集成制造,14.5,制造工艺设计管理,14.5.14,零件制造工艺文件管控,,,信息流图-集成制造业务域-制造工艺设计-14.5.14零件制造工艺文件管控,工艺代码规程（封面）,是,工艺代码规程（封面）,,,,FM1206-43,,CAPP,,,MES,C/U,FM1206-43,工艺代码规程（封面）,科技创新部,线上线下输出名称，如果在系统中，应该给出系统中的线上末级菜单名称,OK,集成制造/集成制造业务域一图三表汇总清单0929.xlsx,,
14,集成制造,14.5,制造工艺设计管理,14.5.14,零件制造工艺文件管控,,,信息流图-集成制造业务域-制造工艺设计-14.5.14零件制造工艺文件管控,工艺规程指令性更改单（首页）,是,工艺规程指令性更改单（首页）,,,,FM1206-44.1,,CAPP,,,EXCLE服务系统,R,FM1206-44.1,工艺规程指令性更改单（首页）,科技创新部,,OK,集成制造/集成制造业务域一图三表汇总清单0929.xlsx,,
14,集成制造,14.5,制造工艺设计管理,14.5.14,零件制造工艺文件管控,,,信息流图-集成制造业务域-制造工艺设计-14.5.14零件制造工艺文件管控,工艺规程临时更改单,是,工艺规程临时更改单,,,,FM1206-45,,CAPP,,,CPM,C,FM1206-45,工艺规程临时更改单,科技创新部,线上线下输出名称，如果在系统中，应该给出系统中的线上末级菜单名称,OK,集成制造/集成制造业务域一图三表汇总清单0929.xlsx,,
14,集成制造,14.5,制造工艺设计管理,14.5.14,零件制造工艺文件管控,,,信息流图-集成制造业务域-制造工艺设计-14.5.14零件制造工艺文件管控,工艺规程图纸临时更改记录表,是,工艺规程图纸临时更改记录表,,,,FM1206-46,,CAPP,,,线下,C/U,FM1206-46,工艺规程图纸临时更改记录表,科技创新部,,OK,集成制造/集成制造业务域一图三表汇总清单0929.xlsx,,
14,集成制造,14.5,制造工艺设计管理,14.5.14,零件制造工艺文件管控,,,信息流图-集成制造业务域-制造工艺设计-14.5.14零件制造工艺文件管控,工艺规程通用指令性更改单(首页),是,工艺规程通用指令性更改单(首页),,,,FM1206-47,,CAPP,,,线下,C/U,FM1206-47,工艺规程通用指令性更改单(首页),科技创新部,,OK,集成制造/集成制造业务域一图三表汇总清单0929.xlsx,,
14,集成制造,14.5,制造工艺设计管理,14.5.14,零件制造工艺文件管控,,,信息流图-集成制造业务域-制造工艺设计-14.5.14零件制造工艺文件管控,产品制造记录（首页）,是,产品制造记录（首页）,,,,FM1206-49,,CAPP,,,MES,U,FM1206-49,产品制造记录（首页）,科技创新部,,OK,集成制造/集成制造业务域一图三表汇总清单0929.xlsx,,
14,集成制造,14.5,制造工艺设计管理,14.5.14,零件制造工艺文件管控,,,信息流图-集成制造业务域-制造工艺设计-14.5.14零件制造工艺文件管控,产品制造记录（工序页）,是,产品制造记录（工序页）,,,,FM1206-49.1,,CAPP,,,MES,U,FM1206-49.1,产品制造记录（工序页）,科技创新部,,OK,集成制造/集成制造业务域一图三表汇总清单0929.xlsx,,
14,集成制造,14.5,制造工艺设计管理,14.5.14,零件制造工艺文件管控,,,信息流图-集成制造业务域-制造工艺设计-14.5.14零件制造工艺文件管控,产品制造记录（零件表）,是,产品制造记录（零件表）,,,,FM1206-49.2,,CAPP,,,MES,R,FM1206-49.2,产品制造记录（零件表）,科技创新部,,OK,集成制造/集成制造业务域一图三表汇总清单0929.xlsx,,
14,集成制造,14.5,制造工艺设计管理,14.5.14,零件制造工艺文件管控,,,信息流图-集成制造业务域-制造工艺设计-14.5.14零件制造工艺文件管控,产品制造记录（热处理记录表）,是,产品制造记录（热处理记录表）,,,,FM1206-49.3,,CAPP,,,MES,R,FM1206-49.3,产品制造记录（热处理记录表）,科技创新部,,OK,集成制造/集成制造业务域一图三表汇总清单0929.xlsx,,
14,集成制造,14.5,制造工艺设计管理,14.5.2,关重件的控制,,,信息流图-集成制造业务域-制造工艺设计-14.5.2关重件的控制,商务分工,否,,0,,,,,,,,线下,C/U,0,0,科技创新部,,OK,集成制造/集成制造业务域一图三表汇总清单0929.xlsx,,
14,集成制造,14.5,制造工艺设计管理,14.5.2,关重件的控制,,,信息流图-集成制造业务域-制造工艺设计-14.5.2关重件的控制,分工指令,否,,0,,,,,,,,线下,C/U,0,0,科技创新部,,OK,集成制造/集成制造业务域一图三表汇总清单0929.xlsx,,
14,集成制造,14.5,制造工艺设计管理,14.5.2,关重件的控制,,,信息流图-集成制造业务域-制造工艺设计-14.5.2关重件的控制,关重件工艺规程AO/FO,否,,0,,,,,,,,OA,C/U/R,0,0,科技创新部,线上线下输出名称，如果在系统中，应该给出系统中的线上末级菜单名称,OK,集成制造/集成制造业务域一图三表汇总清单0929.xlsx,,
14,集成制造,14.5,制造工艺设计管理,14.5.2,关重件的控制,,,信息流图-集成制造业务域-制造工艺设计-14.5.2关重件的控制,关重件目录,是,自编技术文件,0,,,无,,CPM,,,OA,C/U,0,0,科技创新部,线上线下输出名称，如果在系统中，应该给出系统中的线上末级菜单名称,OK,集成制造/集成制造业务域一图三表汇总清单0929.xlsx,,
14,集成制造,14.5,制造工艺设计管理,14.5.2,关重件的控制,,,信息流图-集成制造业务域-制造工艺设计-14.5.2关重件的控制,项目关重件目录汇总表,是,自编技术文件,0,,,无,,CPM,,,OA,C/U,0,0,科技创新部,线上线下输出名称，如果在系统中，应该给出系统中的线上末级菜单名称,OK,集成制造/集成制造业务域一图三表汇总清单0929.xlsx,,
14,集成制造,14.5,制造工艺设计管理,14.5.3,关键特性（KC）控制,,,信息流图-集成制造业务域-制造工艺设计-14.5.3关键特性（KC）控制,工程关键特性目录表,是,自编技术文件,0,,,,,CPM,,,,R,0,0,科技创新部,,OK,集成制造/集成制造业务域一图三表汇总清单0929.xlsx,,
14,集成制造,14.5,制造工艺设计管理,14.5.3,关键特性（KC）控制,,,信息流图-集成制造业务域-制造工艺设计-14.5.3关键特性（KC）控制,受控关键特性目录表,是,自编技术文件,0,,,,,CPM,,,OA,C/U,0,0,科技创新部,线上线下输出名称，如果在系统中，应该给出系统中的线上末级菜单名称,OK,集成制造/集成制造业务域一图三表汇总清单0929.xlsx,,
14,集成制造,14.5,制造工艺设计管理,14.5.3,关键特性（KC）控制,,,信息流图-集成制造业务域-制造工艺设计-14.5.3关键特性（KC）控制,工艺要求,否,,0,,,,,,,,线下,C/U,0,0,科技创新部,,OK,集成制造/集成制造业务域一图三表汇总清单0929.xlsx,,
14,集成制造,14.5,制造工艺设计管理,14.5.3,关键特性（KC）控制,,,信息流图-集成制造业务域-制造工艺设计-14.5.3关键特性（KC）控制,产品安全分析结果,否,,0,,,,,,,,线下,C/U,0,0,科技创新部,,OK,集成制造/集成制造业务域一图三表汇总清单0929.xlsx,,
14,集成制造,14.5,制造工艺设计管理,14.5.3,关键特性（KC）控制,,,信息流图-集成制造业务域-制造工艺设计-14.5.3关键特性（KC）控制,PFMEA风险管理记录表,否,,0,,,,,,,,线下,C/U,0,0,科技创新部,,OK,集成制造/集成制造业务域一图三表汇总清单0929.xlsx,,
14,集成制造,14.5,制造工艺设计管理,14.5.3,关键特性（KC）控制,,,信息流图-集成制造业务域-制造工艺设计-14.5.3关键特性（KC）控制,关键特性(KC)控制计划,是,关键特性(KC)控制计划,1,,,FM1206-53,,线下WORD,,,线下,R,FM1206-53,关键特性(KC)控制计划,科技创新部,,OK,集成制造/集成制造业务域一图三表汇总清单0929.xlsx,,
14,集成制造,14.5,制造工艺设计管理,14.5.3,关键特性（KC）控制,,,信息流图-集成制造业务域-制造工艺设计-14.5.3关键特性（KC）控制,关键特性(KC)测量计划,是,关键特性(KC)测量计划,1,,,FM1206-54,,线下WORD,,,CPM,U,FM1206-54,关键特性(KC)测量计划,科技创新部,,OK,集成制造/集成制造业务域一图三表汇总清单0929.xlsx,,
14,集成制造,14.5,制造工艺设计管理,14.5.3,关键特性（KC）控制,,,信息流图-集成制造业务域-制造工艺设计-14.5.3关键特性（KC）控制,关键特性(KC)测量记录,是,关键特性(KC)测量记录,1,,,FM1206-56,,线下WORD,,,OA/ERP,R,FM1206-56,关键特性(KC)测量记录,科技创新部,,OK,集成制造/集成制造业务域一图三表汇总清单0929.xlsx,,
14,集成制造,14.5,制造工艺设计管理,14.5.3,关键特性（KC）控制,,,信息流图-集成制造业务域-制造工艺设计-14.5.3关键特性（KC）控制,关键特性小组活动记录,是,关键特性小组活动记录,1,,,FM1206-55,,线下WORD,,,OA,R,FM1206-55,关键特性小组活动记录,科技创新部,,OK,集成制造/集成制造业务域一图三表汇总清单0929.xlsx,,
14,集成制造,14.5,制造工艺设计管理,14.5.3,关键特性（KC）控制,,,信息流图-集成制造业务域-制造工艺设计-14.5.3关键特性（KC）控制,关键特性SPC控制图,是,,0,,,,,线下WORD,,,CPM,R,0,0,科技创新部,,OK,集成制造/集成制造业务域一图三表汇总清单0929.xlsx,,
14,集成制造,14.5,制造工艺设计管理,14.5.4,特殊过程控制,,,信息流图-集成制造业务域-制造工艺设计-14.5.4特殊过程控制,特殊过程确认目录,是,自编技术文件,0,,,,,CPM,,,CPM,R,0,0,科技创新部,,OK,集成制造/集成制造业务域一图三表汇总清单0929.xlsx,,
14,集成制造,14.5,制造工艺设计管理,14.5.4,特殊过程控制,,,信息流图-集成制造业务域-制造工艺设计-14.5.4特殊过程控制,偏离申请单（特殊过程）,是,偏离申请单（特殊过程）,1,,,FM1207-21,,OA,,,CPM,U,FM1207-21,偏离申请单（特殊过程）,科技创新部,,OK,集成制造/集成制造业务域一图三表汇总清单0929.xlsx,,
14,集成制造,14.5,制造工艺设计管理,14.5.4,特殊过程控制,,,信息流图-集成制造业务域-制造工艺设计-14.5.4特殊过程控制,特殊过程确认准则和生产线准备计划,是,自编技术文件,0,,,,,CPM,,,CPM,U,0,0,科技创新部,,OK,集成制造/集成制造业务域一图三表汇总清单0929.xlsx,,
14,集成制造,14.5,制造工艺设计管理,14.5.4,特殊过程控制,,,信息流图-集成制造业务域-制造工艺设计-14.5.4特殊过程控制,自审合格报告（特殊过程）,是,自审合格报告（特殊过程）,1,,,FM1207-23,,OA,,,CPM,U,FM1207-23,自审合格报告（特殊过程）,科技创新部,,OK,集成制造/集成制造业务域一图三表汇总清单0929.xlsx,,
14,集成制造,14.5,制造工艺设计管理,14.5.4,特殊过程控制,,,信息流图-集成制造业务域-制造工艺设计-14.5.4特殊过程控制,特殊过程确认单,是,特殊过程确认单,1,,,FM1207-24,,OA,,,线下,U,FM1207-24,特殊过程确认单,科技创新部,,OK,集成制造/集成制造业务域一图三表汇总清单0929.xlsx,,
14,集成制造,14.5,制造工艺设计管理,14.5.4,特殊过程控制,,,信息流图-集成制造业务域-制造工艺设计-14.5.4特殊过程控制,SACC已批准的生产线目录,否,,0,,,,,,,,CPM,U,0,0,科技创新部,,OK,集成制造/集成制造业务域一图三表汇总清单0929.xlsx,,
14,集成制造,14.5,制造工艺设计管理,14.5.4,特殊过程控制,,,信息流图-集成制造业务域-制造工艺设计-14.5.4特殊过程控制,过程要素变动反馈表,是,过程要素变动反馈表,1,,,FM1207-20,,OA,,,CPM,U,FM1207-20,过程要素变动反馈表,科技创新部,,OK,集成制造/集成制造业务域一图三表汇总清单0929.xlsx,,
14,集成制造,14.5,制造工艺设计管理,14.5.4,特殊过程控制,,,信息流图-集成制造业务域-制造工艺设计-14.5.4特殊过程控制,厂级特殊过程确认目录,是,自编技术文件,0,,,,,CPM,,,CPM,U,0,0,科技创新部,,OK,集成制造/集成制造业务域一图三表汇总清单0929.xlsx,,
14,集成制造,14.5,制造工艺设计管理,14.5.4,特殊过程控制,,,信息流图-集成制造业务域-制造工艺设计-14.5.4特殊过程控制,公司级特殊过程确认目录,否,,0,,,,,,,,CPM,U,0,0,科技创新部,,OK,集成制造/集成制造业务域一图三表汇总清单0929.xlsx,,
14,集成制造,14.5,制造工艺设计管理,14.5.5,一般生产过程控制,,,信息流图-集成制造业务域-制造工艺设计-14.5.5一般生产过程控制,偏离申请单（一般生产过程）,是,偏离申请单（一般生产过程）,1,,,FM1207-21,,OA,,,线下,U,FM1207-21,偏离申请单（一般生产过程）,科技创新部,,OK,集成制造/集成制造业务域一图三表汇总清单0929.xlsx,,
14,集成制造,14.5,制造工艺设计管理,14.5.5,一般生产过程控制,,,信息流图-集成制造业务域-制造工艺设计-14.5.5一般生产过程控制,自审合格报告（一般生产过程）,是,自审合格报告（一般生产过程）,1,,,FM1207-23,,OA,,,CPM,U,FM1207-23,自审合格报告（一般生产过程）,科技创新部,,OK,集成制造/集成制造业务域一图三表汇总清单0929.xlsx,,
14,集成制造,14.5,制造工艺设计管理,14.5.5,一般生产过程控制,,,信息流图-集成制造业务域-制造工艺设计-14.5.5一般生产过程控制,一般生产过程目录,是,自编技术文件,0,,,,,CPM,,,CPM,U,0,0,科技创新部,,OK,集成制造/集成制造业务域一图三表汇总清单0929.xlsx,,
14,集成制造,14.5,制造工艺设计管理,14.5.6,工艺过程管控,,,信息流图-集成制造业务域-制造工艺设计-14.5.6工艺过程管控,环境要求执行情况检查记录表,是,环境要求执行情况检查记录表,1,,,FM1207-07,,线下WORD,,,CPM,U,FM1207-07,环境要求执行情况检查记录表,科技创新部,,OK,集成制造/集成制造业务域一图三表汇总清单0929.xlsx,,
14,集成制造,14.5,制造工艺设计管理,14.5.6,工艺过程管控,,,信息流图-集成制造业务域-制造工艺设计-14.5.6工艺过程管控,试验件目录/试验件申请单/试验过程问题反馈单/试验结果鉴定表,是,试验件目录,1,,,FM1207-40,,线下WORD,,,CPM,U,FM1207-40,试验件目录,科技创新部,,OK,集成制造/集成制造业务域一图三表汇总清单0929.xlsx,,
14,集成制造,14.5,制造工艺设计管理,14.5.6,工艺过程管控,,,信息流图-集成制造业务域-制造工艺设计-14.5.6工艺过程管控,数控程序鉴定表,是,数控程序鉴定表,1,,,FM1206-57,,线下WORD,,,CPM,U,FM1206-57,数控程序鉴定表,科技创新部,,OK,集成制造/集成制造业务域一图三表汇总清单0929.xlsx,,
14,集成制造,14.5,制造工艺设计管理,14.5.6,工艺过程管控,,,信息流图-集成制造业务域-制造工艺设计-14.5.6工艺过程管控,装配件标识签,是,装配件标识签,1,,,FM1207-10,,线下WORD,,,线下,R,FM1207-10,装配件标识签,科技创新部,,OK,集成制造/集成制造业务域一图三表汇总清单0929.xlsx,,
14,集成制造,14.5,制造工艺设计管理,14.5.6,工艺过程管控,,,信息流图-集成制造业务域-制造工艺设计-14.5.6工艺过程管控,密封胶使用跟踪卡,是,密封胶使用跟踪卡,1,,,FM1207-13,,线下WORD,,,线下,U,FM1207-13,密封胶使用跟踪卡,科技创新部,,OK,集成制造/集成制造业务域一图三表汇总清单0929.xlsx,,
14,集成制造,14.5,制造工艺设计管理,14.5.6,工艺过程管控,,,信息流图-集成制造业务域-制造工艺设计-14.5.6工艺过程管控,零组件称重卡,是,零组件称重卡,1,,,FM1207-08,,线下WORD,,,CPM,R,FM1207-08,零组件称重卡,科技创新部,,OK,集成制造/集成制造业务域一图三表汇总清单0929.xlsx,,
14,集成制造,14.5,制造工艺设计管理,14.5.6,工艺过程管控,,,信息流图-集成制造业务域-制造工艺设计-14.5.6工艺过程管控,组、部件取代申请表,是,组、部件取代申请表,1,,,FM1207-01,,线下WORD,,,OA/ERP,R,FM1207-01,组、部件取代申请表,科技创新部,,OK,集成制造/集成制造业务域一图三表汇总清单0929.xlsx,,
14,集成制造,14.5,制造工艺设计管理,14.5.6,工艺过程管控,,,信息流图-集成制造业务域-制造工艺设计-14.5.6工艺过程管控,加大紧固件领用单,是,加大紧固件领用单,1,,,FM1207-02,,线下WORD,,,CPM,C,FM1207-02,加大紧固件领用单,科技创新部,,OK,集成制造/集成制造业务域一图三表汇总清单0929.xlsx,,
14,集成制造,14.5,制造工艺设计管理,14.5.6,工艺过程管控,,,信息流图-集成制造业务域-制造工艺设计-14.5.6工艺过程管控,冷冻铆钉工艺控制卡,是,冷冻铆钉工艺控制卡,1,,,FM1207-11,,线下WORD,,是,CPM,U,FM1207-11,冷冻铆钉工艺控制卡,科技创新部,,OK,集成制造/集成制造业务域一图三表汇总清单0929.xlsx,,
14,集成制造,14.5,制造工艺设计管理,14.5.6,工艺过程管控,,,信息流图-集成制造业务域-制造工艺设计-14.5.6工艺过程管控,冷冻铆钉使用控制卡,是,冷冻铆钉使用控制卡,1,,,FM1207-12,,线下WORD,,是,CPM,U,FM1207-12,冷冻铆钉使用控制卡,科技创新部,,OK,集成制造/集成制造业务域一图三表汇总清单0929.xlsx,,
14,集成制造,14.5,制造工艺设计管理,14.5.7,特制件管控,,,信息流图-集成制造业务域-制造工艺设计-14.5.7特制件管控,MBOM,否,,0,,,,,,,,CPM,R,0,0,科技创新部,,OK,集成制造/集成制造业务域一图三表汇总清单0929.xlsx,,
14,集成制造,14.5,制造工艺设计管理,14.5.7,特制件管理,,,信息流图-集成制造业务域-制造工艺设计-14.5.7特制件管控,图纸、数模等,否,,0,,,,,,,是,CPM,R/C/U,0,0,科技创新部,,OK,集成制造/集成制造业务域一图三表汇总清单0929.xlsx,,
14,集成制造,14.5,制造工艺设计管理,14.5.7,特制件管理,,,信息流图-集成制造业务域-制造工艺设计-14.5.7特制件管控,DMS(入湖数据整理）,否,,0,,,,,,,,线下,R,0,0,科技创新部,,OK,集成制造/集成制造业务域一图三表汇总清单0929.xlsx,,
14,集成制造,14.5,制造工艺设计管理,14.5.7,特制件管理,,,信息流图-集成制造业务域-制造工艺设计-14.5.7特制件管控,特制件申请单,是,特制件申请单,1,,,FM1207-03,,OA,,,CPM,R,FM1207-03,特制件申请单,科技创新部,,OK,集成制造/集成制造业务域一图三表汇总清单0929.xlsx,,
14,集成制造,14.5,制造工艺设计管理,14.5.7,特制件管理,,,信息流图-集成制造业务域-制造工艺设计-14.5.7特制件管控,ERP订单,否,,0,,,,,,,是,CPM,C/U,0,0,科技创新部,,OK,集成制造/集成制造业务域一图三表汇总清单0929.xlsx,,
14,集成制造,14.5,制造工艺设计管理,14.5.7,特制件管理,,,信息流图-集成制造业务域-制造工艺设计-14.5.7特制件管控,拒收报告,否,,0,,,,,,,是,CPM,C/U,0,0,科技创新部,,OK,集成制造/集成制造业务域一图三表汇总清单0929.xlsx,,
14,集成制造,14.5,制造工艺设计管理,14.5.9,制造物料清单（MBOM）编制,,,14.5.9制造物料清单（MBOM）编制,EBOM,否,,,,,,,,,,线下,C/U,0,0,数字工程部,,OK,集成制造/集成制造业务域一图三表汇总清单0929.xlsx,,
14,集成制造,14.5,制造工艺设计管理,14.5.9,制造物料清单（MBOM）编制,,,14.5.9制造物料清单（MBOM）编制,图纸、数模等,否,,,,,,,,,是,CPM,C,0,0,数字工程部,,OK,集成制造/集成制造业务域一图三表汇总清单0929.xlsx,,
14,集成制造,14.5,制造工艺设计管理,14.5.9,制造物料清单（MBOM）编制,,,14.5.9制造物料清单（MBOM）编制,客供件清单,否,,,,,,,,,,线下,C/U,0,0,数字工程部,,OK,集成制造/集成制造业务域一图三表汇总清单0929.xlsx,,
14,集成制造,14.5,制造工艺设计管理,14.5.9,制造物料清单（MBOM）编制,,,14.5.9制造物料清单（MBOM）编制,工作转移申请单,否,,,,,,,,,,OA,R,0,0,数字工程部,,OK,集成制造/集成制造业务域一图三表汇总清单0929.xlsx,,
14,集成制造,14.5,制造工艺设计管理,14.5.9,制造物料清单（MBOM）编制,,,14.5.9制造物料清单（MBOM）编制,装配大纲,否,,,,,,,,,,OA,R,0,0,数字工程部,,OK,集成制造/集成制造业务域一图三表汇总清单0929.xlsx,,
14,集成制造,14.5,制造工艺设计管理,14.5.9,制造物料清单（MBOM）编制,,,14.5.9制造物料清单（MBOM）编制,特制件申请单,否,,,,,,,,,,线下,R/U,0,0,数字工程部,,OK,集成制造/集成制造业务域一图三表汇总清单0929.xlsx,,
14,集成制造,14.5,制造工艺设计管理,14.5.9,制造物料清单（MBOM）编制,,,14.5.9制造物料清单（MBOM）编制,工艺状态表,否,,,,,,,,,,线下/CPM,C/U,0,0,数字工程部,,OK,集成制造/集成制造业务域一图三表汇总清单0929.xlsx,,
14,集成制造,14.5,制造工艺设计管理,14.5.9,制造物料清单（MBOM）编制,,,14.5.9制造物料清单（MBOM）编制,物料主数据信息导入表-基本与分类视图,否,,,,,,,,,,线下/CPM,C,0,0,数字工程部,,OK,集成制造/集成制造业务域一图三表汇总清单0929.xlsx,,
14,集成制造,14.5,制造工艺设计管理,14.5.9,制造物料清单（MBOM）编制,,,14.5.9制造物料清单（MBOM）编制,分工更改单,是,分工更改单管理,,,,FM1205-101,,PDM,,,线下/CPM,C/U,FM1205-101,分工更改单,数字工程部,,OK,集成制造/集成制造业务域一图三表汇总清单0929.xlsx,,
14,集成制造,14.5,制造工艺设计管理,14.5.9,制造物料清单（MBOM）编制,,,14.5.9制造物料清单（MBOM）编制,机上材料定额,是,定额更改单管理,,,,FM1206-06,,PDM,,,线下/CPM,C/U,FM1206-06,机上材料定额,数字工程部,,OK,集成制造/集成制造业务域一图三表汇总清单0929.xlsx,,
14,集成制造,14.5,制造工艺设计管理,14.5.9,制造物料清单（MBOM）编制,,,14.5.9制造物料清单（MBOM）编制,非机上材料定额,是,定额更改单管理,,,,FM7120-001,,PDM,,是,CPM,R/U,FM7120-001,非机上材料定额,数字工程部,,OK,集成制造/集成制造业务域一图三表汇总清单0929.xlsx,,
14,集成制造,14.5,制造工艺设计管理,14.5.9,制造物料清单（MBOM）编制,,,14.5.9制造物料清单（MBOM）编制,MBOM更改单,是,MBOM更改单管理,,,,FM1206-03,,PDM,,是,CPM,R/U,FM1206-03,MBOM更改单,数字工程部,,OK,集成制造/集成制造业务域一图三表汇总清单0929.xlsx,,
14,集成制造,14.5,制造工艺设计管理,14.5.9,制造物料清单（MBOM）编制,,,14.5.9制造物料清单（MBOM）编制,MBOM主数据,是,MBOM主数据（CS12物料BOM）,,CS,CS12,,,ERP,,,线下,R,0,MBOM主数据,数字工程部,,OK,集成制造/集成制造业务域一图三表汇总清单0929.xlsx,,
14,集成制造,14.6,制造工艺验证与改进,14.6.1,工艺纪律检查,,,信息流图-集成制造业务域-制造工艺验证与改进-14.6.1工艺纪律检查,工艺纪律检查月报表,是,工艺纪律检查月报表,1,,,FM1207-04,,线下WORD,,,线下,R,FM1207-04,工艺纪律检查月报表,科技创新部,,OK,集成制造/集成制造业务域一图三表汇总清单0929.xlsx,,
14,集成制造,14.6,制造工艺验证与改进,14.6.1,工艺纪律检查,,,信息流图-集成制造业务域-制造工艺验证与改进-14.6.1工艺纪律检查,工艺纪律检查单,是,工艺纪律检查单,1,,,FM1207-05,,线下WORD,,,线下,R/U,FM1207-05,工艺纪律检查单,科技创新部,,OK,集成制造/集成制造业务域一图三表汇总清单0929.xlsx,,
14,集成制造,14.6,制造工艺验证与改进,14.6.3,工艺鉴定,,,信息流图-集成制造业务域-制造工艺验证与改进-14.6.3工艺鉴定,工艺鉴定准备计划,否,,0,,,,,,,,线下,C,0,0,科技创新部,,OK,集成制造/集成制造业务域一图三表汇总清单0929.xlsx,,
14,集成制造,14.6,制造工艺验证与改进,14.6.3,工艺鉴定,,,信息流图-集成制造业务域-制造工艺验证与改进-14.6.3工艺鉴定,投影程序鉴定表,是,投影程序鉴定表,1,,,FM1207-76,,线下WORD,,,线下,C,FM1207-76,投影程序鉴定表,科技创新部,,OK,集成制造/集成制造业务域一图三表汇总清单0929.xlsx,,
14,集成制造,14.6,制造工艺验证与改进,14.6.3,工艺鉴定,,,信息流图-集成制造业务域-制造工艺验证与改进-14.6.3工艺鉴定,投影程序更改单,是,投影程序更改单,1,,,FM1207-77,,线下WORD,,,线下,C,FM1207-77,投影程序更改单,科技创新部,,OK,集成制造/集成制造业务域一图三表汇总清单0929.xlsx,,
14,集成制造,14.6,制造工艺验证与改进,14.6.3,工艺鉴定,,,信息流图-集成制造业务域-制造工艺验证与改进-14.6.3工艺鉴定,工艺鉴定大纲,否,,0,,,,,,,,线下,C/U,0,0,科技创新部,,OK,集成制造/集成制造业务域一图三表汇总清单0929.xlsx,,
14,集成制造,14.6,制造工艺验证与改进,14.6.3,工艺鉴定,,,信息流图-集成制造业务域-制造工艺验证与改进-14.6.3工艺鉴定,工艺鉴定申请材料,否,,0,,,,,,,,QMS,R,0,0,科技创新部,,OK,集成制造/集成制造业务域一图三表汇总清单0929.xlsx,,
14,集成制造,14.6,制造工艺验证与改进,14.6.3,工艺鉴定,,,信息流图-集成制造业务域-制造工艺验证与改进-14.6.3工艺鉴定,工艺鉴定申请报批,否,,0,,,,,,,是,CPM,C/U,0,0,科技创新部,,OK,集成制造/集成制造业务域一图三表汇总清单0929.xlsx,,
14,集成制造,14.6,制造工艺验证与改进,14.6.3,工艺鉴定,,,信息流图-集成制造业务域-制造工艺验证与改进-14.6.3工艺鉴定,工艺鉴定报告,否,,0,,,,,,,,OA,C/U,0,0,科技创新部,未填写完整；线上线下输出名称，如果在系统中，应该给出系统中的线上末级菜单名称,OK,集成制造/集成制造业务域一图三表汇总清单0929.xlsx,,
14,集成制造,14.6,制造工艺验证与改进,14.6.4,研制工艺工作总结,,,信息流图-集成制造业务域-制造工艺验证与改进-14.6.4研制工艺工作总结的编制,技术文件,否,,0,,,,,,,是,CPM,C,0,0,科技创新部,,OK,集成制造/集成制造业务域一图三表汇总清单0929.xlsx,,
14,集成制造,14.6,制造工艺验证与改进,14.6.4,研制工艺工作总结,,,信息流图-集成制造业务域-制造工艺验证与改进-14.6.4研制工艺工作总结的编制,工艺文件,否,,0,,,,,,,,OA,C/U,0,0,科技创新部,线上线下输出名称，如果在系统中，应该给出系统中的线上末级菜单名称,OK,集成制造/集成制造业务域一图三表汇总清单0929.xlsx,,
14,集成制造,14.6,制造工艺验证与改进,14.6.4,研制工艺工作总结,,,信息流图-集成制造业务域-制造工艺验证与改进-14.6.4研制工艺工作总结的编制,研制工艺工作总结,是,自编技术文件,0,,,,,CPM,,,OA,C/U,0,0,科技创新部,线上线下输出名称，如果在系统中，应该给出系统中的线上末级菜单名称,OK,集成制造/集成制造业务域一图三表汇总清单0929.xlsx,,
14,集成制造,14.6,制造工艺验证与改进,14.6.5,技术问题处理,,,信息流图-集成制造业务域-制造工艺验证与改进-14.6.5技术问题处理,图纸、数模等,否,,0,,,,,,,,CPM,C,0,0,科技创新部,,OK,集成制造/集成制造业务域一图三表汇总清单0929.xlsx,,
14,集成制造,14.6,制造工艺验证与改进,14.6.5,技术问题处理,,,信息流图-集成制造业务域-制造工艺验证与改进-14.6.5技术问题处理,测试数据、生产异常等,否,,0,,,,,,,,OA,C/U,0,0,科技创新部,未填写完整；线上线下输出名称，如果在系统中，应该给出系统中的线上末级菜单名称,OK,集成制造/集成制造业务域一图三表汇总清单0929.xlsx,,
14,集成制造,14.6,制造工艺验证与改进,14.6.5,技术问题处理,,,信息流图-集成制造业务域-制造工艺验证与改进-14.6.5技术问题处理,技术问题报告,是,,0,,,,,线下WORD,,是,CPM,C,0,0,科技创新部,,OK,集成制造/集成制造业务域一图三表汇总清单0929.xlsx,,
14,集成制造,14.6,制造工艺验证与改进,14.6.5,技术问题处理,,,信息流图-集成制造业务域-制造工艺验证与改进-14.6.5技术问题处理,技术问题验证报告,是,,0,,,,,线下WORD,,,CPM,U,0,0,科技创新部,,OK,集成制造/集成制造业务域一图三表汇总清单0929.xlsx,,
14,集成制造,14.6,制造工艺验证与改进,14.6.5,技术问题处理,,,信息流图-集成制造业务域-制造工艺验证与改进-14.6.5技术问题处理,拒收报告,否,,0,,,,,,,,OA,U,0,0,科技创新部,权威系统名称填写错误；未填写完整；线上线下输出名称，如果在系统中，应该给出系统中的线上末级菜单名称,OK,集成制造/集成制造业务域一图三表汇总清单0929.xlsx,,
14,集成制造,14.6,制造工艺验证与改进,14.6.5,技术问题处理,,,信息流图-集成制造业务域-制造工艺验证与改进-14.6.5技术问题处理,客户反馈问题,否,,0,,,,,,,,OA,C/U,0,0,科技创新部,线上线下输出名称，如果在系统中，应该给出系统中的线上末级菜单名称,OK,集成制造/集成制造业务域一图三表汇总清单0929.xlsx,,
14,集成制造,14.6,制造工艺验证与改进,14.6.6,工艺仿真,,,信息流图-集成制造业务域-制造工艺验证与改进-14.6.6工艺仿真,工艺仿真记录,是,自编技术文件,0,,,无,,线下WORD,,是,/,C/U,0,0,科技创新部,,OK,集成制造/集成制造业务域一图三表汇总清单0929.xlsx,,
14,集成制造,14.7,工装工具管理,14.7.1,工装工具策划,,,信息流图--集成制造业务域-14.7.1工装工具策划,工装测算表,否,,0,,,,,,,,线下,C/U,0,0,科技创新部,,OK,集成制造/集成制造业务域一图三表汇总清单0929.xlsx,,
14,集成制造,14.7,工装工具管理,14.7.1,工装工具策划,,,信息流图--集成制造业务域-14.7.1工装工具策划,工具品种表,否,,1,,,,,,,,线下,C/U,0,0,科技创新部,,OK,集成制造/集成制造业务域一图三表汇总清单0929.xlsx,,
14,集成制造,14.7,工装工具管理,14.7.1,工装工具策划,,,信息流图--集成制造业务域-14.7.1工装工具策划,工艺装备品种表,是,自编技术文件,0,,,FM1405-47,,CPM,,,,,FM1405-47,工艺装备品种表,科技创新部,,,集成制造/集成制造业务域一图三表汇总清单0929.xlsx,,
14,集成制造,14.7,工装工具管理,14.7.1,工装工具策划,,,信息流图--集成制造业务域-14.7.1工装工具策划,工装定检目录,否,,0,,,,,,,,,,0,0,科技创新部,,,集成制造/集成制造业务域一图三表汇总清单0929.xlsx,,
14,集成制造,14.7,工装工具管理,14.7.1,工装工具策划,,,信息流图--集成制造业务域-14.7.1工装工具策划,工艺装备定期检修计划表,是,自编技术文件,0,,,FM1405-24,,CPM,,,,,FM1405-24,工艺装备定期检修计划表,科技创新部,,,集成制造/集成制造业务域一图三表汇总清单0929.xlsx,,
14,集成制造,14.7,工装工具管理,14.7.10,工具试用与选型,,,信息流图-集成制造业务域-工装工具管理组-14.7.10工具试用与选型,工具试用申请表,是,工具试用申请表,1,,,FM1406-05,FM1407-59,纸质,,,线下,C/U,FM1406-05,工具试用申请表,科技创新部,,OK,集成制造/集成制造业务域一图三表汇总清单0929.xlsx,,
14,集成制造,14.7,工装工具管理,14.7.10,工具试用与选型,,,信息流图-集成制造业务域-工装工具管理组-14.7.10工具试用与选型,工具试用记录表,是,工具试用记录表,1,,,FM1406-06,FM1407-60,纸质,,,,,FM1406-06,工具试用记录表,科技创新部,,,集成制造/集成制造业务域一图三表汇总清单0929.xlsx,,
14,集成制造,14.7,工装工具管理,14.7.10,工具试用与选型,,,信息流图-集成制造业务域-工装工具管理组-14.7.10工具试用与选型,工具试用报告,是,工具试用报告,1,,,FM1406-07,FM1407-31,纸质,,,,,FM1406-07,工具试用报告,科技创新部,,,集成制造/集成制造业务域一图三表汇总清单0929.xlsx,,
14,集成制造,14.7,工装工具管理,14.7.10,工具试用与选型,,,信息流图-集成制造业务域-工装工具管理组-14.7.10工具试用与选型,工具小批量使用情况反馈表,是,工具小批量使用情况反馈表,1,,,FM1406-08,FM1407-04,纸质,,,,,FM1406-08,工具小批量使用情况反馈表,科技创新部,,,集成制造/集成制造业务域一图三表汇总清单0929.xlsx,,
14,集成制造,14.7,工装工具管理,14.7.10,工具试用与选型,,,信息流图-集成制造业务域-工装工具管理组-14.7.10工具试用与选型,样品确认表,是,样品确认表,1,,,,FM1407-28,纸质,,,,,0,0,科技创新部,,,集成制造/集成制造业务域一图三表汇总清单0929.xlsx,,
14,集成制造,14.7,工装工具管理,14.7.10,工具试用与选型,,,信息流图-集成制造业务域-工装工具管理组-14.7.10工具试用与选型,品牌报价,是,品牌报价,1,,,,FM1407-29,纸质,,,线下,C/U,0,0,科技创新部,,OK,集成制造/集成制造业务域一图三表汇总清单0929.xlsx,,
14,集成制造,14.7,工装工具管理,14.7.2,工装申请与制造,,,14.7.2工装申请与制造,外协采购申请单,否,,0,,,,,,,,,,0,0,科技创新部,,,集成制造/集成制造业务域一图三表汇总清单0929.xlsx,,
14,集成制造,14.7,工装工具管理,14.7.2,工装申请与制造,,,14.7.2工装申请与制造,分工报告,否,,0,,,,,,,,线下,C/U,0,0,科技创新部,,OK,集成制造/集成制造业务域一图三表汇总清单0929.xlsx,,
14,集成制造,14.7,工装工具管理,14.7.2,工装申请与制造,,,14.7.2工装申请与制造,工装验收单,否,,0,,,,,,,,,,0,0,科技创新部,,,集成制造/集成制造业务域一图三表汇总清单0929.xlsx,,
14,集成制造,14.7,工装工具管理,14.7.2,工装申请与制造,,,14.7.2工装申请与制造,接收确认单,否,,0,,,,,,,,,,0,0,科技创新部,,,集成制造/集成制造业务域一图三表汇总清单0929.xlsx,,
14,集成制造,14.7,工装工具管理,14.7.2,工装申请与制造,,,14.7.2工装申请与制造,工装品种表,否,,0,,,,,,,,,,0,0,科技创新部,,,集成制造/集成制造业务域一图三表汇总清单0929.xlsx,,
14,集成制造,14.7,工装工具管理,14.7.2,工装申请与制造,,,14.7.2工装申请与制造,工装技术条件,否,,0,,,,,,,,,,0,0,科技创新部,,,集成制造/集成制造业务域一图三表汇总清单0929.xlsx,,
14,集成制造,14.7,工装工具管理,14.7.2,工装申请与制造,,,14.7.2工装申请与制造,工艺装备申请单,否,,0,,,,,,,,线下,C/U,0,0,科技创新部,,OK,集成制造/集成制造业务域一图三表汇总清单0929.xlsx,,
14,集成制造,14.7,工装工具管理,14.7.2,工装申请与制造,,,14.7.2工装申请与制造,工装设计评审,否,,0,,,,,,,,线下,C/U,0,0,科技创新部,,OK,集成制造/集成制造业务域一图三表汇总清单0929.xlsx,,
14,集成制造,14.7,工装工具管理,14.7.2,工装申请与制造,14.7.2.1,工装申请管理,信息流图--集成制造业务域-14.7.2.1工艺装备申请,工艺装备品种表,否,,0,,,,,,,,线下,C/U,0,0,科技创新部,,OK,集成制造/集成制造业务域一图三表汇总清单0929.xlsx,,
14,集成制造,14.7,工装工具管理,14.7.2,工装申请与制造,14.7.2.1,工装申请管理,信息流图--集成制造业务域-14.7.2.1工艺装备申请,工艺装备申请单,是,工艺装备申请单,1,,,FM1405-50,,OA,,,线下,C/U,FM1405-50,工艺装备申请单,科技创新部,,OK,集成制造/集成制造业务域一图三表汇总清单0929.xlsx,,
14,集成制造,14.7,工装工具管理,14.7.2,工装申请与制造,14.7.2.1,工装申请管理,信息流图--集成制造业务域-14.7.2.1工艺装备申请,采购申请单,否,,1,,,,,,,,线下,C/U,0,0,科技创新部,,OK,集成制造/集成制造业务域一图三表汇总清单0929.xlsx,,
14,集成制造,14.7,工装工具管理,14.7.2,工装申请与制造,14.7.2.1,工装申请管理,信息流图--集成制造业务域-14.7.2.1工艺装备申请,工装设计评审纪要,否,,0,,,,,,,,ERP,R/U,0,0,科技创新部,,OK,集成制造/集成制造业务域一图三表汇总清单0929.xlsx,,
14,集成制造,14.7,工装工具管理,14.7.2,工装申请与制造,14.7.2.2,工装设计与更改,信息流图-集成制造业务域-工装工具管理组-14.7.2.2工装设计与更改,工艺装备申请单,否,,0,,,,,,,,CPM,R,0,0,科技创新部,,OK,集成制造/集成制造业务域一图三表汇总清单0929.xlsx,,
14,集成制造,14.7,工装工具管理,14.7.2,工装申请与制造,14.7.2.2,工装设计与更改,信息流图-集成制造业务域-工装工具管理组-14.7.2.2工装设计与更改,样板/数据集申请单,否,,0,,,,,,,,/,R,0,0,科技创新部,,OK,集成制造/集成制造业务域一图三表汇总清单0929.xlsx,,
14,集成制造,14.7,工装工具管理,14.7.2,工装申请与制造,14.7.2.2,工装设计与更改,信息流图-集成制造业务域-工装工具管理组-14.7.2.2工装设计与更改,包装箱设计（补充技术条件）,否,,0,,,,,,,,OA,C/U,0,0,科技创新部,线上线下输出名称，如果在系统中，应该给出系统中的线上末级菜单名称,OK,集成制造/集成制造业务域一图三表汇总清单0929.xlsx,,
14,集成制造,14.7,工装工具管理,14.7.2,工装申请与制造,14.7.2.2,工装设计与更改,信息流图-集成制造业务域-工装工具管理组-14.7.2.2工装设计与更改,工装利用制造技术说明,否,,0,,,,,,,,ERP,R/U,0,0,科技创新部,,OK,集成制造/集成制造业务域一图三表汇总清单0929.xlsx,,
14,集成制造,14.7,工装工具管理,14.7.2,工装申请与制造,14.7.2.2,工装设计与更改,信息流图-集成制造业务域-工装工具管理组-14.7.2.2工装设计与更改,工装利用设计技术说明,否,,0,,,,,,,,OA,R,0,0,科技创新部,,OK,集成制造/集成制造业务域一图三表汇总清单0929.xlsx,,
14,集成制造,14.7,工装工具管理,14.7.2,工装申请与制造,14.7.2.2,工装设计与更改,信息流图-集成制造业务域-工装工具管理组-14.7.2.2工装设计与更改,工装数据管理单,是,工装数据管理单,1,,,FM1405-42,FM1407-42,PLM,,,CPM,R/U,FM1405-42,工装数据管理单,科技创新部,,OK,集成制造/集成制造业务域一图三表汇总清单0929.xlsx,,
14,集成制造,14.7,工装工具管理,14.7.2,工装申请与制造,14.7.2.2,工装设计与更改,信息流图-集成制造业务域-工装工具管理组-14.7.2.2工装设计与更改,工装数据更改单,是,工装问题处理单,1,,,FM1405-43,FM1407-43,PLM,,是,,C/U,FM1405-43,工装问题处理单,科技创新部,,OK,集成制造/集成制造业务域一图三表汇总清单0929.xlsx,,
14,集成制造,14.7,工装工具管理,14.7.2,工装申请与制造,14.7.2.2,工装设计与更改,信息流图-集成制造业务域-工装工具管理组-14.7.2.2工装设计与更改,工装成品细目表,是,工装数据更改单,1,,,FM1405-44,FM1407-44,PLM,,是,,C/U,FM1405-44,工装数据更改单,科技创新部,,,集成制造/集成制造业务域一图三表汇总清单0929.xlsx,,
14,集成制造,14.7,工装工具管理,14.7.2,工装申请与制造,14.7.2.2,工装设计与更改,信息流图-集成制造业务域-工装工具管理组-14.7.2.2工装设计与更改,工装问题处理单,是,工装成品细目表,0,,,FM1405-45,FM1407-45,PLM,,是,,C/U,FM1405-45,工装成品细目表,科技创新部,,,集成制造/集成制造业务域一图三表汇总清单0929.xlsx,,
14,集成制造,14.7,工装工具管理,14.7.2,工装申请与制造,14.7.2.2,工装设计与更改,信息流图-集成制造业务域-工装工具管理组-14.7.2.2工装设计与更改,工装使用说明书,是,工装使用说明书,1,,,FM1405-23A,FM1407-63,纸质,,是,,C/U,FM1405-63,工装使用说明书,科技创新部,,,集成制造/集成制造业务域一图三表汇总清单0929.xlsx,,
14,集成制造,14.7,工装工具管理,14.7.2,工装申请与制造,14.7.2.2,工装设计与更改,信息流图-集成制造业务域-工装工具管理组-14.7.2.2工装设计与更改,工装设计评审纪要,是,工装设计评审纪要,1,,,FM1405-64,FM1407-64,纸质,,是,,C/U,FM1405-64,工装设计评审纪要,科技创新部,,,集成制造/集成制造业务域一图三表汇总清单0929.xlsx,,
14,集成制造,14.7,工装工具管理,14.7.2,工装申请与制造,14.7.2.2,工装设计与更改,信息流图-集成制造业务域-工装工具管理组-14.7.2.2工装设计与更改,制造数据集发放单,是,制造数据集发放单,,,,FM1405-199,FM1407-199,OA,,是,,C,FM1405-199,制造数据集发放单,科技创新部,,,集成制造/集成制造业务域一图三表汇总清单0929.xlsx,,
14,集成制造,14.7,工装工具管理,14.7.2,工装申请与制造,14.7.2.2,工装设计与更改,信息流图-集成制造业务域-工装工具管理组-14.7.2.2工装设计与更改,制造数据集更改单,是,制造数据集更改单,,,,FM1405-201,FM1407-201,OA,,是,,C,FM1405-201,制造数据集更改单,科技创新部,,,集成制造/集成制造业务域一图三表汇总清单0929.xlsx,,
14,集成制造,14.7,工装工具管理,14.7.2,工装申请与制造,14.7.2.2,工装设计与更改,信息流图-集成制造业务域-工装工具管理组-14.7.2.2工装设计与更改,产品包装设计（补充）技术条件,是,产品包装设计（补充）技术条件,,,,FM1405-180,FM1407-180,纸质,,否,,C,FM1405-180,产品包装设计（补充）技术条件,科技创新部,,,集成制造/集成制造业务域一图三表汇总清单0929.xlsx,,
14,集成制造,14.7,工装工具管理,14.7.3,工装申请与制造,14.7.3.1,工装使用,信息流图--集成制造业务域-14.7.3.1工艺装备使用,工装实物资产账,是,工装实物资产账,1,,,,,线下EXCEL,,是,,C/U,,工装实物资产账,科技创新部,,,集成制造/集成制造业务域一图三表汇总清单0929.xlsx,,
14,集成制造,14.7,工装工具管理,14.7.3,工装申请与制造,14.7.3.1,工装使用,信息流图--集成制造业务域-14.7.3.1工艺装备使用,工装借用申请单,是,工装借用申请单,1,,,FM1405-73,,纸质,,是,,C/U,FM1405-73,工装借用申请单,科技创新部,,,集成制造/集成制造业务域一图三表汇总清单0929.xlsx,,
14,集成制造,14.7,工装工具管理,14.7.3,工装现场管理,14.7.3.3,工装返修,信息流图--集成制造业务域-14.7.3.3工艺装备返工,工艺装备返工申请单,是,工艺装备返工申请单,0,,,FM1405-55,FM1407-55,OA,,是,,C/U,FM1405-55,工艺装备返工申请单,科技创新部,,,集成制造/集成制造业务域一图三表汇总清单0929.xlsx,,
14,集成制造,14.7,工装工具管理,14.7.3,工装现场管理,14.7.3.3,工装返修,信息流图--集成制造业务域-14.7.3.3工艺装备返工,工装制造计划,否,,1,,,,,,,是,,C/U,0,0,科技创新部,,,集成制造/集成制造业务域一图三表汇总清单0929.xlsx,,
14,集成制造,14.7,工装工具管理,14.7.3,工装现场管理,14.7.3.3,工装返修,信息流图--集成制造业务域-14.7.3.3工艺装备返工,采购申请单,否,,0,,,,,,,是,,C/U,0,0,科技创新部,,,集成制造/集成制造业务域一图三表汇总清单0929.xlsx,,
14,集成制造,14.7,工装工具管理,14.7.3,工装现场管理,14.7.3.3,工装返修,信息流图--集成制造业务域-14.7.3.3工艺装备返工,商务分工报告,否,,0,,,,,,,是,,C/U,0,0,科技创新部,,,集成制造/集成制造业务域一图三表汇总清单0929.xlsx,,
14,集成制造,14.7,工装工具管理,14.7.3,工装现场管理,14.7.3.4,工装维护,信息流图--集成制造业务域-14.7.3.4工艺装备维护,工装实物资产目录,否,,0,,,,,,,是,,C/U,0,0,科技创新部,,,集成制造/集成制造业务域一图三表汇总清单0929.xlsx,,
14,集成制造,14.7,工装工具管理,14.7.3,工装现场管理,14.7.3.4,工装维护,信息流图--集成制造业务域-14.7.3.4工艺装备维护,工艺装备维护保养计划,是,工艺装备维护保养计划,1,,,FM1405-17,,纸质,,,,C/U,FM1405-17,工艺装备维护保养计划,科技创新部,,OK,集成制造/集成制造业务域一图三表汇总清单0929.xlsx,,
14,集成制造,14.7,工装工具管理,14.7.3,工装现场管理,14.7.3.4,工装维护,信息流图--集成制造业务域-14.7.3.4工艺装备维护,工艺装备返工申请单,否,,0,,,,,,,,,C/U,0,0,科技创新部,,OK,集成制造/集成制造业务域一图三表汇总清单0929.xlsx,,
14,集成制造,14.7,工装工具管理,14.7.3,工装现场管理,14.7.3.4,工装维护,信息流图--集成制造业务域-14.7.3.4工艺装备维护,采购申请单,否,,0,,,,,,,,,C/U,0,0,科技创新部,,OK,集成制造/集成制造业务域一图三表汇总清单0929.xlsx,,
14,集成制造,14.7,工装工具管理,14.7.3,工装现场管理,14.7.3.4,工装维护,信息流图--集成制造业务域-14.7.3.4工艺装备维护,商务分工报告,否,,0,,,,,,,,,C/U,0,0,科技创新部,,OK,集成制造/集成制造业务域一图三表汇总清单0929.xlsx,,
14,集成制造,14.7,工装工具管理,14.7.4,工装验证,,,信息流图--集成制造业务域-14.7.4工装验证,工装验证清单,是,工装验证清单,1,,,,,纸质,,,,C/U,,工装验证清单,科技创新部,,,集成制造/集成制造业务域一图三表汇总清单0929.xlsx,,
14,集成制造,14.7,工装工具管理,14.7.4,工装验证,,,信息流图--集成制造业务域-14.7.4工装验证,工艺装备证明书,否,,0,,,,,,,,,C/U,0,0,科技创新部,,,集成制造/集成制造业务域一图三表汇总清单0929.xlsx,,
14,集成制造,14.7,工装工具管理,14.7.5,工装优化,,,信息流图--集成制造业务域-14.7.5工装优化,工装测算表,否,,0,,,,,,,,OA,C/U,0,0,科技创新部,,,集成制造/集成制造业务域一图三表汇总清单0929.xlsx,,
14,集成制造,14.7,工装工具管理,14.7.5,工装优化,,,信息流图--集成制造业务域-14.7.5工装优化,工艺装备品种表,否,,1,,,,,,,,CPM,R/U,0,0,科技创新部,,,集成制造/集成制造业务域一图三表汇总清单0929.xlsx,,
14,集成制造,14.7,工装工具管理,14.7.5,工装优化,,,信息流图--集成制造业务域-14.7.5工装优化,工艺装备申请单,否,,1,,,,,,,,线下,R,0,0,科技创新部,,,集成制造/集成制造业务域一图三表汇总清单0929.xlsx,,
14,集成制造,14.7,工装工具管理,14.7.6,工具申请,,,信息流图--集成制造业务域-14.7.6工具申请,工具申请单,是,工具申请单,1,,,FM1406-202,,OA,,,线下,R/U,FM1406-202,工具申请单,科技创新部,,,集成制造/集成制造业务域一图三表汇总清单0929.xlsx,,
14,集成制造,14.7,工装工具管理,14.7.7,专用工具设计与更改,,,信息流图-集成制造业务域-14.7.7工装工具管理组-专用工具设计与更改,专用工具设计技术条件,否,,0,,,,,,,,CAPP,,0,0,科技创新部,建议拆分，同时对比业务表名称（信息流图）和线上线下输出物名称，不一致，完全拉齐,OK,集成制造/集成制造业务域一图三表汇总清单0929.xlsx,,
14,集成制造,14.7,工装工具管理,14.7.7,专用工具设计与更改,,,信息流图-集成制造业务域-14.7.7工装工具管理组-专用工具设计与更改,专用工具数据管理单,是,专用工具数据管理单,1,,,FM1406-01,FM1407-57,PLM,,,CAPP,,FM1406-01,专用工具数据管理单,科技创新部,建议拆分，同时对比业务表名称（信息流图）和线上线下输出物名称，不一致，完全拉齐,OK,集成制造/集成制造业务域一图三表汇总清单0929.xlsx,,
14,集成制造,14.7,工装工具管理,14.7.7,专用工具设计与更改,,,信息流图-集成制造业务域-14.7.7工装工具管理组-专用工具设计与更改,专用工具数据更改单,是,专用工具数据更改单,1,,,FM1406-02,FM1407-58,PLM,,,CAPP,,FM1406-02,专用工具数据更改单,科技创新部,建议拆分，同时对比业务表名称（信息流图）和线上线下输出物名称，不一致，完全拉齐,OK,集成制造/集成制造业务域一图三表汇总清单0929.xlsx,,
14,集成制造,14.7,工装工具管理,14.7.8,工具现场管理,,,信息流图--集成制造业务域-14.7.8工具现场管控,工具台账,是,工具台账,0,,,FM1406-61,FM1407-2,线下EXCEL,,,CAPP,,FM1406-61,工具台账,科技创新部,建议拆分，同时对比业务表名称（信息流图）和线上线下输出物名称，不一致，完全拉齐,OK,集成制造/集成制造业务域一图三表汇总清单0929.xlsx,,
14,集成制造,14.7,工装工具管理,14.7.8,工具现场管理,,,信息流图--集成制造业务域-14.7.8工具现场管控,工具报废申请单,是,工具报废申请单,1,,,FM1406-72,,OA,,,CAPP,,FM1406-72,工具报废申请单,科技创新部,建议拆分，同时对比业务表名称（信息流图）和线上线下输出物名称，不一致，完全拉齐,OK,集成制造/集成制造业务域一图三表汇总清单0929.xlsx,,
14,集成制造,14.7,工装工具管理,14.7.8,工具现场管理,,,信息流图--集成制造业务域-14.7.8工具现场管控,工具维修申请单,是,工具维修申请单,1,,,FM1406-57,,OA,,,CAPP,,FM1406-57,工具维修申请单,科技创新部,建议拆分，同时对比业务表名称（信息流图）和线上线下输出物名称，不一致，完全拉齐,OK,集成制造/集成制造业务域一图三表汇总清单0929.xlsx,,
14,集成制造,14.7,工装工具管理,14.7.8,工具现场管理,,,信息流图--集成制造业务域-14.7.8工具现场管控,工具调拨单,是,工具调拨单,1,,,FM1406-66,,纸质,,,纸质,,FM1406-66,工具调拨单,科技创新部,建议拆分，同时对比业务表名称（信息流图）和线上线下输出物名称，不一致，完全拉齐,OK,集成制造/集成制造业务域一图三表汇总清单0929.xlsx,,
14,集成制造,14.7,工装工具管理,14.7.8,工具现场管理,,,信息流图--集成制造业务域-14.7.8工具现场管控,工具状态表,是,工具状态表,0,,,FM1406-74,FM1407-3,线下EXCEL,,,CAPP,,FM1406-74,工具状态表,科技创新部,建议拆分，同时对比业务表名称（信息流图）和线上线下输出物名称，不一致，完全拉齐,OK,集成制造/集成制造业务域一图三表汇总清单0929.xlsx,,
14,集成制造,14.7,工装工具管理,14.7.9,工具验证,,,信息流图--集成制造业务域-14.7.9工具验证,工具试用报告（批次）,是,工具试用报告（批次）,1,,,FM1406-88,FM1407-116,纸质,,,CAPP,,FM1406-88,工具试用报告（批次）,科技创新部,建议拆分，同时对比业务表名称（信息流图）和线上线下输出物名称，不一致，完全拉齐,OK,集成制造/集成制造业务域一图三表汇总清单0929.xlsx,,
14,集成制造,14.7,工装工具管理,14.7.9,工具验证,,,信息流图--集成制造业务域-14.7.9工具验证,工具验证清单,是,工具验证清单,0,,,FM1406-78,FM1407-119,纸质,,,CAPP,,FM1406-78,工具验证清单,科技创新部,建议拆分，同时对比业务表名称（信息流图）和线上线下输出物名称，不一致，完全拉齐,OK,集成制造/集成制造业务域一图三表汇总清单0929.xlsx,,
14,集成制造,14.8,制造质量管理,14.8.1,产品检验策划,,,信息流图-集成制造业务域-制造质量管理-14.8.1产品检验策划,产品检验规程,是,产品检验规程,1,,,无,FM1404-82,纸质,,,纸质,,FM1404-82,产品检验规程,质量安全部,建议拆分，同时对比业务表名称（信息流图）和线上线下输出物名称，不一致，完全拉齐,OK,集成制造/集成制造业务域一图三表汇总清单0929.xlsx,,
14,集成制造,14.8,制造质量管理,14.8.1,产品检验策划,,,信息流图-集成制造业务域-制造质量管理-14.8.1产品检验策划,顾客检验点清单,是,顾客检验点清单,1,,,无,FM1404-84,纸质,,,CAPP,,FM1404-84,顾客检验点清单,质量安全部,建议拆分，同时对比业务表名称（信息流图）和线上线下输出物名称，不一致，完全拉齐,OK,集成制造/集成制造业务域一图三表汇总清单0929.xlsx,,
14,集成制造,14.8,制造质量管理,14.8.1,产品检验策划,,,信息流图-集成制造业务域-制造质量管理-14.8.1产品检验策划,适航检验点清单,是,适航检验点清单,1,,,无,FM1404-83,纸质,,,CAPP,,FM1404-83,适航检验点清单,质量安全部,建议拆分；未填写完整；线上线下输出名称，如果在系统中，应该给出系统中的线上末级菜单名称,OK,集成制造/集成制造业务域一图三表汇总清单0929.xlsx,,
14,集成制造,14.8,制造质量管理,14.8.1,产品检验策划,,,信息流图-集成制造业务域-制造质量管理-14.8.1产品检验策划,产品装配控制记录,否,,0,,,,,,,,CAPP,,0,0,质量安全部,建议拆分；未填写完整；线上线下输出名称，如果在系统中，应该给出系统中的线上末级菜单名称,OK,集成制造/集成制造业务域一图三表汇总清单0929.xlsx,,
14,集成制造,14.8,制造质量管理,14.8.1,产品检验策划,,,信息流图-集成制造业务域-制造质量管理-14.8.1产品检验策划,产品制造记录,否,,0,,,,,,,,CAPP,,0,0,质量安全部,建议拆分；未填写完整；线上线下输出名称，如果在系统中，应该给出系统中的线上末级菜单名称,OK,集成制造/集成制造业务域一图三表汇总清单0929.xlsx,,
14,集成制造,14.8,制造质量管理,14.8.2,包装运输质量策划,,,信息流图-集成制造业务域-制造质量管理-14.8.2包装运输质量策划,包装运输检验清单,是,包装运输检验清单,1,,,FM1404-85,,纸质,,,纸质,,FM1404-85,包装运输检验清单,质量安全部,建议拆分；未填写完整；线上线下输出名称，如果在系统中，应该给出系统中的线上末级菜单名称,OK,集成制造/集成制造业务域一图三表汇总清单0929.xlsx,,
14,集成制造,14.8,制造质量管理,14.8.3,理化计量要求策划,,,信息流图-集成制造业务域-制造质量管理-14.8.3理化计量要求策划,试验申请单,是,试验申请单,1,,,FM1404-44,,OA,,,,C/U,FM1404-44,试验申请单,质量安全部,,OK,集成制造/集成制造业务域一图三表汇总清单0929.xlsx,,
14,集成制造,14.8,制造质量管理,14.8.3,理化计量要求策划,,,信息流图-集成制造业务域-制造质量管理-14.8.3理化计量要求策划,试验文件,是,试验文件（自编技术文件）,0,,,FM2310-45,,CPM,,,,C/U,FM2310-45,试验文件,质量安全部,,OK,集成制造/集成制造业务域一图三表汇总清单0929.xlsx,,
14,集成制造,14.8,制造质量管理,14.8.3,理化计量要求策划,,,信息流图-集成制造业务域-制造质量管理-14.8.3理化计量要求策划,试验确认单,是,试验确认单,1,,,无,FM1404-88,纸质,,,线下,R/U,FM1404-88,试验确认单,质量安全部,,OK,集成制造/集成制造业务域一图三表汇总清单0929.xlsx,,
14,集成制造,14.8,工装工具管理,14.8.3,理化计量要求策划,14.8.3.2,工装定检,信息流图-集成制造业务域-工装工具管理-14.8.3.2工装定检,工艺装备备忘录,是,工艺装备备忘录,1,,,FM1405-15,,线下EXCEL,,,线下,C/U,FM1405-15,工艺装备备忘录,质量安全部,,OK,集成制造/集成制造业务域一图三表汇总清单0929.xlsx,,
14,集成制造,14.8,工装工具管理,14.8.3,理化计量要求策划,14.8.3.2,工装定检,信息流图-集成制造业务域-工装工具管理-14.8.3.2工装定检,工艺装备定期检修计划表,是,工艺装备定期检修计划表,1,,,FM1405-24,,CPM,,,线下,C/U,FM1405-24,工艺装备定期检修计划表,质量安全部,,OK,集成制造/集成制造业务域一图三表汇总清单0929.xlsx,,
14,集成制造,14.8,工装工具管理,14.8.3,理化计量要求策划,14.8.3.2,工装定检,信息流图-集成制造业务域-工装工具管理-14.8.3.2工装定检,工装定检申请单,是,工装定检申请单,1,,,FM1405-18,,线下EXCEL,,,线下,U,FM1405-18,工装定检申请单,质量安全部,,OK,集成制造/集成制造业务域一图三表汇总清单0929.xlsx,,
14,集成制造,14.8,工装工具管理,14.8.3,理化计量要求策划,14.8.3.2,工装定检,信息流图-集成制造业务域-工装工具管理-14.8.3.2工装定检,工装定检检修记录,是,工装定检检修记录,1,,,FM1405-16,,线下EXCEL,,,线下,U,FM1405-16,工装定检检修记录,质量安全部,,OK,集成制造/集成制造业务域一图三表汇总清单0929.xlsx,,
14,集成制造,14.8,工装工具管理,14.8.3,理化计量要求策划,14.8.3.2,工装定检,信息流图-集成制造业务域-工装工具管理-14.8.3.2工装定检,召回工装通知单,是,召回工装通知单,1,,,FM1405-19,,线下EXCEL,,,线下,U,FM1405-19,召回工装通知单,质量安全部,,OK,集成制造/集成制造业务域一图三表汇总清单0929.xlsx,,
14,集成制造,14.8,工装工具管理,14.8.3,理化计量要求策划,14.8.3.2,工装定检,信息流图-集成制造业务域-工装工具管理-14.8.3.2工装定检,工装定检技术要求,是,工装定检技术要求,1,,,FM1405-33,,线下EXCEL,,,线下,U,FM1405-33,工装定检技术要求,质量安全部,,OK,集成制造/集成制造业务域一图三表汇总清单0929.xlsx,,
14,集成制造,14.8,工装工具管理,14.8.3,理化计量要求策划,14.8.3.2,工装定检,信息流图-集成制造业务域-工装工具管理-14.8.3.2工装定检,工装定检周期申请单,是,工装定检周期申请单,1,,,FM1405-52,,线下EXCEL,,,CPM,R,FM1405-52,工装定检周期申请单,质量安全部,,OK,集成制造/集成制造业务域一图三表汇总清单0929.xlsx,,
14,集成制造,14.8,制造质量管理,14.8.4,理化计量要求执行,,,信息流图-集成制造业务域-制造质量管理-14.8.4理化计量要求执行,试验申请单,否,,0,,,FM1404-44,,OA,,,CPM/OA/WMS,R,FM1404-44,试验申请单,质量安全部,,OK,集成制造/集成制造业务域一图三表汇总清单0929.xlsx,,
14,集成制造,14.8,制造质量管理,14.8.4,理化计量要求执行,,,信息流图-集成制造业务域-制造质量管理-14.8.4理化计量要求执行,试验报告,是,试验报告,1,,,FM1404-46,,纸质,,,线下/CPM,C/U,FM1404-46,试验报告,质量安全部,,OK,集成制造/集成制造业务域一图三表汇总清单0929.xlsx,,
14,集成制造,14.8,制造质量管理,14.8.5,首件检验,,,信息流图-集成制造业务域-制造质量管理-14.8.5首件检验,检验更改申请单,是,检验更改申请单,1,,,FM1404-62,,MES,,,CPM,R,FM1404-62,检验更改申请单,质量安全部,,OK,集成制造/集成制造业务域一图三表汇总清单0929.xlsx,,
14,集成制造,14.8,制造质量管理,14.8.5,首件检验,,,信息流图-集成制造业务域-制造质量管理-14.8.5首件检验,首件检验报告 - 产品件号符合性(首页),是,首件检验报告 - 产品件号符合性(首页),1,,,FM1404-64,,MES,,,/,R,FM1404-64,首件检验报告 - 产品件号符合性(首页),质量安全部,,OK,集成制造/集成制造业务域一图三表汇总清单0929.xlsx,,
14,集成制造,14.8,制造质量管理,14.8.5,首件检验,,,信息流图-集成制造业务域-制造质量管理-14.8.5首件检验,首件检验报告 - 产品件号符合性(续页),是,首件检验报告 - 产品件号符合性(续页),1,,,FM1404-64.1,,MES,,,OA,U,FM1404-64.1,首件检验报告 - 产品件号符合性(续页),质量安全部,,OK,集成制造/集成制造业务域一图三表汇总清单0929.xlsx,,
14,集成制造,14.8,制造质量管理,14.8.5,首件检验,,,信息流图-集成制造业务域-制造质量管理-14.8.5首件检验,首件检验报告 - 产品核查（原材料、特殊过程和功能试验）,是,首件检验报告 - 产品核查（原材料、特殊过程和功能试验）,1,,,FM1404-66,,MES,,,OA,U,FM1404-66,首件检验报告 - 产品核查（原材料、特殊过程和功能试验）,质量安全部,,OK,集成制造/集成制造业务域一图三表汇总清单0929.xlsx,,
14,集成制造,14.8,制造质量管理,14.8.5,首件检验,,,信息流图-集成制造业务域-制造质量管理-14.8.5首件检验,首件检验报告 - 特性核查、验证和符合性评价,是,首件检验报告 - 特性核查、验证和符合性评价,1,,,FM1404-67,,MES,,,OA,R,FM1404-67,首件检验报告 - 特性核查、验证和符合性评价,质量安全部,,OK,集成制造/集成制造业务域一图三表汇总清单0929.xlsx,,
14,集成制造,14.8,制造质量管理,14.8.5,首件检验,,,信息流图-集成制造业务域-制造质量管理-14.8.5首件检验,零组件首件检验计划和报告,是,零组件首件检验计划和报告,1,,,FM1404-69,,MES,,,/,R,FM1404-69,零组件首件检验计划和报告,质量安全部,,OK,集成制造/集成制造业务域一图三表汇总清单0929.xlsx,,
14,集成制造,14.8,制造质量管理,14.8.5,首件检验,,,信息流图-集成制造业务域-制造质量管理-14.8.5首件检验,首件检验特性草图,是,首件检验特性草图,1,,,FM1404-70,,MES,,,线下,C/U,FM1404-70,首件检验特性草图,质量安全部,对比业务表名称（信息流图）和线上线下输出物名称，不一致，线下文本或cpm文件非结构化，完全拉齐,OK,集成制造/集成制造业务域一图三表汇总清单0929.xlsx,,
14,集成制造,14.8,制造质量管理,14.8.5,首件检验,,,信息流图-集成制造业务域-制造质量管理-14.8.5首件检验,首件检验通知,是,首件检验通知,1,,,FM1404-63,,MES,,,线下,U/R,FM1404-63,首件检验通知,质量安全部,,OK,集成制造/集成制造业务域一图三表汇总清单0929.xlsx,,
14,集成制造,14.8,制造质量管理,14.8.5,首件检验,,,信息流图-集成制造业务域-制造质量管理-14.8.5首件检验,构型更改委员会行动项清单,否,构型更改委员会行动项清单,1,,,,,快表,,,OA,U/R,0,构型更改委员会行动项清单,质量安全部,,OK,集成制造/集成制造业务域一图三表汇总清单0929.xlsx,,
14,集成制造,14.8,制造质量管理,14.8.5,首件检验,,,信息流图-集成制造业务域-制造质量管理-14.8.5首件检验,质量工程指示单,是,质量工程指示单,1,,,FM1404-61,,CPM,,是,CPM,C/U,FM1404-61,质量工程指示单,质量安全部,线上线下输出名称，如果在系统中，应该给出系统中的线上末级菜单名称,OK,集成制造/集成制造业务域一图三表汇总清单0929.xlsx,,
14,集成制造,14.8,制造质量管理,14.8.6,产品检验,,,信息流图-集成制造业务域-制造质量管理-14.8.6产品检验,合格证,是,合格证,1,,,FM1404-59,,纸质,,,CPM,U/R,FM1404-59,合格证,质量安全部,,OK,集成制造/集成制造业务域一图三表汇总清单0929.xlsx,,
14,集成制造,14.8,制造质量管理,14.8.6,产品检验,,,信息流图-集成制造业务域-制造质量管理-14.8.6产品检验,产品合格证（内部）,是,产品合格证（内部）,1,,,FM1404-58,,纸质,,是,CPM,U/R,FM1404-58,产品合格证（内部）,质量安全部,R的表  输出业务项  应该是否；未填写完整；线上线下输出名称，如果在系统中，应该给出系统中的线上末级菜单名称,OK,集成制造/集成制造业务域一图三表汇总清单0929.xlsx,,
14,集成制造,14.8,制造质量管理,14.8.6,产品检验,,,信息流图-集成制造业务域-制造质量管理-14.8.6产品检验,产品装配控制记录,否,产品装配控制记录,1,,,,,,,,OA,C,0,产品装配控制记录,质量安全部,,OK,集成制造/集成制造业务域一图三表汇总清单0929.xlsx,,
14,集成制造,14.8,制造质量管理,14.8.6,产品检验,,,信息流图-集成制造业务域-制造质量管理-14.8.6产品检验,产品制造记录,否,产品制造记录,1,,,,,,,,OA,C,0,产品制造记录,质量安全部,,OK,集成制造/集成制造业务域一图三表汇总清单0929.xlsx,,
14,集成制造,14.8,制造质量管理,14.8.7,不合格品控制,,,信息流图-集成制造业务域-制造质量管理-14.8.7 不合格品控制,产品制造记录,否,,0,,,,,,,,线下,C,0,0,质量安全部,,OK,集成制造/集成制造业务域一图三表汇总清单0929.xlsx,,
14,集成制造,14.8,制造质量管理,14.8.7,不合格品控制,,,信息流图-集成制造业务域-制造质量管理-14.8.7 不合格品控制,产品装配控制记录,否,,0,,,,,,,,线下,C,0,0,质量安全部,,OK,集成制造/集成制造业务域一图三表汇总清单0929.xlsx,,
14,集成制造,14.8,制造质量管理,14.8.7,不合格品控制,,,信息流图-集成制造业务域-制造质量管理-14.8.7 不合格品控制,不合格品登记帐,是,不合格品登记帐,1,,,FM1404-16,,纸质,,,CPM,R,FM1404-16,不合格品登记帐,质量安全部,,OK,集成制造/集成制造业务域一图三表汇总清单0929.xlsx,,
14,集成制造,14.8,制造质量管理,14.8.7,不合格品控制,,,信息流图-集成制造业务域-制造质量管理-14.8.7 不合格品控制,偏差项目记录单,是,偏差项目记录单,1,,,FM1404-14,,纸质,,,/,R,FM1404-14,偏差项目记录单,质量安全部,,OK,集成制造/集成制造业务域一图三表汇总清单0929.xlsx,,
14,集成制造,14.8,制造质量管理,14.8.7,不合格品控制,,,信息流图-集成制造业务域-制造质量管理-14.8.7 不合格品控制,故障通知单,是,故障通知单,1,,,FM1404-15,,OA,,,OA,C,FM1404-15,故障通知单,质量安全部,,OK,集成制造/集成制造业务域一图三表汇总清单0929.xlsx,,
14,集成制造,14.8,制造质量管理,14.8.7,不合格品控制,,,信息流图-集成制造业务域-制造质量管理-14.8.7 不合格品控制,废品卡片,是,废品卡片,1,,,FM1404-09,,OA,,,KB,C/U,FM1404-09,废品卡片,质量安全部,,OK,集成制造/集成制造业务域一图三表汇总清单0929.xlsx,,
14,集成制造,14.8,制造质量管理,14.8.7,不合格品控制,,,信息流图-集成制造业务域-制造质量管理-14.8.7 不合格品控制,拒收报告,是,拒收报告,1,,,FM1404-08,,OA,,,CPM,R,FM1404-08,拒收报告,质量安全部,,OK,集成制造/集成制造业务域一图三表汇总清单0929.xlsx,,
14,集成制造,14.8,制造质量管理,14.8.7,不合格品控制,,,信息流图-集成制造业务域-制造质量管理-14.8.7 不合格品控制,不合格品粘签,是,不合格品粘签,1,,,FM1404-17,,纸质,,,OA,C/U,FM1404-17,不合格品粘签,质量安全部,线上线下输出名称，如果在系统中，应该给出系统中的线上末级菜单名称,OK,集成制造/集成制造业务域一图三表汇总清单0929.xlsx,,
14,集成制造,14.8,制造质量管理,14.8.7,不合格品控制,,,信息流图-集成制造业务域-制造质量管理-14.8.7 不合格品控制,不合格品挂签,是,不合格品挂签,1,,,FM1404-11,,纸质,,,OA,U/R,FM1404-11,不合格品挂签,质量安全部,,OK,集成制造/集成制造业务域一图三表汇总清单0929.xlsx,,
14,集成制造,14.8,制造质量管理,14.8.7,不合格品控制,,,信息流图-集成制造业务域-制造质量管理-14.8.7 不合格品控制,产品控制记录,否,产品控制记录,1,,,,,,,,线下,U,0,0,质量安全部,,OK,集成制造/集成制造业务域一图三表汇总清单0929.xlsx,,
14,集成制造,14.8,制造质量管理,14.8.7,不合格品控制,,,信息流图-集成制造业务域-制造质量管理-14.8.7 不合格品控制,质量问题通知单,是,质量问题通知单,1,,,FM1404-13,,OA,,,OA,R,FM1404-13,质量问题通知单,质量安全部,,OK,集成制造/集成制造业务域一图三表汇总清单0929.xlsx,,
14,集成制造,14.8,制造质量管理,14.8.7,不合格品控制,14.8.7.1,质量逃逸,信息流图-集成制造业务域-制造质量管理-14.8.7.1 质量逃逸,质量逃逸通知,是,质量逃逸通知,1,,,FM1404-68,,纸质,,,OA,R,FM1404-68,质量逃逸通知,质量安全部,,OK,集成制造/集成制造业务域一图三表汇总清单0929.xlsx,,
14,集成制造,14.8,制造质量管理,14.8.8,交付文件的准备,,,信息流图-集成制造业务域-制造质量管理-14.8.8交付文件的准备,交付文件清单,是,交付文件清单,1,,,,FM1404-86,纸质,,,OA,R,FM1404-86,交付文件清单,质量安全部,,OK,集成制造/集成制造业务域一图三表汇总清单0929.xlsx,,
14,集成制造,14.8,制造质量管理,14.8.9,包装运输检验,,,信息流图-集成制造业务域-制造质量管理-14.8.9包装运输检验,包装运输检验记录单,是,包装运输检验记录单,1,,,FM1404-87,,纸质,,,OA,C/U,FM1404-87,包装运输检验记录单,质量安全部,,OK,集成制造/集成制造业务域一图三表汇总清单0929.xlsx,,
14,集成制造,14.8,制造质量管理,14.8.9,包装运输检验,,,信息流图-集成制造业务域-制造质量管理-14.8.9包装运输检验,包装运输检验清单,否,,0,,,,,,,,OA,C/U,FM1404-85,包装运输检验清单,质量安全部,,OK,集成制造/集成制造业务域一图三表汇总清单0929.xlsx,,
14,集成制造,14.9,生产资源保障管理,14.9.1,设备设施计划策划,,,信息流图-集成制造业务域-生产资源保障-14.9.1设备设施计划策划,设备大中（项）修理申请表,否,,,,,,,,,,PLM,C/U,0,0,生产运营部,线上线下输出名称，如果在系统中，应该给出系统中的线上末级菜单名称,OK,集成制造/集成制造业务域一图三表汇总清单0929.xlsx,,
14,集成制造,14.9,生产资源保障管理,14.9.1,设备设施计划策划,,,信息流图-集成制造业务域-生产资源保障-14.9.1设备设施计划策划,设备备件需求申请表,否,,,,,,,,,,PLM,C/U,0,0,生产运营部,线上线下输出名称，如果在系统中，应该给出系统中的线上末级菜单名称,OK,集成制造/集成制造业务域一图三表汇总清单0929.xlsx,,
14,集成制造,14.9,生产资源保障管理,14.9.1,设备设施计划策划,,,信息流图-集成制造业务域-生产资源保障-14.9.1设备设施计划策划,机械动力设备设施大中（项）修计划,是,机械动力设备设施大中（项）修计划,1,,,FM1407-12,,纸质,,,PLM,C/U,FM1407-12,机械动力设备设施大中（项）修计划,生产运营部,线上线下输出名称，如果在系统中，应该给出系统中的线上末级菜单名称,OK,集成制造/集成制造业务域一图三表汇总清单0929.xlsx,,
14,集成制造,14.9,生产资源保障管理,14.9.1,设备设施计划策划,,,信息流图-集成制造业务域-生产资源保障-14.9.1设备设施计划策划,设备备件采购计划单,是,设备备件采购计划单,1,,,FM1407-22,,纸质,,,PLM,C/U,FM1407-22,设备备件采购计划单,生产运营部,对比业务表名称（信息流图）和线上线下输出物名称，不一致，完全拉齐,OK,集成制造/集成制造业务域一图三表汇总清单0929.xlsx,,
14,集成制造,14.9,生产资源保障管理,14.9.10,动能供应管理,,,信息流图-集成制造业务域-生产资源保障-14.9.10动能供应管理,动能供用申请表,是,动能供用申请表,1,,,FM1408-01,,纸质,,,线下,C/U,FM1408-01,动能供用申请表,生产运营部,,OK,集成制造/集成制造业务域一图三表汇总清单0929.xlsx,,
14,集成制造,14.9,生产资源保障管理,14.9.10,动能供应管理,,,信息流图-集成制造业务域-生产资源保障-14.9.10动能供应管理,动能停用申请表,是,动能停用申请表,1,,,FM1408-02,,纸质,,,线下,C/U,FM1408-02,动能停用申请表,生产运营部,,OK,集成制造/集成制造业务域一图三表汇总清单0929.xlsx,,
14,集成制造,14.9,生产资源保障管理,14.9.11,动能使用管理,,,信息流图-集成制造业务域-生产资源保障-14.9.11动能使用管理,动力管线接引需求申请表,是,动力管线接引需求申请表,1,,,FM1408-03,,纸质,,,纸质,C/U,FM1408-03,动力管线接引需求申请表,生产运营部,,OK,集成制造/集成制造业务域一图三表汇总清单0929.xlsx,,
14,集成制造,14.9,生产资源保障管理,14.9.2,设备设施使用,,,信息流图-集成制造业务域-生产资源保障-14.9.2设备设施使用,设备管理信息台账表,是,设备管理信息台账表,1,,,FM1407-37,,纸质,,,纸质,C/U,FM1407-37,设备管理信息台账表,生产运营部,,OK,集成制造/集成制造业务域一图三表汇总清单0929.xlsx,,
14,集成制造,14.9,生产资源保障管理,14.9.3,设备设施搬迁,,,信息流图-集成制造业务域-生产资源保障-14.9.3设备设施搬迁,设备设施搬迁申请单,是,设备设施搬迁申请单,1,,,FM1407-20,,纸质,,,OA,C/U,FM1407-20,设备设施搬迁申请单,生产运营部,,OK,集成制造/集成制造业务域一图三表汇总清单0929.xlsx,,
14,集成制造,14.9,生产资源保障管理,14.9.3,设备设施搬迁,,,信息流图-集成制造业务域-生产资源保障-14.9.3设备设施搬迁,设备修理（搬迁）验收单,是,设备修理（搬迁）验收单,1,,,FM1407-13,,OA,,,,R,FM1407-13,设备修理（搬迁）验收单,生产运营部,,OK,集成制造/集成制造业务域一图三表汇总清单0929.xlsx,,
14,集成制造,14.9,生产资源保障管理,14.9.4,设备设施事故处理,,,信息流图-集成制造业务域-生产资源保障-14.9.4设备设施事故处理,设备设施事故报告,是,设备设施事故报告,1,,,FM1407-16,,纸质,,,OA,U/R,FM1407-16,设备设施事故报告,生产运营部,,OK,集成制造/集成制造业务域一图三表汇总清单0929.xlsx,,
14,集成制造,14.9,生产资源保障管理,14.9.4,设备设施事故处理,,,信息流图-集成制造业务域-生产资源保障-14.9.4设备设施事故处理,设备设施事故整改措施,是,设备设施事故整改措施,1,,,FM1407-17,,纸质,,,OA,U/R,FM1407-17,设备设施事故整改措施,生产运营部,,OK,集成制造/集成制造业务域一图三表汇总清单0929.xlsx,,
14,集成制造,14.9,生产资源保障管理,14.9.4,设备设施事故处理,,,信息流图-集成制造业务域-生产资源保障-14.9.4设备设施事故处理,设备设施事故整改归零,是,设备设施事故整改归零,1,,,FM1407-19,,纸质,,,线下,R,FM1407-19,设备设施事故整改归零,生产运营部,,OK,集成制造/集成制造业务域一图三表汇总清单0929.xlsx,,
14,集成制造,14.9,生产资源保障管理,14.9.4,设备设施事故处理,,,信息流图-集成制造业务域-生产资源保障-14.9.4设备设施事故处理,设备设施事故处理,是,设备设施事故处理,1,,,FM1407-18,,纸质,,,线下,C/U,FM1407-18,设备设施事故处理,生产运营部,,OK,集成制造/集成制造业务域一图三表汇总清单0929.xlsx,,
14,集成制造,14.9,生产资源保障管理,14.9.5,设备设施维护保养,,,信息流图-集成制造业务域-生产资源保障-14.9.5设备设施维护保养,设备三级维护保养规程,是,设备三级维护保养规程,1,,,FM1407-07,,纸质,,,OA,C/U,FM1407-07,设备三级维护保养规程,生产运营部,,OK,集成制造/集成制造业务域一图三表汇总清单0929.xlsx,,
14,集成制造,14.9,生产资源保障管理,14.9.5,设备设施维护保养,,,信息流图-集成制造业务域-生产资源保障-14.9.5设备设施维护保养,设备二级维护保养点检表,是,设备二级维护保养点检表,1,,,FM1407-06,,纸质,,,OA,C/U,FM1407-06,设备二级维护保养点检表,生产运营部,,OK,集成制造/集成制造业务域一图三表汇总清单0929.xlsx,,
14,集成制造,14.9,生产资源保障管理,14.9.5,设备设施维护保养,,,信息流图-集成制造业务域-生产资源保障-14.9.5设备设施维护保养,设备一级维护保养点检表,是,设备一级维护保养点检表,1,,,FM1407-05,,纸质,,,OA,C/U,FM1407-05,设备一级维护保养点检表,生产运营部,,OK,集成制造/集成制造业务域一图三表汇总清单0929.xlsx,,
14,集成制造,14.9,生产资源保障管理,14.9.6,设备设施备件,,,信息流图-集成制造业务域-生产资源保障-14.9.6设备设施备件,设备备件入库清单,是,设备备件入库清单,1,,,FM1407-24,,纸质,,,纸质,C/U,FM1407-24,设备备件入库清单,生产运营部,,OK,集成制造/集成制造业务域一图三表汇总清单0929.xlsx,,
14,集成制造,14.9,生产资源保障管理,14.9.6,设备设施备件,,,信息流图-集成制造业务域-生产资源保障-14.9.6设备设施备件,设备备件领用单,是,设备备件领用单,1,,,FM1407-26,,纸质,,,线下,U,FM1407-26,设备备件领用单,生产运营部,,OK,集成制造/集成制造业务域一图三表汇总清单0929.xlsx,,
14,集成制造,14.9,生产资源保障管理,14.9.7,设备设施维修,,,信息流图-集成制造业务域-生产资源保障-14.9.7设备设施维修,设备临时故障修理单,是,设备临时故障修理单,1,,,FM1407-14,,OA,,,线下,U/R,FM1407-14,设备临时故障修理单,生产运营部,,OK,集成制造/集成制造业务域一图三表汇总清单0929.xlsx,,
14,集成制造,14.9,生产资源保障管理,14.9.7,设备设施维修,,,信息流图-集成制造业务域-生产资源保障-14.9.7设备设施维修,设备修理(搬迁)验收单,是,设备修理（搬迁）验收单,,,,FM1407-13,,OA,,,CPM,U,FM1407-13,设备修理（搬迁）验收单,生产运营部,线上线下输出名称，如果在系统中，应该给出系统中的线上末级菜单名称,OK,集成制造/集成制造业务域一图三表汇总清单0929.xlsx,,
14,集成制造,14.9,生产资源保障管理,14.9.8,设备设施保养检查,,,信息流图-集成制造业务域-生产资源保障-14.9.8设备设施保养检查,设备三级维护保养规程,否,,,,,,,纸质,,,OA,U,0,0,生产运营部,线上线下输出名称，如果在系统中，应该给出系统中的线上末级菜单名称,OK,集成制造/集成制造业务域一图三表汇总清单0929.xlsx,,
14,集成制造,14.9,生产资源保障管理,14.9.8,设备设施保养检查,,,信息流图-集成制造业务域-生产资源保障-14.9.8设备设施保养检查,设备二级维护保养点检表,否,,,,,,,纸质,,是,OA,C/U,0,0,生产运营部,线上线下输出名称，如果在系统中，应该给出系统中的线上末级菜单名称,OK,集成制造/集成制造业务域一图三表汇总清单0929.xlsx,,
14,集成制造,14.9,生产资源保障管理,14.9.8,设备设施保养检查,,,信息流图-集成制造业务域-生产资源保障-14.9.8设备设施保养检查,设备一级维护保养点检表,否,,,,,,,纸质,,,OA,R,0,0,生产运营部,,OK,集成制造/集成制造业务域一图三表汇总清单0929.xlsx,,
14,集成制造,14.9,生产资源保障管理,14.9.9,设备设施保养优化,,,信息流图-集成制造业务域-生产资源保障-14.9.9设备设施保养优化,设备三级维护保养规程,否,,,,,,,纸质,,,PLM/OA,C/U,0,0,生产运营部,线上线下输出名称，如果在系统中，应该给出系统中的线上末级菜单名称,OK,集成制造/集成制造业务域一图三表汇总清单0929.xlsx,,
14,集成制造,14.9,生产资源保障管理,14.9.9,设备设施保养优化,,,信息流图-集成制造业务域-生产资源保障-14.9.9设备设施保养优化,设备二级维护保养点检表,否,,,,,,,纸质,,,PLM/OA,C/U,0,0,生产运营部,线上线下输出名称，如果在系统中，应该给出系统中的线上末级菜单名称,OK,集成制造/集成制造业务域一图三表汇总清单0929.xlsx,,
14,集成制造,14.9,生产资源保障管理,14.9.9,设备设施保养优化,,,信息流图-集成制造业务域-生产资源保障-14.9.9设备设施保养优化,设备一级维护保养点检表,否,,,,,,,纸质,,,线下,C/U,0,0,生产运营部,,OK,集成制造/集成制造业务域一图三表汇总清单0929.xlsx,,
14,集成制造,14.5,制造工艺设计管理,14.5.6,工艺过程管控,,,信息流图-集成制造业务域-制造工艺设计-14.5.6工艺过程管控,试验件目录/试验件申请单/试验过程问题反馈单/试验结果鉴定表,是,试验件申请单,,,,FM1207-43,,线下WORD,,,OA,C/U,FM1207-43,试验件目录/试验件申请单/试验过程问题反馈单/试验结果鉴定表,科技创新部,线上线下输出名称，如果在系统中，应该给出系统中的线上末级菜单名称,OK,集成制造/集成制造业务域一图三表汇总清单0929.xlsx,,
14,集成制造,14.5,制造工艺设计管理,14.5.6,工艺过程管控,,,信息流图-集成制造业务域-制造工艺设计-14.5.6工艺过程管控,试验件目录/试验件申请单/试验过程问题反馈单/试验结果鉴定表,是,试验过程问题反馈单,,,,FM1207-41,,线下WORD,,,OA,C/U,FM1207-41,试验件目录/试验件申请单/试验过程问题反馈单/试验结果鉴定表,科技创新部,线上线下输出名称，如果在系统中，应该给出系统中的线上末级菜单名称,OK,集成制造/集成制造业务域一图三表汇总清单0929.xlsx,,
14,集成制造,14.5,制造工艺设计管理,14.5.6,工艺过程管控,,,信息流图-集成制造业务域-制造工艺设计-14.5.6工艺过程管控,试验件目录/试验件申请单/试验过程问题反馈单/试验结果鉴定表,是,试验结果鉴定表,,,,FM1207-42,,线下WORD,,,线下,C/U,FM1207-42,试验件目录/试验件申请单/试验过程问题反馈单/试验结果鉴定表,科技创新部,,OK,集成制造/集成制造业务域一图三表汇总清单0929.xlsx,,
14,集成制造,14.5,制造工艺设计管理,14.5.6,工艺过程管控,,,信息流图-集成制造业务域-制造工艺设计-14.5.6工艺过程管控,数控程序缺陷反馈单,是,数控程序缺陷反馈单,,,,FM1206-58,,线下WORD,,,线下,C/U,FM1206-58,数控程序缺陷反馈单,科技创新部,,OK,集成制造/集成制造业务域一图三表汇总清单0929.xlsx,,
14,集成制造,14.5,制造工艺设计管理,14.5.6,工艺过程管控,,,信息流图-集成制造业务域-制造工艺设计-14.5.6工艺过程管控,数控程序更改单,是,数控程序更改单,,,,FM1206-61,,线下WORD,,,线下,C/U,FM1206-61,数控程序更改单,科技创新部,,OK,集成制造/集成制造业务域一图三表汇总清单0929.xlsx,,
14,集成制造,14.5,制造工艺设计管理,14.5.6,工艺过程管控,,,信息流图-集成制造业务域-制造工艺设计-14.5.6工艺过程管控,数控程序复制单,是,数控程序复制单,,,,FM1206-60,,线下WORD,,,线下,C/U,FM1206-60,数控程序复制单,科技创新部,,OK,集成制造/集成制造业务域一图三表汇总清单0929.xlsx,,
14,集成制造,14.5,制造工艺设计管理,14.5.6,工艺过程管控,,,信息流图-集成制造业务域-制造工艺设计-14.5.6工艺过程管控,数控机床控制系统代码表,是,数控机床控制系统代码表,,,,FM1206-59,,线下WORD,,,线下,C/U/R,FM1206-59,数控机床控制系统代码表,科技创新部,,OK,集成制造/集成制造业务域一图三表汇总清单0929.xlsx,,
14,集成制造,14.5,制造工艺设计管理,14.5.6,工艺过程管控,,,信息流图-集成制造业务域-制造工艺设计-14.5.6工艺过程管控,零件标识签,是,零件标识签,,,,FM1207-09,,线下WORD,,,线下,C/U,FM1207-09,零件标识签,科技创新部,,OK,集成制造/集成制造业务域一图三表汇总清单0929.xlsx,,
14,集成制造,14.5,制造工艺设计管理,14.5.6,工艺过程管控,,,信息流图-集成制造业务域-制造工艺设计-14.5.6工艺过程管控,配胶记录表,是,配胶记录表,,,,FM1207-14,,线下WORD,,,线下,C/U,FM1207-14,配胶记录表,科技创新部,,OK,集成制造/集成制造业务域一图三表汇总清单0929.xlsx,,
14,集成制造,14.5,制造工艺设计管理,14.5.6,工艺过程管控,,,信息流图-集成制造业务域-制造工艺设计-14.5.6工艺过程管控,温度湿度检查记录表,是,温度湿度检查记录表,,,,FM1207-15,,线下WORD,,,线下,C/U,FM1207-15,温度湿度检查记录表,科技创新部,,OK,集成制造/集成制造业务域一图三表汇总清单0929.xlsx,,
14,集成制造,14.5,制造工艺设计管理,14.5.6,工艺过程管控,,,信息流图-集成制造业务域-制造工艺设计-14.5.6工艺过程管控,压缩空气清洁度检查试验记录,是,压缩空气清洁度检查试验记录,,,,FM1207-16,,线下WORD,,,线下,C/U,FM1207-16,压缩空气清洁度检查试验记录,科技创新部,对比业务表名称（信息流图）和线上线下输出物名称，不一致，线下文本或cpm文件非结构化，完全拉齐,OK,集成制造/集成制造业务域一图三表汇总清单0929.xlsx,,
14,集成制造,14.5,制造工艺设计管理,14.5.6,工艺过程管控,,,信息流图-集成制造业务域-制造工艺设计-14.5.6工艺过程管控,器材使用单,是,器材使用单,,,,FM1207-17,,线下WORD,,,线下,C/U,FM1207-17,器材使用单,科技创新部,对比业务表名称（信息流图）和线上线下输出物名称，不一致，线下文本或cpm文件非结构化，完全拉齐,OK,集成制造/集成制造业务域一图三表汇总清单0929.xlsx,,
14,集成制造,14.3,装配生产过程管理,14.3.1,装配生产订单下达,,,信息流图---装配生产订单下达,装配生产订单下达（PP-CO05N),是,下达生产订单（PP-CO05N),0,PP,CO05N,,,ERP,,,ERP,C/U,CO05N,装配生产订单下达（PP-CO05N),项目管理部,,,集成制造/集成制造业务域一图三表汇总清单0929.xlsx,,
14,集成制造,14.3,装配生产过程管理,14.3.3,装配生产订单关闭,,,信息流图---装配生产订单关闭,装配生产订单关闭（PP-COOIS),是,生产订单信息系统（PP-COOIS),0,PP,COOIS,,,ERP,,,ERP,C/U,COOIS,装配生产订单关闭（PP-COOIS),项目管理部,,,集成制造/集成制造业务域一图三表汇总清单0929.xlsx,,
14,集成制造,14.1,生产计划管理,14.1.3,项目临时需求计划策划,14.1.3.2,临时生产需求管控,信息流图-集成制造业务域-生产计划管理-14.1.3.2临时生产需求策划,临时生产需求申请表,是,临时生产需求申请表,,,,FM1402-23,,OA,,,OA,C/U,FM1402-23,临时生产需求申请表,生产运营部,,,集成制造/集成制造业务域一图三表汇总清单0929.xlsx,,
14,集成制造,14.5,制造工艺设计管理,14.5.1,关键工序的控制,,,信息流图-集成制造业务域-制造工艺设计-14.5.1关键工序的控制,关键工序目录,是,自编技术文件,0,,,无,,CPM,,,CPM,C/U,0,0,科技创新部,,OK,集成制造/集成制造业务域一图三表汇总清单0929.xlsx,,
14,集成制造,14.5,制造工艺设计管理,14.5.1,关键工序的控制,,,信息流图-集成制造业务域-制造工艺设计-14.5.1关键工序的控制,三定目录,是,自编技术文件,0,,,无,,CPM,,,CPM,C/U,0,0,科技创新部,,OK,集成制造/集成制造业务域一图三表汇总清单0929.xlsx,,
14,集成制造,14.4,制造工艺策划管理,14.4.9,生产线规划方案编制,,,信息流图-集成制造业务域-制造工艺策划-14.4.9生产线规划方案编制,生产线规划方案,是,自编技术文件,0,,,,,CPM,,,CPM,C,0,0,科技创新部,,OK,集成制造/集成制造业务域一图三表汇总清单0929.xlsx,,
14,集成制造,14.4,制造工艺策划管理,14.4.9,生产线规划方案编制,,,信息流图-集成制造业务域-制造工艺策划-14.4.9生产线规划方案编制,制造总方案,否,,0,,,,,,,,CPM,,,,科技创新部,,OK,集成制造/集成制造业务域一图三表汇总清单0929.xlsx,,
14,集成制造,14.4,制造工艺策划管理,14.4.3,装配协调方案制定,,,信息流图-集成制造业务域-制造工艺策划-14.4.3装配协调方案制定,装配协调方案,是,自编技术文件,0,,,无,,CPM,,,CPM,C,,,科技创新部,,OK,集成制造/集成制造业务域一图三表汇总清单0929.xlsx,,
14,集成制造,14.4,制造工艺策划管理,14.4.3,装配协调方案制定,,,信息流图-集成制造业务域-制造工艺策划-14.4.3装配协调方案制定,制造总方案,否,,,,,,,,,,CPM,,,,科技创新部,,OK,集成制造/集成制造业务域一图三表汇总清单0929.xlsx,,
14,集成制造,14.4,制造工艺策划管理,14.4.7,架次流程图的策划,,,信息流图-集成制造业务域-制造工艺策划-14.4.7架次流程图的策划,架次流程图,是,自编技术文件,,,,无,,CPM,,,CPM,C,,,科技创新部,,OK,集成制造/集成制造业务域一图三表汇总清单0929.xlsx,,
14,集成制造,14.4,制造工艺策划管理,14.4.7,架次流程图的策划,,,信息流图-集成制造业务域-制造工艺策划-14.4.7架次流程图的策划,装配协调方案,否,,,,,,,,,,CPM,,,,科技创新部,,OK,集成制造/集成制造业务域一图三表汇总清单0929.xlsx,,
14,集成制造,14.4,制造工艺策划管理,14.4.10,产能控制,,,信息流图-集成制造业务域-制造工艺策划-14.4.10产能控制,产能规划报告,是,自编技术文件,,,,,,CPM,,,CPM,C,,,科技创新部,,OK,集成制造/集成制造业务域一图三表汇总清单0929.xlsx,,
14,集成制造,14.4,制造工艺策划管理,14.4.10,产能控制,,,信息流图-集成制造业务域-制造工艺策划-14.4.10产能控制,项目主进度计划,否,,,,,,,OA,,,OA,,,,科技创新部,,OK,集成制造/集成制造业务域一图三表汇总清单0929.xlsx,,
14,集成制造,14.4,制造工艺策划管理,14.4.6,产品制造的风险控制,,,信息流图-集成制造业务域-制造工艺策划-14.4.6产品制造的风险管理,制造风险登记表,是,制造风险登记表,,,,FM1205-09,,线下WORD,,,线下,C,FM1205-09,制造风险登记表,科技创新部,,,集成制造/集成制造业务域一图三表汇总清单0929.xlsx,,
14,集成制造,14.6,制造工艺验证与改进,14.6.2,工艺评审,,,信息流图-集成制造业务域-制造工艺验证与改进-14.6.2工艺评审,工艺评审报告,是,工艺评审报告,,,,FM1206-34,,OA,,,OA,C,FM1206-34,工艺评审报告,科技创新部,,,集成制造/集成制造业务域一图三表汇总清单0929.xlsx,,
14,集成制造,14.4,制造工艺策划管理,14.4.11,PFMEA的使用,,,信息流图-集成制造业务域-制造工艺策划-14.4.11PFMEA的使用,制造流程图,是,制造流程图,,,,无,,线下WORD,,,线下,C,,,科技创新部,,OK,集成制造/集成制造业务域一图三表汇总清单0929.xlsx,,
14,集成制造,14.4,制造工艺策划管理,14.4.11,PFMEA的使用,,,信息流图-集成制造业务域-制造工艺策划-14.4.11PFMEA的使用,PFMEA风险管理记录表,是,PFMEA风险管理记录表,,,,FM1205-10,,线下EXCEL,,,线下,C,FM1205-10,PFMEA风险管理记录表,科技创新部,,OK,集成制造/集成制造业务域一图三表汇总清单0929.xlsx,,
14,集成制造,14.4,制造工艺策划管理,14.4.11,PFMEA的使用,,,信息流图-集成制造业务域-制造工艺策划-14.4.11PFMEA的使用,生产过程控制计划,是,生产过程控制计划,,,,无,,线下WORD,,,线下,C,,,科技创新部,,OK,集成制造/集成制造业务域一图三表汇总清单0929.xlsx,,
14,集成制造,14.5,制造工艺设计管理,14.5.8,零组件供应状态表的编制,,,信息流图-集成制造业务域-制造工艺设计-14.5.8零组件供应状态表的编制,零件供应状态表（CPM）,是,自编技术文件,,,,FM1206-37,,CPM,,,CPM,C,FM1206-37,零件供应状态表（CPM）,科技创新部,,,集成制造/集成制造业务域一图三表汇总清单0929.xlsx,,
14,集成制造,14.5,制造工艺设计管理,14.5.8,零组件供应状态表的编制,,,信息流图-集成制造业务域-制造工艺设计-14.5.8零组件供应状态表的编制,零件供应状态表更改单（CPM）,是,自编技术文件,,,,FM1206-38,,CPM,,,CPM,C,FM1206-38,零件供应状态表更改单（CPM）,科技创新部,,,集成制造/集成制造业务域一图三表汇总清单0929.xlsx,,
14,集成制造,14.5,制造工艺设计管理,14.5.8,零组件供应状态表的编制,,,信息流图-集成制造业务域-制造工艺设计-14.5.8零组件供应状态表的编制,装配协调方案,否,,,,,,,CPM,,,,,,,科技创新部,,,集成制造/集成制造业务域一图三表汇总清单0929.xlsx,,
14,集成制造,14.4,制造工艺策划管理,14.4.5,零件制造方案制定,,,信息流图-集成制造业务域-制造工艺策划-14.4.5零件制造方案制定,零件制造方案,是,自编技术文件,0,,,无,,CPM,,,CPM,C,,,科技创新部,,OK,集成制造/集成制造业务域一图三表汇总清单0929.xlsx,,
14,集成制造,14.3,装配生产过程管理,14.3.5,计划执行监控,,,信息流图---计划执行监控,开工日检查单,是,开工日检查单,,,,FM140305-01,,纸质,,,纸质,C,FM140305-01,开工日检查单,项目管理部,,,集成制造/集成制造业务域一图三表汇总清单0929.xlsx,,
14,集成制造,14.3,装配生产过程管理,14.3.5,计划执行监控,,,信息流图---计划执行监控,交付计划控制表,是,交付计划控制表,,,,FM140305-02,,纸质,,,纸质,C,FM140305-02,交付计划控制表,项目管理部,,,集成制造/集成制造业务域一图三表汇总清单0929.xlsx,,
14,集成制造,14.3,装配生产过程管理,14.3.5,计划执行监控,,,信息流图---计划执行监控,拒收跟踪表,是,拒收跟踪表,,,,FM140305-03,,纸质,,,纸质,C,FM140305-03,拒收跟踪表,项目管理部,,,集成制造/集成制造业务域一图三表汇总清单0929.xlsx,,
14,集成制造,14.3,装配生产过程管理,14.3.5,计划执行监控,,,信息流图---计划执行监控,AO关闭情况及交付文件控制表,是,AO关闭情况及交付文件控制表,,,,FM140305-04,,纸质,,,纸质,C,FM140305-04,AO关闭情况及交付文件控制表,项目管理部,,,集成制造/集成制造业务域一图三表汇总清单0929.xlsx,,
14,集成制造,14.3,装配生产过程管理,14.3.5,计划执行监控,,,信息流图---计划执行监控,缺件控制表,是,缺件控制表,,,,FM140305-05,,纸质,,,纸质,C,FM140305-05,缺件控制表,项目管理部,,,集成制造/集成制造业务域一图三表汇总清单0929.xlsx,,
14,集成制造,14.3,装配生产过程管理,14.3.5,计划执行监控,,,信息流图---计划执行监控,月份交付统计表,是,月份交付统计表,,,,FM140305-06,,OA,,,OA,C,FM140305-06,月份交付统计表,项目管理部,,,集成制造/集成制造业务域一图三表汇总清单0929.xlsx,,
14,集成制造,14.3,装配生产过程管理,14.3.5,计划执行监控,,,信息流图---计划执行监控,生产风险行动项目计划,是,生产风险行动项目计划,,,,FM140305-07,,纸质,,,纸质,C,FM140305-07,生产风险行动项目计划,项目管理部,,,集成制造/集成制造业务域一图三表汇总清单0929.xlsx,,
14,集成制造,14.3,装配生产过程管理,14.3.5,计划执行监控,,,信息流图---计划执行监控,分层会议生产问题统计表,是,分层会议生产问题统计表,,,,FM140305-08,,纸质,,,纸质,C,FM140305-08,分层会议生产问题统计表,项目管理部,,,集成制造/集成制造业务域一图三表汇总清单0929.xlsx,,
14,集成制造,14.3,装配生产过程管理,14.3.6,制造执行过程优化,,,信息流图---制造执行过程优化,制造执行过程优化记录表,是,制造执行过程优化记录表,,,,FM140306-01,,纸质,,,纸质,C,FM140306-01,制造执行过程优化记录表,项目管理部,,,集成制造/集成制造业务域一图三表汇总清单0929.xlsx,,
14,集成制造,14.4,制造工艺策划管理,,,,,14.4工艺策划,架次流程图,否,,0,,,,,,,,CPM,U,,,科技创新部,,OK,集成制造/科技创新部一图三表汇总及信息流图/一图三表汇总清单-科技创新部20250930.xlsx,科技创新部,
14,集成制造,14.4,制造工艺策划管理,,,,,14.4工艺策划,主阶段计划,否,,0,,,,,,,,OA/ERP,R,,,科技创新部,,OK,集成制造/科技创新部一图三表汇总及信息流图/一图三表汇总清单-科技创新部20250930.xlsx,科技创新部,
14,集成制造,14.4,制造工艺策划管理,,,,,14.4工艺策划,项目启动文件,否,,0,,,,,,,,OA,R,,,科技创新部,,OK,集成制造/科技创新部一图三表汇总及信息流图/一图三表汇总清单-科技创新部20250930.xlsx,科技创新部,
14,集成制造,14.4,制造工艺策划管理,,,,,14.4工艺策划,工程图样,否,,0,,,,,,,,CPM,R,,,科技创新部,,OK,集成制造/科技创新部一图三表汇总及信息流图/一图三表汇总清单-科技创新部20250930.xlsx,科技创新部,
14,集成制造,14.4,制造工艺策划管理,,,,,14.4工艺策划,产能评估报告,否,,0,,,,,,,,CPM,R,,,科技创新部,,OK,集成制造/科技创新部一图三表汇总及信息流图/一图三表汇总清单-科技创新部20250930.xlsx,科技创新部,
14,集成制造,14.4,制造工艺策划管理,,,,,14.4工艺策划,1级工艺网络计划,否,,0,,,,,,,,CPM,U,,,科技创新部,,OK,集成制造/科技创新部一图三表汇总及信息流图/一图三表汇总清单-科技创新部20250930.xlsx,科技创新部,
14,集成制造,14.4,制造工艺策划管理,,,,,14.4工艺策划,2级工艺网络计划,否,,0,,,,,,,,CPM,U,,,科技创新部,,OK,集成制造/科技创新部一图三表汇总及信息流图/一图三表汇总清单-科技创新部20250930.xlsx,科技创新部,
14,集成制造,14.4,制造工艺策划管理,,,,,14.4工艺策划,产品制造的风险管理,否,,0,,,,,,,,CPM,U,,,科技创新部,,OK,集成制造/科技创新部一图三表汇总及信息流图/一图三表汇总清单-科技创新部20250930.xlsx,科技创新部,
14,集成制造,14.4,制造工艺策划管理,,,,,14.4工艺策划,制造总方案,否,,0,,,,,,,,线下,U,,,科技创新部,,OK,集成制造/科技创新部一图三表汇总及信息流图/一图三表汇总清单-科技创新部20250930.xlsx,科技创新部,
14,集成制造,14.4,制造工艺策划管理,,,,,14.4工艺策划,装配协调方案,否,,0,,,,,,,,CPM,U,,,科技创新部,,OK,集成制造/科技创新部一图三表汇总及信息流图/一图三表汇总清单-科技创新部20250930.xlsx,科技创新部,
14,集成制造,14.4,制造工艺策划管理,,,,,14.4工艺策划,PFMEA的使用,否,,0,,,,,,,,CPM,U,,,科技创新部,,OK,集成制造/科技创新部一图三表汇总及信息流图/一图三表汇总清单-科技创新部20250930.xlsx,科技创新部,
14,集成制造,14.4,制造工艺策划管理,,,,,14.4工艺策划,零件制造方案,否,,0,,,,,,,,CPM,U,,,科技创新部,,OK,集成制造/科技创新部一图三表汇总及信息流图/一图三表汇总清单-科技创新部20250930.xlsx,科技创新部,
14,集成制造,14.4,制造工艺策划管理,,,,,14.4工艺策划,生产线规划方案,否,,0,,,,,,,,CPM,U,,,科技创新部,,OK,集成制造/科技创新部一图三表汇总及信息流图/一图三表汇总清单-科技创新部20250930.xlsx,科技创新部,
14,集成制造,14.4,制造工艺策划管理,,,,,14.4工艺策划,BOM管理策划,否,,0,,,,,,,,线下,U,,,科技创新部,,OK,集成制造/科技创新部一图三表汇总及信息流图/一图三表汇总清单-科技创新部20250930.xlsx,科技创新部,
14,集成制造,14.4,制造工艺策划管理,,,,,14.4工艺策划,容差分配方案,否,,0,,,,,,,,CPM,U,,,科技创新部,,OK,集成制造/科技创新部一图三表汇总及信息流图/一图三表汇总清单-科技创新部20250930.xlsx,科技创新部,
14,集成制造,14.4,制造工艺策划管理,,,,,14.4工艺策划,互换和替换检查管理,否,,0,,,,,,,,CPM,U,,,科技创新部,,OK,集成制造/科技创新部一图三表汇总及信息流图/一图三表汇总清单-科技创新部20250930.xlsx,科技创新部,
14,集成制造,14.4,制造工艺策划管理,,,,,14.4工艺策划,装配系统图,否,,0,,,,,,,,CPM,U,,,科技创新部,,OK,集成制造/科技创新部一图三表汇总及信息流图/一图三表汇总清单-科技创新部20250930.xlsx,科技创新部,
14,集成制造,14.4,制造工艺策划管理,,,,,14.4工艺策划,包装运输技术策划,否,,0,,,,,,,,CPM,U,,,科技创新部,,OK,集成制造/科技创新部一图三表汇总及信息流图/一图三表汇总清单-科技创新部20250930.xlsx,科技创新部,
14,集成制造,14.4,制造工艺策划管理,,,,,14.4工艺策划,指令性交接状态表,否,,0,,,,,,,,CPM,U,,,科技创新部,,OK,集成制造/科技创新部一图三表汇总及信息流图/一图三表汇总清单-科技创新部20250930.xlsx,科技创新部,
14,集成制造,14.4,制造工艺策划管理,,,,,14.4工艺策划,项目合同,否,,0,,,,,,,,线下,R,,,科技创新部,,OK,集成制造/科技创新部一图三表汇总及信息流图/一图三表汇总清单-科技创新部20250930.xlsx,科技创新部,
14,集成制造,14.4,制造工艺策划管理,,,,,14.4工艺策划,分工指令,否,,0,,,,,,,,线下,U,,,科技创新部,,OK,集成制造/科技创新部一图三表汇总及信息流图/一图三表汇总清单-科技创新部20250930.xlsx,科技创新部,
14,集成制造,14.4,制造工艺策划管理,,,,,14.4工艺策划,技术文件,否,,0,,,,,,,,CPM,R,,,科技创新部,,OK,集成制造/科技创新部一图三表汇总及信息流图/一图三表汇总清单-科技创新部20250930.xlsx,科技创新部,
14,集成制造,14.4,制造工艺策划管理,14.4.1,工艺网络计划制定,,,信息流图-集成制造业务域-制造工艺策划-14.4.1工艺网络计划制定,主阶段计划,否,,0,,,,,,,,OA/ERP,R,,,科技创新部,,OK,集成制造/科技创新部一图三表汇总及信息流图/一图三表汇总清单-科技创新部20250930.xlsx,科技创新部,
14,集成制造,14.4,制造工艺策划管理,14.4.1,工艺网络计划制定,,,信息流图-集成制造业务域-制造工艺策划-14.4.1工艺网络计划制定,工艺网络计划,否,,0,,,,,,,,CPM,C,,,科技创新部,,OK,集成制造/科技创新部一图三表汇总及信息流图/一图三表汇总清单-科技创新部20250930.xlsx,科技创新部,
14,集成制造,14.4,制造工艺策划管理,14.4.1,工艺网络计划制定,,,信息流图-集成制造业务域-制造工艺策划-14.4.1工艺网络计划制定,1级工艺网络计划,是,自编技术文件,0,,,,,CPM,,是,CPM,U,,,科技创新部,,OK,集成制造/科技创新部一图三表汇总及信息流图/一图三表汇总清单-科技创新部20250930.xlsx,科技创新部,
14,集成制造,14.4,制造工艺策划管理,14.4.1,工艺网络计划制定,,,信息流图-集成制造业务域-制造工艺策划-14.4.1工艺网络计划制定,2级工艺网络计划,是,自编技术文件,0,,,,,CPM,,是,CPM,U,,,科技创新部,,OK,集成制造/科技创新部一图三表汇总及信息流图/一图三表汇总清单-科技创新部20250930.xlsx,科技创新部,
14,集成制造,14.4,制造工艺策划管理,14.4.2,制造总方案制定,,,信息流图-集成制造业务域-制造工艺策划-14.4.2制造总方案的编制,产能评估报告,否,,0,,,,,,,,CPM,R,,,科技创新部,,OK,集成制造/科技创新部一图三表汇总及信息流图/一图三表汇总清单-科技创新部20250930.xlsx,科技创新部,
14,集成制造,14.4,制造工艺策划管理,14.4.2,制造总方案制定,,,信息流图-集成制造业务域-制造工艺策划-14.4.2制造总方案的编制,制造总方案,是,自编技术文件,0,,,无,,CPM,,是,CPM,R/C/U,,,科技创新部,,OK,集成制造/科技创新部一图三表汇总及信息流图/一图三表汇总清单-科技创新部20250930.xlsx,科技创新部,
14,集成制造,14.4,制造工艺策划管理,14.4.2,制造总方案制定,,,信息流图-集成制造业务域-制造工艺策划-14.4.2制造总方案的编制,项目合同,否,,0,,,,,,,,线下,R,,,科技创新部,,OK,集成制造/科技创新部一图三表汇总及信息流图/一图三表汇总清单-科技创新部20250930.xlsx,科技创新部,
14,集成制造,14.4,制造工艺策划管理,14.4.4,互换和替换检查管理,,,信息流图-集成制造业务域-制造工艺策划-14.4.4互换和替换检查控制,装配协调方案,否,,0,,,,,,,,CPM,R,,,科技创新部,,OK,集成制造/科技创新部一图三表汇总及信息流图/一图三表汇总清单-科技创新部20250930.xlsx,科技创新部,
14,集成制造,14.4,制造工艺策划管理,14.4.4,互换和替换检查管理,,,信息流图-集成制造业务域-制造工艺策划-14.4.4互换和替换检查控制,互换替换检查技术条件,是,自编技术文件,0,,,,,CPM,,是,CPM,C/U,,,科技创新部,,OK,集成制造/科技创新部一图三表汇总及信息流图/一图三表汇总清单-科技创新部20250930.xlsx,科技创新部,
14,集成制造,14.4,制造工艺策划管理,14.4.4,互换和替换检查管理,,,信息流图-集成制造业务域-制造工艺策划-14.4.4互换和替换检查控制,互换替换检查计划,是,自编技术文件,0,,,,,CPM,,是,CPM,C/U,,,科技创新部,,OK,集成制造/科技创新部一图三表汇总及信息流图/一图三表汇总清单-科技创新部20250930.xlsx,科技创新部,
14,集成制造,14.4,制造工艺策划管理,14.4.4,互换和替换检查管理,,,信息流图-集成制造业务域-制造工艺策划-14.4.4互换和替换检查控制,互换性检查记录表,是,自编技术文件,0,,,FM1207-22,,线下WORD,,,线下,C/U,FM1207-22,产品互换特性检查记录,科技创新部,,OK,集成制造/科技创新部一图三表汇总及信息流图/一图三表汇总清单-科技创新部20250930.xlsx,科技创新部,
14,集成制造,14.4,制造工艺策划管理,14.4.4,互换和替换检查管理,,,信息流图-集成制造业务域-制造工艺策划-14.4.4互换和替换检查控制,互换替换项目目录,是,自编技术文件,0,,,,,CPM,,是,CPM,C,N/A,N/A,科技创新部,,OK,集成制造/科技创新部一图三表汇总及信息流图/一图三表汇总清单-科技创新部20250930.xlsx,科技创新部,
14,集成制造,14.4,制造工艺策划管理,14.4.8,包装运输技术策划,,,信息流图-集成制造业务域-制造工艺策划-14.4.8包装运输技术策划,包装运输技术方案,是,自编技术文件,0,,,,,线下WORD,,,线下,C/U,,,科技创新部,,OK,集成制造/科技创新部一图三表汇总及信息流图/一图三表汇总清单-科技创新部20250930.xlsx,科技创新部,
14,集成制造,14.5,制造工艺设计管理,14.5.2,关重件的控制,,,信息流图-集成制造业务域-制造工艺设计-14.5.2关重件的控制,商务分工,否,,0,,,,,,,,OA,R,,,科技创新部,,OK,集成制造/科技创新部一图三表汇总及信息流图/一图三表汇总清单-科技创新部20250930.xlsx,科技创新部,
14,集成制造,14.5,制造工艺设计管理,14.5.2,关重件的控制,,,信息流图-集成制造业务域-制造工艺设计-14.5.2关重件的控制,分工指令,否,,0,,,,,,,,OA,R,,,科技创新部,,OK,集成制造/科技创新部一图三表汇总及信息流图/一图三表汇总清单-科技创新部20250930.xlsx,科技创新部,
14,集成制造,14.5,制造工艺设计管理,14.5.2,关重件的控制,,,信息流图-集成制造业务域-制造工艺设计-14.5.2关重件的控制,关重件工艺规程AO/FO,否,,0,,,,,,,,线下,R/U,,,科技创新部,,OK,集成制造/科技创新部一图三表汇总及信息流图/一图三表汇总清单-科技创新部20250930.xlsx,科技创新部,
14,集成制造,14.5,制造工艺设计管理,14.5.2,关重件的控制,,,信息流图-集成制造业务域-制造工艺设计-14.5.2关重件的控制,关重件目录,是,自编技术文件,0,,,无,,CPM,,,线下/CPM,C/U,,,科技创新部,,OK,集成制造/科技创新部一图三表汇总及信息流图/一图三表汇总清单-科技创新部20250930.xlsx,科技创新部,
14,集成制造,14.5,制造工艺设计管理,14.5.2,关重件的控制,,,信息流图-集成制造业务域-制造工艺设计-14.5.2关重件的控制,项目关重件目录汇总表,是,自编技术文件,0,,,无,,CPM,,,线下/CPM,C,,,科技创新部,,OK,集成制造/科技创新部一图三表汇总及信息流图/一图三表汇总清单-科技创新部20250930.xlsx,科技创新部,
14,集成制造,14.5,制造工艺设计管理,14.5.2,关重件的控制,,,信息流图-集成制造业务域-制造工艺设计-14.5.2关重件的控制,关键工序目录,是,自编技术文件,0,,,无,,CPM,,,线下/CPM,C/U,,,科技创新部,,OK,集成制造/科技创新部一图三表汇总及信息流图/一图三表汇总清单-科技创新部20250930.xlsx,科技创新部,
14,集成制造,14.5,制造工艺设计管理,14.5.2,关重件的控制,,,信息流图-集成制造业务域-制造工艺设计-14.5.2关重件的控制,三定目录,是,自编技术文件,0,,,无,,CPM,,,线下/CPM,C/U,,,科技创新部,,OK,集成制造/科技创新部一图三表汇总及信息流图/一图三表汇总清单-科技创新部20250930.xlsx,科技创新部,
14,集成制造,14.5,制造工艺设计管理,14.5.3,关键特性（KC）控制,,,信息流图-集成制造业务域-制造工艺设计-14.5.3关键特性（KC）控制,工程关键特性目录表,是,自编技术文件,0,,,,,CPM,,是,CPM,R/U,,,科技创新部,,OK,集成制造/科技创新部一图三表汇总及信息流图/一图三表汇总清单-科技创新部20250930.xlsx,科技创新部,
14,集成制造,14.5,制造工艺设计管理,14.5.3,关键特性（KC）控制,,,信息流图-集成制造业务域-制造工艺设计-14.5.3关键特性（KC）控制,受控关键特性目录表,是,自编技术文件,0,,,,,CPM,,是,CPM,R/U,,,科技创新部,,OK,集成制造/科技创新部一图三表汇总及信息流图/一图三表汇总清单-科技创新部20250930.xlsx,科技创新部,
14,集成制造,14.5,制造工艺设计管理,14.5.3,关键特性（KC）控制,,,信息流图-集成制造业务域-制造工艺设计-14.5.3关键特性（KC）控制,工艺要求,否,,0,,,,,,,,线下,R,,,科技创新部,,OK,集成制造/科技创新部一图三表汇总及信息流图/一图三表汇总清单-科技创新部20250930.xlsx,科技创新部,
14,集成制造,14.5,制造工艺设计管理,14.5.3,关键特性（KC）控制,,,信息流图-集成制造业务域-制造工艺设计-14.5.3关键特性（KC）控制,产品安全分析结果,否,,0,,,,,,,,线下,R,,,科技创新部,,OK,集成制造/科技创新部一图三表汇总及信息流图/一图三表汇总清单-科技创新部20250930.xlsx,科技创新部,
14,集成制造,14.5,制造工艺设计管理,14.5.3,关键特性（KC）控制,,,信息流图-集成制造业务域-制造工艺设计-14.5.3关键特性（KC）控制,PFMEA风险管理记录表,否,,0,,,,,,,,线下,R/U,,,科技创新部,,OK,集成制造/科技创新部一图三表汇总及信息流图/一图三表汇总清单-科技创新部20250930.xlsx,科技创新部,
14,集成制造,14.5,制造工艺设计管理,14.5.3,关键特性（KC）控制,,,信息流图-集成制造业务域-制造工艺设计-14.5.3关键特性（KC）控制,关键特性(KC)控制计划,是,关键特性(KC)控制计划,1,,,FM1206-53,,线下WORD,,,线下,C,FM1206-53,关键特性(KC)控制计划,科技创新部,,OK,集成制造/科技创新部一图三表汇总及信息流图/一图三表汇总清单-科技创新部20250930.xlsx,科技创新部,
14,集成制造,14.5,制造工艺设计管理,14.5.3,关键特性（KC）控制,,,信息流图-集成制造业务域-制造工艺设计-14.5.3关键特性（KC）控制,关键特性(KC)测量计划,是,关键特性(KC)测量计划,1,,,FM1206-54,,线下WORD,,,线下,C,FM1206-54,关键特性(KC)测量计划,科技创新部,,OK,集成制造/科技创新部一图三表汇总及信息流图/一图三表汇总清单-科技创新部20250930.xlsx,科技创新部,
14,集成制造,14.5,制造工艺设计管理,14.5.3,关键特性（KC）控制,,,信息流图-集成制造业务域-制造工艺设计-14.5.3关键特性（KC）控制,关键特性(KC)测量记录,是,关键特性(KC)测量记录,1,,,FM1206-56,,线下WORD,,,线下,C,FM1206-56,关键特性(KC)测量记录,科技创新部,,OK,集成制造/科技创新部一图三表汇总及信息流图/一图三表汇总清单-科技创新部20250930.xlsx,科技创新部,
14,集成制造,14.5,制造工艺设计管理,14.5.3,关键特性（KC）控制,,,信息流图-集成制造业务域-制造工艺设计-14.5.3关键特性（KC）控制,关键特性小组活动记录,是,关键特性小组活动记录,1,,,FM1206-55,,线下WORD,,,线下,C/U,FM1206-55,关键特性小组活动记录,科技创新部,,OK,集成制造/科技创新部一图三表汇总及信息流图/一图三表汇总清单-科技创新部20250930.xlsx,科技创新部,
14,集成制造,14.5,制造工艺设计管理,14.5.3,关键特性（KC）控制,,,信息流图-集成制造业务域-制造工艺设计-14.5.3关键特性（KC）控制,关键特性SPC控制图,是,,0,,,,,线下WORD,,,QMS,R,,,科技创新部,,OK,集成制造/科技创新部一图三表汇总及信息流图/一图三表汇总清单-科技创新部20250930.xlsx,科技创新部,
14,集成制造,14.5,制造工艺设计管理,14.5.4,特殊过程管理,,,信息流图-集成制造业务域-制造工艺设计-14.5.4特殊过程控制,特殊过程确认目录,是,自编技术文件,0,,,,,CPM,,是,CPM,C/U,,,科技创新部,,OK,集成制造/科技创新部一图三表汇总及信息流图/一图三表汇总清单-科技创新部20250930.xlsx,科技创新部,
14,集成制造,14.5,制造工艺设计管理,14.5.4,特殊过程管理,,,信息流图-集成制造业务域-制造工艺设计-14.5.4特殊过程控制,偏离申请单,是,偏离申请单,1,,,FM1207-21,,OA,,,OA,C/U,FM1207-21,偏离申请单,科技创新部,未填写完整；线上线下输出名称，如果在系统中，应该给出系统中的线上末级菜单名称,OK,集成制造/科技创新部一图三表汇总及信息流图/一图三表汇总清单-科技创新部20250930.xlsx,科技创新部,
14,集成制造,14.5,制造工艺设计管理,14.5.4,特殊过程管理,,,信息流图-集成制造业务域-制造工艺设计-14.5.4特殊过程控制,特殊过程确认准则和生产线准备计划,是,自编技术文件,0,,,,,CPM,,是,CPM,C,,,科技创新部,,OK,集成制造/科技创新部一图三表汇总及信息流图/一图三表汇总清单-科技创新部20250930.xlsx,科技创新部,
14,集成制造,14.5,制造工艺设计管理,14.5.4,特殊过程管理,,,信息流图-集成制造业务域-制造工艺设计-14.5.4特殊过程控制,自审合格报告,是,自审合格报告,1,,,FM1207-23,,OA,,,OA,C/U,FM1207-23,自审合格报告,科技创新部,线上线下输出名称，如果在系统中，应该给出系统中的线上末级菜单名称,OK,集成制造/科技创新部一图三表汇总及信息流图/一图三表汇总清单-科技创新部20250930.xlsx,科技创新部,
14,集成制造,14.5,制造工艺设计管理,14.5.4,特殊过程管理,,,信息流图-集成制造业务域-制造工艺设计-14.5.4特殊过程控制,特殊过程确认单,是,特殊过程确认单,1,,,FM1207-24,,OA,,,OA,C/U,FM1207-24,特殊过程确认单,科技创新部,线上线下输出名称，如果在系统中，应该给出系统中的线上末级菜单名称,OK,集成制造/科技创新部一图三表汇总及信息流图/一图三表汇总清单-科技创新部20250930.xlsx,科技创新部,
14,集成制造,14.5,制造工艺设计管理,14.5.4,特殊过程管理,,,信息流图-集成制造业务域-制造工艺设计-14.5.4特殊过程控制,SACC已批准的生产线目录,否,,0,,,,,,,,CPM,C,,,科技创新部,,OK,集成制造/科技创新部一图三表汇总及信息流图/一图三表汇总清单-科技创新部20250930.xlsx,科技创新部,
14,集成制造,14.5,制造工艺设计管理,14.5.4,特殊过程管理,,,信息流图-集成制造业务域-制造工艺设计-14.5.4特殊过程控制,过程要素变动反馈表,是,过程要素变动反馈表,1,,,FM1207-20,,OA,,,OA,C/U,FM1207-20,过程要素变动反馈表,科技创新部,未填写完整；线上线下输出名称，如果在系统中，应该给出系统中的线上末级菜单名称,OK,集成制造/科技创新部一图三表汇总及信息流图/一图三表汇总清单-科技创新部20250930.xlsx,科技创新部,
14,集成制造,14.5,制造工艺设计管理,14.5.4,特殊过程管理,,,信息流图-集成制造业务域-制造工艺设计-14.5.4特殊过程控制,厂级特殊过程确认目录,是,自编技术文件,0,,,,,CPM,,是,CPM,C,,,科技创新部,,OK,集成制造/科技创新部一图三表汇总及信息流图/一图三表汇总清单-科技创新部20250930.xlsx,科技创新部,
14,集成制造,14.5,制造工艺设计管理,14.5.4,特殊过程管理,,,信息流图-集成制造业务域-制造工艺设计-14.5.4特殊过程控制,公司级特殊过程确认目录,否,,0,,,,,,,,CPM,U,,,科技创新部,,OK,集成制造/科技创新部一图三表汇总及信息流图/一图三表汇总清单-科技创新部20250930.xlsx,科技创新部,
14,集成制造,14.5,制造工艺设计管理,14.5.5,一般生产过程管理,,,信息流图-集成制造业务域-制造工艺设计-14.5.5一般生产过程控制,偏离申请单,是,偏离申请单,1,,,FM1207-21,,OA,,,OA,U,FM1207-21,偏离申请单,科技创新部,权威系统名称填写错误；未填写完整；线上线下输出名称，如果在系统中，应该给出系统中的线上末级菜单名称,OK,集成制造/科技创新部一图三表汇总及信息流图/一图三表汇总清单-科技创新部20250930.xlsx,科技创新部,
14,集成制造,14.5,制造工艺设计管理,14.5.5,一般生产过程管理,,,信息流图-集成制造业务域-制造工艺设计-14.5.5一般生产过程控制,自审合格报告,是,自审合格报告,1,,,FM1207-23,,OA,,,OA,C/U,FM1207-23,自审合格报告,科技创新部,线上线下输出名称，如果在系统中，应该给出系统中的线上末级菜单名称,OK,集成制造/科技创新部一图三表汇总及信息流图/一图三表汇总清单-科技创新部20250930.xlsx,科技创新部,
14,集成制造,14.5,制造工艺设计管理,14.5.5,一般生产过程管理,,,信息流图-集成制造业务域-制造工艺设计-14.5.5一般生产过程控制,一般生产过程目录,是,自编技术文件,0,,,,,CPM,,是,/,C/U,,,科技创新部,,OK,集成制造/科技创新部一图三表汇总及信息流图/一图三表汇总清单-科技创新部20250930.xlsx,科技创新部,
14,集成制造,14.5,制造工艺设计管理,14.5.6,工艺过程管理,,,信息流图-集成制造业务域-制造工艺设计-14.5.6工艺过程管控,环境要求执行情况检查记录表,是,环境要求执行情况检查记录表,1,,,FM1207-07,,线下WORD,,,线下,C/U,FM1207-07,环境要求执行情况检查记录表,科技创新部,,OK,集成制造/科技创新部一图三表汇总及信息流图/一图三表汇总清单-科技创新部20250930.xlsx,科技创新部,
14,集成制造,14.5,制造工艺设计管理,14.5.6,工艺过程管理,,,信息流图-集成制造业务域-制造工艺设计-14.5.6工艺过程管控,试验件目录/试验件申请单/试验过程问题反馈单/试验结果鉴定表,是,试验件目录,1,,,FM1207-40,,线下WORD,,,线下,C/U,FM1207-40,试验件目录,科技创新部,,OK,集成制造/科技创新部一图三表汇总及信息流图/一图三表汇总清单-科技创新部20250930.xlsx,科技创新部,
14,集成制造,14.5,制造工艺设计管理,14.5.6,工艺过程管理,,,信息流图-集成制造业务域-制造工艺设计-14.5.6工艺过程管控,试验件目录/试验件申请单/试验过程问题反馈单/试验结果鉴定表,是,试验件申请单,,,,FM1207-43,,线下WORD,,,,,FM1207-43,试验件申请单,科技创新部,,,集成制造/科技创新部一图三表汇总及信息流图/一图三表汇总清单-科技创新部20250930.xlsx,科技创新部,
14,集成制造,14.5,制造工艺设计管理,14.5.6,工艺过程管理,,,信息流图-集成制造业务域-制造工艺设计-14.5.6工艺过程管控,试验件目录/试验件申请单/试验过程问题反馈单/试验结果鉴定表,是,试验过程问题反馈单,,,,FM1207-41,,线下WORD,,,,,FM1207-41,试验过程问题反馈单,科技创新部,,,集成制造/科技创新部一图三表汇总及信息流图/一图三表汇总清单-科技创新部20250930.xlsx,科技创新部,
14,集成制造,14.5,制造工艺设计管理,14.5.6,工艺过程管理,,,信息流图-集成制造业务域-制造工艺设计-14.5.6工艺过程管控,试验件目录/试验件申请单/试验过程问题反馈单/试验结果鉴定表,是,试验结果鉴定表,,,,FM1207-42,,线下WORD,,,,,FM1207-42,试验结果鉴定表,科技创新部,,,集成制造/科技创新部一图三表汇总及信息流图/一图三表汇总清单-科技创新部20250930.xlsx,科技创新部,
14,集成制造,14.5,制造工艺设计管理,14.5.6,工艺过程管理,,,信息流图-集成制造业务域-制造工艺设计-14.5.6工艺过程管控,数控程序鉴定表,是,数控程序鉴定表,1,,,FM1206-57,,线下WORD,,,线下,C/U,FM1206-57,数控程序鉴定表,科技创新部,,OK,集成制造/科技创新部一图三表汇总及信息流图/一图三表汇总清单-科技创新部20250930.xlsx,科技创新部,
14,集成制造,14.5,制造工艺设计管理,14.5.6,工艺过程管理,,,信息流图-集成制造业务域-制造工艺设计-14.5.6工艺过程管控,数控程序缺陷反馈单,是,数控程序缺陷反馈单,,,,FM1206-58,,线下WORD,,,,,FM1206-58,数控程序缺陷反馈单,科技创新部,,,集成制造/科技创新部一图三表汇总及信息流图/一图三表汇总清单-科技创新部20250930.xlsx,科技创新部,
14,集成制造,14.5,制造工艺设计管理,14.5.6,工艺过程管理,,,信息流图-集成制造业务域-制造工艺设计-14.5.6工艺过程管控,数控程序更改单,是,数控程序更改单,,,,FM1206-61,,线下WORD,,,,,FM1206-61,数控程序更改单,科技创新部,,,集成制造/科技创新部一图三表汇总及信息流图/一图三表汇总清单-科技创新部20250930.xlsx,科技创新部,
14,集成制造,14.5,制造工艺设计管理,14.5.6,工艺过程管理,,,信息流图-集成制造业务域-制造工艺设计-14.5.6工艺过程管控,数控程序复制单,是,数控程序复制单,,,,FM1206-60,,线下WORD,,,,,FM1206-60,数控程序复制单,科技创新部,,,集成制造/科技创新部一图三表汇总及信息流图/一图三表汇总清单-科技创新部20250930.xlsx,科技创新部,
14,集成制造,14.5,制造工艺设计管理,14.5.6,工艺过程管理,,,信息流图-集成制造业务域-制造工艺设计-14.5.6工艺过程管控,数控机床控制系统代码表,是,数控机床控制系统代码表,,,,FM1206-59,,线下WORD,,,,,FM1206-59,数控机床控制系统代码表,科技创新部,,,集成制造/科技创新部一图三表汇总及信息流图/一图三表汇总清单-科技创新部20250930.xlsx,科技创新部,
14,集成制造,14.5,制造工艺设计管理,14.5.6,工艺过程管理,,,信息流图-集成制造业务域-制造工艺设计-14.5.6工艺过程管控,装配件标识签,是,装配件标识签,1,,,FM1207-10,,线下WORD,,,线下,C/U,FM1207-10,装配件标识签,科技创新部,,OK,集成制造/科技创新部一图三表汇总及信息流图/一图三表汇总清单-科技创新部20250930.xlsx,科技创新部,
14,集成制造,14.5,制造工艺设计管理,14.5.6,工艺过程管理,,,信息流图-集成制造业务域-制造工艺设计-14.5.6工艺过程管控,零件标识签,是,零件标识签,,,,FM1207-09,,线下WORD,,,,,FM1207-09,零件标识签,科技创新部,,,集成制造/科技创新部一图三表汇总及信息流图/一图三表汇总清单-科技创新部20250930.xlsx,科技创新部,
14,集成制造,14.5,制造工艺设计管理,14.5.6,工艺过程管理,,,信息流图-集成制造业务域-制造工艺设计-14.5.6工艺过程管控,密封胶使用跟踪卡,是,密封胶使用跟踪卡,1,,,FM1207-13,,线下WORD,,,线下,C/U,FM1207-13,密封胶使用跟踪卡,科技创新部,,OK,集成制造/科技创新部一图三表汇总及信息流图/一图三表汇总清单-科技创新部20250930.xlsx,科技创新部,
14,集成制造,14.5,制造工艺设计管理,14.5.6,工艺过程管理,,,信息流图-集成制造业务域-制造工艺设计-14.5.6工艺过程管控,配胶记录表,是,配胶记录表,,,,FM1207-14,,线下WORD,,,,,FM1207-14,配胶记录表,科技创新部,,,集成制造/科技创新部一图三表汇总及信息流图/一图三表汇总清单-科技创新部20250930.xlsx,科技创新部,
14,集成制造,14.5,制造工艺设计管理,14.5.6,工艺过程管理,,,信息流图-集成制造业务域-制造工艺设计-14.5.6工艺过程管控,温度湿度检查记录表,是,温度湿度检查记录表,,,,FM1207-15,,线下WORD,,,,,FM1207-15,温度湿度检查记录表,科技创新部,,,集成制造/科技创新部一图三表汇总及信息流图/一图三表汇总清单-科技创新部20250930.xlsx,科技创新部,
14,集成制造,14.5,制造工艺设计管理,14.5.6,工艺过程管理,,,信息流图-集成制造业务域-制造工艺设计-14.5.6工艺过程管控,压缩空气清洁度检查试验记录,是,压缩空气清洁度检查试验记录,,,,FM1207-16,,线下WORD,,,,,FM1207-16,压缩空气清洁度检查试验记录,科技创新部,,,集成制造/科技创新部一图三表汇总及信息流图/一图三表汇总清单-科技创新部20250930.xlsx,科技创新部,
14,集成制造,14.5,制造工艺设计管理,14.5.6,工艺过程管理,,,信息流图-集成制造业务域-制造工艺设计-14.5.6工艺过程管控,器材使用单,是,器材使用单,,,,FM1207-17,,线下WORD,,,,,FM1207-17,器材使用单,科技创新部,,,集成制造/科技创新部一图三表汇总及信息流图/一图三表汇总清单-科技创新部20250930.xlsx,科技创新部,
14,集成制造,14.5,制造工艺设计管理,14.5.6,工艺过程管理,,,信息流图-集成制造业务域-制造工艺设计-14.5.6工艺过程管控,零组件称重卡,是,零组件称重卡,1,,,FM1207-08,,线下WORD,,,线下,C/U,FM1207-08,零组件称重卡,科技创新部,,OK,集成制造/科技创新部一图三表汇总及信息流图/一图三表汇总清单-科技创新部20250930.xlsx,科技创新部,
14,集成制造,14.5,制造工艺设计管理,14.5.6,工艺过程管理,,,信息流图-集成制造业务域-制造工艺设计-14.5.6工艺过程管控,组、部件取代申请表,是,组、部件取代申请表,1,,,FM1207-01,,线下WORD,,,线下,C/U,FM1207-01,组、部件取代申请表,科技创新部,,OK,集成制造/科技创新部一图三表汇总及信息流图/一图三表汇总清单-科技创新部20250930.xlsx,科技创新部,
14,集成制造,14.5,制造工艺设计管理,14.5.6,工艺过程管理,,,信息流图-集成制造业务域-制造工艺设计-14.5.6工艺过程管控,加大紧固件领用单,是,加大紧固件领用单,1,,,FM1207-02,,线下WORD,,,线下,C/U,FM1207-02,加大紧固件领用单,科技创新部,,OK,集成制造/科技创新部一图三表汇总及信息流图/一图三表汇总清单-科技创新部20250930.xlsx,科技创新部,
14,集成制造,14.5,制造工艺设计管理,14.5.6,工艺过程管理,,,信息流图-集成制造业务域-制造工艺设计-14.5.6工艺过程管控,冷冻铆钉工艺控制卡,是,冷冻铆钉工艺控制卡,1,,,FM1207-11,,线下WORD,,,线下,C/U,FM1207-11,冷冻铆钉工艺控制卡,科技创新部,,OK,集成制造/科技创新部一图三表汇总及信息流图/一图三表汇总清单-科技创新部20250930.xlsx,科技创新部,
14,集成制造,14.5,制造工艺设计管理,14.5.6,工艺过程管理,,,信息流图-集成制造业务域-制造工艺设计-14.5.6工艺过程管控,冷冻铆钉使用控制卡,是,冷冻铆钉使用控制卡,1,,,FM1207-12,,线下WORD,,,线下,C/U,FM1207-12,冷冻铆钉使用控制卡,科技创新部,,OK,集成制造/科技创新部一图三表汇总及信息流图/一图三表汇总清单-科技创新部20250930.xlsx,科技创新部,
14,集成制造,14.5,制造工艺设计管理,14.5.7,特制件管理,,,信息流图-集成制造业务域-制造工艺设计-14.5.7特制件管控,MBOM,否,,0,,,,,,,,ERP,R/U,,,科技创新部,,OK,集成制造/科技创新部一图三表汇总及信息流图/一图三表汇总清单-科技创新部20250930.xlsx,科技创新部,
14,集成制造,14.5,制造工艺设计管理,14.5.7,特制件管理,,,信息流图-集成制造业务域-制造工艺设计-14.5.7特制件管控,图纸、数模等,否,,0,,,,,,,,CPM,R,,,科技创新部,,OK,集成制造/科技创新部一图三表汇总及信息流图/一图三表汇总清单-科技创新部20250930.xlsx,科技创新部,
14,集成制造,14.5,制造工艺设计管理,14.5.7,特制件管理,,,信息流图-集成制造业务域-制造工艺设计-14.5.7特制件管控,DMS(入湖数据整理）,否,,0,,,,,,,,/,R,,,科技创新部,,OK,集成制造/科技创新部一图三表汇总及信息流图/一图三表汇总清单-科技创新部20250930.xlsx,科技创新部,
14,集成制造,14.5,制造工艺设计管理,14.5.7,特制件管理,,,信息流图-集成制造业务域-制造工艺设计-14.5.7特制件管控,特制件申请单,是,特制件申请单,1,,,FM1207-03,,OA,,,OA,C/U,FM1207-03,特制件申请单,科技创新部,线上线下输出名称，如果在系统中，应该给出系统中的线上末级菜单名称,OK,集成制造/科技创新部一图三表汇总及信息流图/一图三表汇总清单-科技创新部20250930.xlsx,科技创新部,
14,集成制造,14.5,制造工艺设计管理,14.5.7,特制件管理,,,信息流图-集成制造业务域-制造工艺设计-14.5.7特制件管控,ERP订单,否,,0,,,,,,,,ERP,R/U,,,科技创新部,,OK,集成制造/科技创新部一图三表汇总及信息流图/一图三表汇总清单-科技创新部20250930.xlsx,科技创新部,
14,集成制造,14.5,制造工艺设计管理,14.5.7,特制件管理,,,信息流图-集成制造业务域-制造工艺设计-14.5.7特制件管控,拒收报告,否,,0,,,,,,,,OA,R,,,科技创新部,,OK,集成制造/科技创新部一图三表汇总及信息流图/一图三表汇总清单-科技创新部20250930.xlsx,科技创新部,
14,集成制造,14.5,制造工艺设计管理,14.5.13,装配制造工艺文件管理,,,信息流图-集成制造业务域-制造工艺设计-14.5.13装配制造工艺文件管控,装配工艺规程模板,否,,0,,,,,,,,CPM,R/U,,,科技创新部,,OK,集成制造/科技创新部一图三表汇总及信息流图/一图三表汇总清单-科技创新部20250930.xlsx,科技创新部,
14,集成制造,14.5,制造工艺设计管理,14.5.13,装配制造工艺文件管理,,,信息流图-集成制造业务域-制造工艺设计-14.5.13装配制造工艺文件管控,装配操作说明（首页）,是,AOI编制,0,,,FM1206-22,,MES,,是,,C/U,FM1206-22,装配操作说明（首页）,科技创新部,,OK,集成制造/科技创新部一图三表汇总及信息流图/一图三表汇总清单-科技创新部20250930.xlsx,科技创新部,
14,集成制造,14.5,制造工艺设计管理,14.5.13,装配制造工艺文件管理,,,信息流图-集成制造业务域-制造工艺设计-14.5.13装配制造工艺文件管控,装配操作说明索引,是,AOI编制,,,,FM1206-23,,MES,,是,,C/U,FM1206-23,装配操作说明索引,科技创新部,,,集成制造/科技创新部一图三表汇总及信息流图/一图三表汇总清单-科技创新部20250930.xlsx,科技创新部,
14,集成制造,14.5,制造工艺设计管理,14.5.13,装配制造工艺文件管理,,,信息流图-集成制造业务域-制造工艺设计-14.5.13装配制造工艺文件管控,装配操作说明临时性更改单（首页）,是,AOI编制,,,,FM1206-24,,MES,,是,,C/U,FM1206-24,装配操作说明临时性更改单（首页）,科技创新部,,,集成制造/科技创新部一图三表汇总及信息流图/一图三表汇总清单-科技创新部20250930.xlsx,科技创新部,
14,集成制造,14.5,制造工艺设计管理,14.5.13,装配制造工艺文件管理,,,信息流图-集成制造业务域-制造工艺设计-14.5.13装配制造工艺文件管控,装配操作说明通用临时性更改单（首页）,是,AOI编制,,,,FM1206-25,,MES,,是,,C/U,FM1206-25,装配操作说明通用临时性更改单（首页）,科技创新部,,,集成制造/科技创新部一图三表汇总及信息流图/一图三表汇总清单-科技创新部20250930.xlsx,科技创新部,
14,集成制造,14.5,制造工艺设计管理,14.5.13,装配制造工艺文件管理,,,信息流图-集成制造业务域-制造工艺设计-14.5.13装配制造工艺文件管控,装配操作说明通用指令性更改单（首页）,是,AOI编制,,,,FM1206-26,,MES,,是,,C/U,FM1206-26,装配操作说明通用指令性更改单（首页）,科技创新部,,,集成制造/科技创新部一图三表汇总及信息流图/一图三表汇总清单-科技创新部20250930.xlsx,科技创新部,
14,集成制造,14.5,制造工艺设计管理,14.5.13,装配制造工艺文件管理,,,信息流图-集成制造业务域-制造工艺设计-14.5.13装配制造工艺文件管控,装配操作说明指令性更改单（首页）,是,AOI编制,,,,FM1206-27,,MES,,是,,C/U,FM1206-27,装配操作说明指令性更改单（首页）,科技创新部,,,集成制造/科技创新部一图三表汇总及信息流图/一图三表汇总清单-科技创新部20250930.xlsx,科技创新部,
14,集成制造,14.5,制造工艺设计管理,14.5.13,装配制造工艺文件管理,,,信息流图-集成制造业务域-制造工艺设计-14.5.13装配制造工艺文件管控,装配工艺规程图纸临时更改记录表,是,AOI编制,,,,FM1206-79,,MES,,是,,C/U,FM1206-79,装配工艺规程图纸临时更改记录表,科技创新部,,,集成制造/科技创新部一图三表汇总及信息流图/一图三表汇总清单-科技创新部20250930.xlsx,科技创新部,
14,集成制造,14.5,制造工艺设计管理,14.5.13,装配制造工艺文件管理,,,信息流图-集成制造业务域-制造工艺设计-14.5.13装配制造工艺文件管控,产品装配控制记录（首页）,是,AOI编制,,,,FM1206-28,,MES,,是,,C/U,FM1206-28,产品装配控制记录（首页）,科技创新部,,,集成制造/科技创新部一图三表汇总及信息流图/一图三表汇总清单-科技创新部20250930.xlsx,科技创新部,
14,集成制造,14.5,制造工艺设计管理,14.5.13,装配制造工艺文件管理,,,信息流图-集成制造业务域-制造工艺设计-14.5.13装配制造工艺文件管控,产品装配控制记录临时更改单（首页）,是,AOI编制,,,,FM1206-29,,MES,,是,,C/U,FM1206-29,产品装配控制记录临时更改单（首页）,科技创新部,,,集成制造/科技创新部一图三表汇总及信息流图/一图三表汇总清单-科技创新部20250930.xlsx,科技创新部,
14,集成制造,14.5,制造工艺设计管理,14.5.13,装配制造工艺文件管理,,,信息流图-集成制造业务域-制造工艺设计-14.5.13装配制造工艺文件管控,产品装配控制记录索引,是,AOI编制,,,,FM1206-30,,MES,,是,,C/U,FM1206-30,产品装配控制记录索引,科技创新部,,,集成制造/科技创新部一图三表汇总及信息流图/一图三表汇总清单-科技创新部20250930.xlsx,科技创新部,
14,集成制造,14.5,制造工艺设计管理,14.5.13,装配制造工艺文件管理,,,信息流图-集成制造业务域-制造工艺设计-14.5.13装配制造工艺文件管控,产品装配控制记录总索引,是,AOI编制,,,,FM1206-31,,MES,,是,,C/U,FM1206-31,产品装配控制记录总索引,科技创新部,,,集成制造/科技创新部一图三表汇总及信息流图/一图三表汇总清单-科技创新部20250930.xlsx,科技创新部,
14,集成制造,14.5,制造工艺设计管理,14.5.13,装配制造工艺文件管理,,,信息流图-集成制造业务域-制造工艺设计-14.5.13装配制造工艺文件管控,MES系统先行装配大纲（首页）,是,AOI编制,,,,FM1206-32,,MES,,是,,C/U,FM1206-32,MES系统先行装配大纲（首页）,科技创新部,,,集成制造/科技创新部一图三表汇总及信息流图/一图三表汇总清单-科技创新部20250930.xlsx,科技创新部,
14,集成制造,14.5,制造工艺设计管理,14.5.13,装配制造工艺文件管理,,,信息流图-集成制造业务域-制造工艺设计-14.5.13装配制造工艺文件管控,装配大纲索引,是,装配大纲索引,0,,,FM1206-17,,线下WORD,,,,C/U,FM1206-17,装配大纲索引,科技创新部,,OK,集成制造/科技创新部一图三表汇总及信息流图/一图三表汇总清单-科技创新部20250930.xlsx,科技创新部,
14,集成制造,14.5,制造工艺设计管理,14.5.13,装配制造工艺文件管理,,,信息流图-集成制造业务域-制造工艺设计-14.5.13装配制造工艺文件管控,装配大纲（首页）,是,装配大纲（首页）,,,,FM1206-18,,线下WORD,,,,C/U,FM1206-18,装配大纲（首页）,科技创新部,,OK,集成制造/科技创新部一图三表汇总及信息流图/一图三表汇总清单-科技创新部20250930.xlsx,科技创新部,
14,集成制造,14.5,制造工艺设计管理,14.5.13,装配制造工艺文件管理,,,信息流图-集成制造业务域-制造工艺设计-14.5.13装配制造工艺文件管控,AO指令性（全架次）更改控制单,是,AO指令性（全架次）更改控制单,,,,FM1206-19,,线下WORD,,,,C/U,FM1206-19,AO指令性（全架次）更改控制单,科技创新部,,OK,集成制造/科技创新部一图三表汇总及信息流图/一图三表汇总清单-科技创新部20250930.xlsx,科技创新部,
14,集成制造,14.5,制造工艺设计管理,14.5.13,装配制造工艺文件管理,,,信息流图-集成制造业务域-制造工艺设计-14.5.13装配制造工艺文件管控,AO指令性（限架次）更改控制单,是,AO指令性（限架次）更改控制单,,,,FM1206-20,,线下WORD,,,,C/U,FM1206-20,AO指令性（限架次）更改控制单,科技创新部,,OK,集成制造/科技创新部一图三表汇总及信息流图/一图三表汇总清单-科技创新部20250930.xlsx,科技创新部,
14,集成制造,14.5,制造工艺设计管理,14.5.13,装配制造工艺文件管理,,,信息流图-集成制造业务域-制造工艺设计-14.5.13装配制造工艺文件管控,装配工艺规程鉴定单,是,装配工艺规程鉴定单,,,,FM1206-16,,线下WORD,,,,C/U,FM1206-16,装配工艺规程鉴定单,科技创新部,,,集成制造/科技创新部一图三表汇总及信息流图/一图三表汇总清单-科技创新部20250930.xlsx,科技创新部,
14,集成制造,14.5,制造工艺设计管理,14.5.13,装配制造工艺文件管理,,,信息流图-集成制造业务域-制造工艺设计-14.5.13装配制造工艺文件管控,先行装配大纲（首页）,是,先行装配大纲（首页）,,,,FM1206-21,,线下WORD,,,,C/U,FM1206-21,先行装配大纲（首页）,科技创新部,,,集成制造/科技创新部一图三表汇总及信息流图/一图三表汇总清单-科技创新部20250930.xlsx,科技创新部,
14,集成制造,14.5,制造工艺设计管理,14.5.13,装配制造工艺文件管理,,,信息流图-集成制造业务域-制造工艺设计-14.5.13装配制造工艺文件管控,标准作业指导书（首页）,否,,0,,,,,,,,OA,C/U,,,科技创新部,,,集成制造/科技创新部一图三表汇总及信息流图/一图三表汇总清单-科技创新部20250930.xlsx,科技创新部,
14,集成制造,14.5,制造工艺设计管理,14.5.13,装配制造工艺文件管理,,,信息流图-集成制造业务域-制造工艺设计-14.5.13装配制造工艺文件管控,典型工艺规程,否,,0,,,,,,,,CPM,R/U,,,科技创新部,,,集成制造/科技创新部一图三表汇总及信息流图/一图三表汇总清单-科技创新部20250930.xlsx,科技创新部,
14,集成制造,14.5,制造工艺设计管理,14.5.13,装配制造工艺文件管理,,,信息流图-集成制造业务域-制造工艺设计-14.5.13装配制造工艺文件管控,商飞项目工艺文件报批及三结合,否,,0,,,,,,,,线下,R,,,科技创新部,,,集成制造/科技创新部一图三表汇总及信息流图/一图三表汇总清单-科技创新部20250930.xlsx,科技创新部,
14,集成制造,14.5,制造工艺设计管理,14.5.13,装配制造工艺文件管理,,,信息流图-集成制造业务域-制造工艺设计-14.5.13装配制造工艺文件管控,商飞项目工艺文件报批及三结合,否,,0,,,,,,,,线下,R/U,,,科技创新部,,,集成制造/科技创新部一图三表汇总及信息流图/一图三表汇总清单-科技创新部20250930.xlsx,科技创新部,
14,集成制造,14.5,制造工艺设计管理,14.5.14,零件制造工艺文件管理,,,信息流图-集成制造业务域-制造工艺设计-14.5.14零件制造工艺文件管控,工艺规程（封面）,是,工艺规程（封面）,,,,FM1206-41,,CAPP,,,CAPP,,FM1206-41,工艺规程（封面）,科技创新部,建议拆分，同时对比业务表名称（信息流图）和线上线下输出物名称，不一致，完全拉齐,OK,集成制造/科技创新部一图三表汇总及信息流图/一图三表汇总清单-科技创新部20250930.xlsx,科技创新部,
14,集成制造,14.5,制造工艺设计管理,14.5.14,零件制造工艺文件管理,,,信息流图-集成制造业务域-制造工艺设计-14.5.14零件制造工艺文件管控,工艺规程（首页）,是,工艺规程（首页）,,,,FM1206-41.1,,CAPP,,,CAPP,,FM1206-41.1,工艺规程（首页）,科技创新部,建议拆分，同时对比业务表名称（信息流图）和线上线下输出物名称，不一致，完全拉齐,OK,集成制造/科技创新部一图三表汇总及信息流图/一图三表汇总清单-科技创新部20250930.xlsx,科技创新部,
14,集成制造,14.5,制造工艺设计管理,14.5.14,零件制造工艺文件管理,,,信息流图-集成制造业务域-制造工艺设计-14.5.14零件制造工艺文件管控,工艺规程（续页）,是,工艺规程（续页）,,,,FM1206-41.2,,CAPP,,,CAPP,,FM1206-41.2,工艺规程（续页）,科技创新部,建议拆分，同时对比业务表名称（信息流图）和线上线下输出物名称，不一致，完全拉齐,OK,集成制造/科技创新部一图三表汇总及信息流图/一图三表汇总清单-科技创新部20250930.xlsx,科技创新部,
14,集成制造,14.5,制造工艺设计管理,14.5.14,零件制造工艺文件管理,,,信息流图-集成制造业务域-制造工艺设计-14.5.14零件制造工艺文件管控,工艺规程（工序首页）,是,工艺规程（工序首页）,,,,FM1206-41.3,,CAPP,,,CAPP,,FM1206-41.3,工艺规程（工序首页）,科技创新部,建议拆分，同时对比业务表名称（信息流图）和线上线下输出物名称，不一致，完全拉齐,OK,集成制造/科技创新部一图三表汇总及信息流图/一图三表汇总清单-科技创新部20250930.xlsx,科技创新部,
14,集成制造,14.5,制造工艺设计管理,14.5.14,零件制造工艺文件管理,,,信息流图-集成制造业务域-制造工艺设计-14.5.14零件制造工艺文件管控,工艺规程（工序续页）,是,工艺规程（工序续页）,,,,FM1206-41.4,,CAPP,,,CAPP,,FM1206-41.4,工艺规程（工序续页）,科技创新部,建议拆分，同时对比业务表名称（信息流图）和线上线下输出物名称，不一致，完全拉齐,OK,集成制造/科技创新部一图三表汇总及信息流图/一图三表汇总清单-科技创新部20250930.xlsx,科技创新部,
14,集成制造,14.5,制造工艺设计管理,14.5.14,零件制造工艺文件管理,,,信息流图-集成制造业务域-制造工艺设计-14.5.14零件制造工艺文件管控,工艺规程（草图页）,是,工艺规程（草图页）,,,,FM1206-41.5,,CAPP,,,CAPP,,FM1206-41.5,工艺规程（草图页）,科技创新部,建议拆分，同时对比业务表名称（信息流图）和线上线下输出物名称，不一致，完全拉齐,OK,集成制造/科技创新部一图三表汇总及信息流图/一图三表汇总清单-科技创新部20250930.xlsx,科技创新部,
14,集成制造,14.5,制造工艺设计管理,14.5.14,零件制造工艺文件管理,,,信息流图-集成制造业务域-制造工艺设计-14.5.14零件制造工艺文件管控,工艺规程副本需求申请单,是,工艺规程副本需求申请单,,,,FM1206-42,,CAPP,,,纸质,,FM1206-42,工艺规程副本需求申请单,科技创新部,建议拆分，同时对比业务表名称（信息流图）和线上线下输出物名称，不一致，完全拉齐,OK,集成制造/科技创新部一图三表汇总及信息流图/一图三表汇总清单-科技创新部20250930.xlsx,科技创新部,
14,集成制造,14.5,制造工艺设计管理,14.5.14,零件制造工艺文件管理,,,信息流图-集成制造业务域-制造工艺设计-14.5.14零件制造工艺文件管控,工艺代码规程（封面）,是,工艺代码规程（封面）,,,,FM1206-43,,CAPP,,,CAPP,,FM1206-43,工艺代码规程（封面）,科技创新部,建议拆分，同时对比业务表名称（信息流图）和线上线下输出物名称，不一致，完全拉齐,OK,集成制造/科技创新部一图三表汇总及信息流图/一图三表汇总清单-科技创新部20250930.xlsx,科技创新部,
14,集成制造,14.5,制造工艺设计管理,14.5.14,零件制造工艺文件管理,,,信息流图-集成制造业务域-制造工艺设计-14.5.14零件制造工艺文件管控,工艺规程指令性更改单（首页）,是,工艺规程指令性更改单（首页）,,,,FM1206-44.1,,CAPP,,,CAPP,,FM1206-44.1,工艺规程指令性更改单（首页）,科技创新部,建议拆分，同时对比业务表名称（信息流图）和线上线下输出物名称，不一致，完全拉齐,OK,集成制造/科技创新部一图三表汇总及信息流图/一图三表汇总清单-科技创新部20250930.xlsx,科技创新部,
14,集成制造,14.5,制造工艺设计管理,14.5.14,零件制造工艺文件管理,,,信息流图-集成制造业务域-制造工艺设计-14.5.14零件制造工艺文件管控,工艺规程临时更改单,是,工艺规程临时更改单,,,,FM1206-45,,CAPP,,,CAPP,,FM1206-45,工艺规程临时更改单,科技创新部,建议拆分，同时对比业务表名称（信息流图）和线上线下输出物名称，不一致，完全拉齐,OK,集成制造/科技创新部一图三表汇总及信息流图/一图三表汇总清单-科技创新部20250930.xlsx,科技创新部,
14,集成制造,14.5,制造工艺设计管理,14.5.14,零件制造工艺文件管理,,,信息流图-集成制造业务域-制造工艺设计-14.5.14零件制造工艺文件管控,工艺规程图纸临时更改记录表,是,工艺规程图纸临时更改记录表,,,,FM1206-46,,CAPP,,,纸质,,FM1206-46,工艺规程图纸临时更改记录表,科技创新部,建议拆分，同时对比业务表名称（信息流图）和线上线下输出物名称，不一致，完全拉齐,OK,集成制造/科技创新部一图三表汇总及信息流图/一图三表汇总清单-科技创新部20250930.xlsx,科技创新部,
14,集成制造,14.5,制造工艺设计管理,14.5.14,零件制造工艺文件管理,,,信息流图-集成制造业务域-制造工艺设计-14.5.14零件制造工艺文件管控,工艺规程通用指令性更改单(首页),是,工艺规程通用指令性更改单(首页),,,,FM1206-47,,CAPP,,,CAPP,,FM1206-47,工艺规程通用指令性更改单(首页),科技创新部,建议拆分，同时对比业务表名称（信息流图）和线上线下输出物名称，不一致，完全拉齐,OK,集成制造/科技创新部一图三表汇总及信息流图/一图三表汇总清单-科技创新部20250930.xlsx,科技创新部,
14,集成制造,14.5,制造工艺设计管理,14.5.14,零件制造工艺文件管理,,,信息流图-集成制造业务域-制造工艺设计-14.5.14零件制造工艺文件管控,产品制造记录（首页）,是,产品制造记录（首页）,,,,FM1206-49,,CAPP,,,CAPP,,FM1206-49,产品制造记录（首页）,科技创新部,建议拆分；未填写完整；线上线下输出名称，如果在系统中，应该给出系统中的线上末级菜单名称,OK,集成制造/科技创新部一图三表汇总及信息流图/一图三表汇总清单-科技创新部20250930.xlsx,科技创新部,
14,集成制造,14.5,制造工艺设计管理,14.5.14,零件制造工艺文件管理,,,信息流图-集成制造业务域-制造工艺设计-14.5.14零件制造工艺文件管控,产品制造记录（工序页）,是,产品制造记录（工序页）,,,,FM1206-49.1,,CAPP,,,CAPP,,FM1206-49.1,产品制造记录（工序页）,科技创新部,建议拆分；未填写完整；线上线下输出名称，如果在系统中，应该给出系统中的线上末级菜单名称,OK,集成制造/科技创新部一图三表汇总及信息流图/一图三表汇总清单-科技创新部20250930.xlsx,科技创新部,
14,集成制造,14.5,制造工艺设计管理,14.5.14,零件制造工艺文件管理,,,信息流图-集成制造业务域-制造工艺设计-14.5.14零件制造工艺文件管控,产品制造记录（零件表）,是,产品制造记录（零件表）,,,,FM1206-49.2,,CAPP,,,CAPP,,FM1206-49.2,产品制造记录（零件表）,科技创新部,建议拆分；未填写完整；线上线下输出名称，如果在系统中，应该给出系统中的线上末级菜单名称,OK,集成制造/科技创新部一图三表汇总及信息流图/一图三表汇总清单-科技创新部20250930.xlsx,科技创新部,
14,集成制造,14.5,制造工艺设计管理,14.5.14,零件制造工艺文件管理,,,信息流图-集成制造业务域-制造工艺设计-14.5.14零件制造工艺文件管控,产品制造记录（热处理记录表）,是,产品制造记录（热处理记录表）,,,,FM1206-49.3,,CAPP,,,纸质,,FM1206-49.3,产品制造记录（热处理记录表）,科技创新部,建议拆分；未填写完整；线上线下输出名称，如果在系统中，应该给出系统中的线上末级菜单名称,OK,集成制造/科技创新部一图三表汇总及信息流图/一图三表汇总清单-科技创新部20250930.xlsx,科技创新部,
14,集成制造,14.6,制造工艺验证与改进,14.6.1,工艺纪律检查,,,信息流图-集成制造业务域-制造工艺验证与改进-14.6.1工艺纪律检查,工艺纪律检查月报表,是,工艺纪律检查月报表,1,,,FM1207-04,,线下WORD,,,,C/U,FM1207-04,工艺纪律检查月报表,科技创新部,,OK,集成制造/科技创新部一图三表汇总及信息流图/一图三表汇总清单-科技创新部20250930.xlsx,科技创新部,
14,集成制造,14.6,制造工艺验证与改进,14.6.1,工艺纪律检查,,,信息流图-集成制造业务域-制造工艺验证与改进-14.6.1工艺纪律检查,工艺纪律检查单,是,工艺纪律检查单,1,,,FM1207-05,,线下WORD,,,,C/U,FM1207-05,工艺纪律检查单,科技创新部,,OK,集成制造/科技创新部一图三表汇总及信息流图/一图三表汇总清单-科技创新部20250930.xlsx,科技创新部,
14,集成制造,14.6,制造工艺验证与改进,14.6.3,工艺鉴定,,,信息流图-集成制造业务域-制造工艺验证与改进-14.6.3工艺鉴定,工艺鉴定准备计划,否,,0,,,,,,,,线下,R/U,,,科技创新部,,OK,集成制造/科技创新部一图三表汇总及信息流图/一图三表汇总清单-科技创新部20250930.xlsx,科技创新部,
14,集成制造,14.6,制造工艺验证与改进,14.6.3,工艺鉴定,,,信息流图-集成制造业务域-制造工艺验证与改进-14.6.3工艺鉴定,投影程序鉴定表,是,投影程序鉴定表,1,,,FM1207-76,,线下WORD,,,线下,C/U,FM1207-76,投影程序鉴定表,科技创新部,,OK,集成制造/科技创新部一图三表汇总及信息流图/一图三表汇总清单-科技创新部20250930.xlsx,科技创新部,
14,集成制造,14.6,制造工艺验证与改进,14.6.3,工艺鉴定,,,信息流图-集成制造业务域-制造工艺验证与改进-14.6.3工艺鉴定,投影程序更改单,是,投影程序更改单,1,,,FM1207-77,,线下WORD,,,线下,C/U,FM1207-77,投影程序更改单,科技创新部,,OK,集成制造/科技创新部一图三表汇总及信息流图/一图三表汇总清单-科技创新部20250930.xlsx,科技创新部,
14,集成制造,14.6,制造工艺验证与改进,14.6.3,工艺鉴定,,,信息流图-集成制造业务域-制造工艺验证与改进-14.6.3工艺鉴定,工艺鉴定大纲,否,,0,,,,,,,,线下,U,,,科技创新部,,OK,集成制造/科技创新部一图三表汇总及信息流图/一图三表汇总清单-科技创新部20250930.xlsx,科技创新部,
14,集成制造,14.6,制造工艺验证与改进,14.6.3,工艺鉴定,,,信息流图-集成制造业务域-制造工艺验证与改进-14.6.3工艺鉴定,工艺鉴定申请材料,否,,0,,,,,,,,线下,U,,,科技创新部,,OK,集成制造/科技创新部一图三表汇总及信息流图/一图三表汇总清单-科技创新部20250930.xlsx,科技创新部,
14,集成制造,14.6,制造工艺验证与改进,14.6.3,工艺鉴定,,,信息流图-集成制造业务域-制造工艺验证与改进-14.6.3工艺鉴定,工艺鉴定申请报批,否,,0,,,,,,,,线下,U,,,科技创新部,,OK,集成制造/科技创新部一图三表汇总及信息流图/一图三表汇总清单-科技创新部20250930.xlsx,科技创新部,
14,集成制造,14.6,制造工艺验证与改进,14.6.3,工艺鉴定,,,信息流图-集成制造业务域-制造工艺验证与改进-14.6.3工艺鉴定,工艺鉴定报告,否,,0,,,,,,,,线下,U,,,科技创新部,,OK,集成制造/科技创新部一图三表汇总及信息流图/一图三表汇总清单-科技创新部20250930.xlsx,科技创新部,
14,集成制造,14.6,制造工艺验证与改进,14.6.4,研制工艺工作总结,,,信息流图-集成制造业务域-制造工艺验证与改进-14.6.4研制工艺工作总结的编制,技术文件,否,,0,,,,,,,,CPM,R,,,科技创新部,,OK,集成制造/科技创新部一图三表汇总及信息流图/一图三表汇总清单-科技创新部20250930.xlsx,科技创新部,
14,集成制造,14.6,制造工艺验证与改进,14.6.4,研制工艺工作总结,,,信息流图-集成制造业务域-制造工艺验证与改进-14.6.4研制工艺工作总结的编制,工艺文件,否,,0,,,,,,,,CPM/OA/WMS,R,,,科技创新部,,OK,集成制造/科技创新部一图三表汇总及信息流图/一图三表汇总清单-科技创新部20250930.xlsx,科技创新部,
14,集成制造,14.6,制造工艺验证与改进,14.6.4,研制工艺工作总结,,,信息流图-集成制造业务域-制造工艺验证与改进-14.6.4研制工艺工作总结的编制,研制工艺工作总结,是,自编技术文件,0,,,,,CPM,,,线下/CPM,C/U,,,科技创新部,,OK,集成制造/科技创新部一图三表汇总及信息流图/一图三表汇总清单-科技创新部20250930.xlsx,科技创新部,
14,集成制造,14.6,制造工艺验证与改进,14.6.5,技术问题处理,,,信息流图-集成制造业务域-制造工艺验证与改进-14.6.5技术问题处理,图纸、数模等,否,,0,,,,,,,,CPM,R,,,科技创新部,,OK,集成制造/科技创新部一图三表汇总及信息流图/一图三表汇总清单-科技创新部20250930.xlsx,科技创新部,
14,集成制造,14.6,制造工艺验证与改进,14.6.5,技术问题处理,,,信息流图-集成制造业务域-制造工艺验证与改进-14.6.5技术问题处理,测试数据、生产异常等,否,,0,,,,,,,,/,R,,,科技创新部,,OK,集成制造/科技创新部一图三表汇总及信息流图/一图三表汇总清单-科技创新部20250930.xlsx,科技创新部,
14,集成制造,14.6,制造工艺验证与改进,14.6.5,技术问题处理,,,信息流图-集成制造业务域-制造工艺验证与改进-14.6.5技术问题处理,技术问题报告,是,,0,,,,,线下WORD,,,OA,U,,,科技创新部,,OK,集成制造/科技创新部一图三表汇总及信息流图/一图三表汇总清单-科技创新部20250930.xlsx,科技创新部,
14,集成制造,14.6,制造工艺验证与改进,14.6.5,技术问题处理,,,信息流图-集成制造业务域-制造工艺验证与改进-14.6.5技术问题处理,技术问题验证报告,是,,0,,,,,线下WORD,,,OA,U,,,科技创新部,,OK,集成制造/科技创新部一图三表汇总及信息流图/一图三表汇总清单-科技创新部20250930.xlsx,科技创新部,
14,集成制造,14.6,制造工艺验证与改进,14.6.5,技术问题处理,,,信息流图-集成制造业务域-制造工艺验证与改进-14.6.5技术问题处理,拒收报告,否,,0,,,,,,,,OA,R,,,科技创新部,,OK,集成制造/科技创新部一图三表汇总及信息流图/一图三表汇总清单-科技创新部20250930.xlsx,科技创新部,
14,集成制造,14.6,制造工艺验证与改进,14.6.5,技术问题处理,,,信息流图-集成制造业务域-制造工艺验证与改进-14.6.5技术问题处理,客户反馈问题,否,,0,,,,,,,,/,R,,,科技创新部,,OK,集成制造/科技创新部一图三表汇总及信息流图/一图三表汇总清单-科技创新部20250930.xlsx,科技创新部,
14,集成制造,14.6,制造工艺验证与改进,14.6.6,工艺仿真,,,信息流图-集成制造业务域-制造工艺验证与改进-14.6.6工艺仿真,工艺仿真记录,是,自编技术文件,0,,,无,,线下WORD,,,线下,C/U,,,科技创新部,对比业务表名称（信息流图）和线上线下输出物名称，不一致，线下文本或cpm文件非结构化，完全拉齐,OK,集成制造/科技创新部一图三表汇总及信息流图/一图三表汇总清单-科技创新部20250930.xlsx,科技创新部,
14,集成制造,14.7,工装工具管理,14.7.1,工装工具策划,,,信息流图--集成制造业务域-14.7.1工装工具策划,工装测算表,否,,0,,,,,,,,线下,U/R,,,科技创新部,,OK,集成制造/科技创新部一图三表汇总及信息流图/一图三表汇总清单-科技创新部20250930.xlsx,科技创新部,
14,集成制造,14.7,工装工具管理,14.7.1,工装工具策划,,,信息流图--集成制造业务域-14.7.1工装工具策划,工具品种表,否,,1,,,,,,,,OA,U/R,,,科技创新部,,OK,集成制造/科技创新部一图三表汇总及信息流图/一图三表汇总清单-科技创新部20250930.xlsx,科技创新部,
14,集成制造,14.7,工装工具管理,14.7.1,工装工具策划,,,信息流图--集成制造业务域-14.7.1工装工具策划,工艺装备品种表,是,自编技术文件,0,,,FM1405-47,,CPM,,是,CPM,C/U,FM1405-47,工艺装备品种表,科技创新部,线上线下输出名称，如果在系统中，应该给出系统中的线上末级菜单名称,OK,集成制造/科技创新部一图三表汇总及信息流图/一图三表汇总清单-科技创新部20250930.xlsx,科技创新部,
14,集成制造,14.7,工装工具管理,14.7.1,工装工具策划,,,信息流图--集成制造业务域-14.7.1工装工具策划,工装定检目录,否,,0,,,,,,,,CPM,U/R,,,科技创新部,,OK,集成制造/科技创新部一图三表汇总及信息流图/一图三表汇总清单-科技创新部20250930.xlsx,科技创新部,
14,集成制造,14.7,工装工具管理,14.7.1,工装工具策划,,,信息流图--集成制造业务域-14.7.1工装工具策划,工艺装备定期检修计划表,是,自编技术文件,0,,,FM1405-24,,CPM,,是,CPM,U/R,FM1405-24,工艺装备定期检修计划表,科技创新部,R的表  输出业务项  应该是否；未填写完整；线上线下输出名称，如果在系统中，应该给出系统中的线上末级菜单名称,OK,集成制造/科技创新部一图三表汇总及信息流图/一图三表汇总清单-科技创新部20250930.xlsx,科技创新部,
14,集成制造,14.7,工装工具管理,14.7.2,工装申请与制造,,,14.7.2工装申请与制造,外协采购申请单,否,,0,,,,,,,,OA,C,,,科技创新部,,OK,集成制造/科技创新部一图三表汇总及信息流图/一图三表汇总清单-科技创新部20250930.xlsx,科技创新部,
14,集成制造,14.7,工装工具管理,14.7.2,工装申请与制造,,,14.7.2工装申请与制造,分工报告,否,,0,,,,,,,,OA,C,,,科技创新部,,OK,集成制造/科技创新部一图三表汇总及信息流图/一图三表汇总清单-科技创新部20250930.xlsx,科技创新部,
14,集成制造,14.7,工装工具管理,14.7.2,工装申请与制造,,,14.7.2工装申请与制造,工装验收单,否,,0,,,,,,,,线下,C,,,科技创新部,,OK,集成制造/科技创新部一图三表汇总及信息流图/一图三表汇总清单-科技创新部20250930.xlsx,科技创新部,
14,集成制造,14.7,工装工具管理,14.7.2,工装申请与制造,,,14.7.2工装申请与制造,接收确认单,否,,0,,,,,,,,线下,C,,,科技创新部,,OK,集成制造/科技创新部一图三表汇总及信息流图/一图三表汇总清单-科技创新部20250930.xlsx,科技创新部,
14,集成制造,14.7,工装工具管理,14.7.2,工装申请与制造,,,14.7.2工装申请与制造,工装品种表,否,,0,,,,,,,,CPM,R,,,科技创新部,,OK,集成制造/科技创新部一图三表汇总及信息流图/一图三表汇总清单-科技创新部20250930.xlsx,科技创新部,
14,集成制造,14.7,工装工具管理,14.7.2,工装申请与制造,,,14.7.2工装申请与制造,工装技术条件,否,,0,,,,,,,,/,R,,,科技创新部,,OK,集成制造/科技创新部一图三表汇总及信息流图/一图三表汇总清单-科技创新部20250930.xlsx,科技创新部,
14,集成制造,14.7,工装工具管理,14.7.2,工装申请与制造,,,14.7.2工装申请与制造,工艺装备申请单,否,,0,,,,,,,,OA,C,,,科技创新部,,OK,集成制造/科技创新部一图三表汇总及信息流图/一图三表汇总清单-科技创新部20250930.xlsx,科技创新部,
14,集成制造,14.7,工装工具管理,14.7.2,工装申请与制造,,,14.7.2工装申请与制造,工装设计评审,否,,0,,,,,,,,KB,C/U,,,科技创新部,,OK,集成制造/科技创新部一图三表汇总及信息流图/一图三表汇总清单-科技创新部20250930.xlsx,科技创新部,
14,集成制造,14.7,工装工具管理,14.7.2,工装申请与制造,14.7.2.1,工装申请管理,信息流图--集成制造业务域-14.7.2.1工艺装备申请,工艺装备品种表,否,,0,,,,,,,,CPM,R,,,科技创新部,,OK,集成制造/科技创新部一图三表汇总及信息流图/一图三表汇总清单-科技创新部20250930.xlsx,科技创新部,
14,集成制造,14.7,工装工具管理,14.7.2,工装申请与制造,14.7.2.1,工装申请管理,信息流图--集成制造业务域-14.7.2.1工艺装备申请,工艺装备申请单,是,工艺装备申请单,1,,,FM1405-50,,OA,,,OA,C/U,FM1405-50,工艺装备申请单,科技创新部,线上线下输出名称，如果在系统中，应该给出系统中的线上末级菜单名称,OK,集成制造/科技创新部一图三表汇总及信息流图/一图三表汇总清单-科技创新部20250930.xlsx,科技创新部,
14,集成制造,14.7,工装工具管理,14.7.2,工装申请与制造,14.7.2.1,工装申请管理,信息流图--集成制造业务域-14.7.2.1工艺装备申请,采购申请单,否,,1,,,,,,,,OA,U/R,,,科技创新部,,OK,集成制造/科技创新部一图三表汇总及信息流图/一图三表汇总清单-科技创新部20250930.xlsx,科技创新部,
14,集成制造,14.7,工装工具管理,14.7.2,工装申请与制造,14.7.2.1,工装申请管理,信息流图--集成制造业务域-14.7.2.1工艺装备申请,工装设计评审纪要,否,,0,,,,,,,,线下,U,,,科技创新部,,OK,集成制造/科技创新部一图三表汇总及信息流图/一图三表汇总清单-科技创新部20250930.xlsx,科技创新部,
14,集成制造,14.7,工装工具管理,14.7.2,工装申请与制造,14.7.2.2,工装设计与更改,信息流图-集成制造业务域-工装工具管理组-14.7.2.2工装设计与更改,工艺装备申请单,否,,0,,,,,,,,OA,R,,,科技创新部,,OK,集成制造/科技创新部一图三表汇总及信息流图/一图三表汇总清单-科技创新部20250930.xlsx,科技创新部,
14,集成制造,14.7,工装工具管理,14.7.2,工装申请与制造,14.7.2.2,工装设计与更改,信息流图-集成制造业务域-工装工具管理组-14.7.2.2工装设计与更改,样板/数据集申请单,否,,0,,,,,,,,OA,R,,,科技创新部,,OK,集成制造/科技创新部一图三表汇总及信息流图/一图三表汇总清单-科技创新部20250930.xlsx,科技创新部,
14,集成制造,14.7,工装工具管理,14.7.2,工装申请与制造,14.7.2.2,工装设计与更改,信息流图-集成制造业务域-工装工具管理组-14.7.2.2工装设计与更改,包装箱设计（补充技术条件）,否,,0,,,,,,,,OA,R,,,科技创新部,,OK,集成制造/科技创新部一图三表汇总及信息流图/一图三表汇总清单-科技创新部20250930.xlsx,科技创新部,
14,集成制造,14.7,工装工具管理,14.7.2,工装申请与制造,14.7.2.2,工装设计与更改,信息流图-集成制造业务域-工装工具管理组-14.7.2.2工装设计与更改,工装利用制造技术说明,否,,0,,,,,,,,OA,C/U,,,科技创新部,,OK,集成制造/科技创新部一图三表汇总及信息流图/一图三表汇总清单-科技创新部20250930.xlsx,科技创新部,
14,集成制造,14.7,工装工具管理,14.7.2,工装申请与制造,14.7.2.2,工装设计与更改,信息流图-集成制造业务域-工装工具管理组-14.7.2.2工装设计与更改,工装利用设计技术说明,否,,0,,,,,,,,OA,C/U,,,科技创新部,,OK,集成制造/科技创新部一图三表汇总及信息流图/一图三表汇总清单-科技创新部20250930.xlsx,科技创新部,
14,集成制造,14.7,工装工具管理,14.7.2,工装申请与制造,14.7.2.2,工装设计与更改,信息流图-集成制造业务域-工装工具管理组-14.7.2.2工装设计与更改,工装数据管理单,是,工装数据管理单,1,,,FM1405-42,FM1407-42,PLM,,,PLM,C/U,FM1405-42,工装数据管理单,科技创新部,线上线下输出名称，如果在系统中，应该给出系统中的线上末级菜单名称,OK,集成制造/科技创新部一图三表汇总及信息流图/一图三表汇总清单-科技创新部20250930.xlsx,科技创新部,
14,集成制造,14.7,工装工具管理,14.7.2,工装申请与制造,14.7.2.2,工装设计与更改,信息流图-集成制造业务域-工装工具管理组-14.7.2.2工装设计与更改,工装数据更改单,是,工装数据处理单,1,,,FM1405-43,FM1407-43,PLM,,,PLM,C/U,FM1405-43,工装数据更改单,科技创新部,线上线下输出名称，如果在系统中，应该给出系统中的线上末级菜单名称,OK,集成制造/科技创新部一图三表汇总及信息流图/一图三表汇总清单-科技创新部20250930.xlsx,科技创新部,
14,集成制造,14.7,工装工具管理,14.7.2,工装申请与制造,14.7.2.2,工装设计与更改,信息流图-集成制造业务域-工装工具管理组-14.7.2.2工装设计与更改,工装成品细目表,是,工装数据更改单,1,,,FM1405-44,FM1407-44,PLM,,,PLM,C/U,FM1405-44,工装成品细目表,科技创新部,线上线下输出名称，如果在系统中，应该给出系统中的线上末级菜单名称,OK,集成制造/科技创新部一图三表汇总及信息流图/一图三表汇总清单-科技创新部20250930.xlsx,科技创新部,
14,集成制造,14.7,工装工具管理,14.7.2,工装申请与制造,14.7.2.2,工装设计与更改,信息流图-集成制造业务域-工装工具管理组-14.7.2.2工装设计与更改,工装问题处理单,是,工装成品细目表,0,,,FM1405-45,FM1407-45,PLM,,,PLM,C/U,FM1405-45,工装数据处理单,科技创新部,对比业务表名称（信息流图）和线上线下输出物名称，不一致，完全拉齐,OK,集成制造/科技创新部一图三表汇总及信息流图/一图三表汇总清单-科技创新部20250930.xlsx,科技创新部,
14,集成制造,14.7,工装工具管理,14.7.2,工装申请与制造,14.7.2.2,工装设计与更改,信息流图-集成制造业务域-工装工具管理组-14.7.2.2工装设计与更改,工装使用说明书,是,工装使用说明书,1,,,FM1405-23A,FM1407-63,纸质,,,线下,C/U,FM1405-63,工装使用说明书,科技创新部,,OK,集成制造/科技创新部一图三表汇总及信息流图/一图三表汇总清单-科技创新部20250930.xlsx,科技创新部,
14,集成制造,14.7,工装工具管理,14.7.2,工装申请与制造,14.7.2.2,工装设计与更改,信息流图-集成制造业务域-工装工具管理组-14.7.2.2工装设计与更改,工装设计评审纪要,是,工装设计评审纪要,1,,,FM1405-64,FM1407-64,纸质,,,线下,C/U,FM1405-64,工装设计评审纪要,科技创新部,,OK,集成制造/科技创新部一图三表汇总及信息流图/一图三表汇总清单-科技创新部20250930.xlsx,科技创新部,
14,集成制造,14.7,工装工具管理,14.7.2,工装申请与制造,14.7.2.2,工装使用,信息流图--集成制造业务域-14.7.3.1工艺装备使用,工装实物资产账,是,工装实物资产账,1,,,,,线下EXCEL,,,纸质,C/U,,工装实物资产账,科技创新部,,OK,集成制造/科技创新部一图三表汇总及信息流图/一图三表汇总清单-科技创新部20250930.xlsx,科技创新部,
14,集成制造,14.7,工装工具管理,14.7.2,工装申请与制造,14.7.2.2,工装使用,信息流图--集成制造业务域-14.7.3.1工艺装备使用,工装借用申请单,是,工装借用申请单,1,,,FM1405-73,,纸质,,,纸质,C/U,FM1405-73,工装借用申请单,科技创新部,,OK,集成制造/科技创新部一图三表汇总及信息流图/一图三表汇总清单-科技创新部20250930.xlsx,科技创新部,
14,集成制造,14.7,工装工具管理,14.7.3,工装现场管理,14.7.3.3,工装返修,信息流图--集成制造业务域-14.7.3.3工艺装备返工,工艺装备返工申请单,是,工艺装备返工申请单,0,,,FM1405-55,FM1407-55,OA,,,OA,C/U,FM1405-55,工艺装备返工申请单,科技创新部,,OK,集成制造/科技创新部一图三表汇总及信息流图/一图三表汇总清单-科技创新部20250930.xlsx,科技创新部,
14,集成制造,14.7,工装工具管理,14.7.3,工装现场管理,14.7.3.3,工装返修,信息流图--集成制造业务域-14.7.3.3工艺装备返工,工装制造计划,否,,1,,,,,,,,,R,,,科技创新部,,OK,集成制造/科技创新部一图三表汇总及信息流图/一图三表汇总清单-科技创新部20250930.xlsx,科技创新部,
14,集成制造,14.7,工装工具管理,14.7.3,工装现场管理,14.7.3.3,工装返修,信息流图--集成制造业务域-14.7.3.3工艺装备返工,采购申请单,否,,0,,,,,,,,OA,U/R,,,科技创新部,,OK,集成制造/科技创新部一图三表汇总及信息流图/一图三表汇总清单-科技创新部20250930.xlsx,科技创新部,
14,集成制造,14.7,工装工具管理,14.7.3,工装现场管理,14.7.3.3,工装返修,信息流图--集成制造业务域-14.7.3.3工艺装备返工,商务分工报告,否,,0,,,,,,,,OA,U/R,,,科技创新部,,OK,集成制造/科技创新部一图三表汇总及信息流图/一图三表汇总清单-科技创新部20250930.xlsx,科技创新部,
14,集成制造,14.7,工装工具管理,14.7.3,工装现场管理,14.7.3.4,工装维护,信息流图--集成制造业务域-14.7.3.4工艺装备维护,工装实物资产目录,否,,0,,,,,,,,线下,R,,,科技创新部,,OK,集成制造/科技创新部一图三表汇总及信息流图/一图三表汇总清单-科技创新部20250930.xlsx,科技创新部,
14,集成制造,14.7,工装工具管理,14.7.3,工装现场管理,14.7.3.4,工装维护,信息流图--集成制造业务域-14.7.3.4工艺装备维护,工艺装备维护保养计划,是,工艺装备维护保养计划,1,,,FM1405-17,,纸质,,,线下,C/U,FM1405-17,工艺装备维护保养计划,科技创新部,,OK,集成制造/科技创新部一图三表汇总及信息流图/一图三表汇总清单-科技创新部20250930.xlsx,科技创新部,
14,集成制造,14.7,工装工具管理,14.7.3,工装现场管理,14.7.3.4,工装维护,信息流图--集成制造业务域-14.7.3.4工艺装备维护,工艺装备返工申请单,否,,0,,,,,,,,OA,C/U,,,科技创新部,,OK,集成制造/科技创新部一图三表汇总及信息流图/一图三表汇总清单-科技创新部20250930.xlsx,科技创新部,
14,集成制造,14.7,工装工具管理,14.7.3,工装现场管理,14.7.3.4,工装维护,信息流图--集成制造业务域-14.7.3.4工艺装备维护,采购申请单,否,,0,,,,,,,,OA,C/U,,,科技创新部,,OK,集成制造/科技创新部一图三表汇总及信息流图/一图三表汇总清单-科技创新部20250930.xlsx,科技创新部,
14,集成制造,14.7,工装工具管理,14.7.3,工装现场管理,14.7.3.4,工装维护,信息流图--集成制造业务域-14.7.3.4工艺装备维护,商务分工报告,否,,0,,,,,,,,OA,C/U,,,科技创新部,,OK,集成制造/科技创新部一图三表汇总及信息流图/一图三表汇总清单-科技创新部20250930.xlsx,科技创新部,
14,集成制造,14.7,工装工具管理,14.7.4,工装验证,,,信息流图--集成制造业务域-14.7.4工装验证,工装验证清单,是,工装验证清单,1,,,,,纸质,,,纸质,C/U,,工装验证清单,科技创新部,,OK,集成制造/科技创新部一图三表汇总及信息流图/一图三表汇总清单-科技创新部20250930.xlsx,科技创新部,
14,集成制造,14.7,工装工具管理,14.7.4,工装验证,,,信息流图--集成制造业务域-14.7.4工装验证,工艺装备证明书,否,,0,,,,,,,,线下,U,,,科技创新部,,OK,集成制造/科技创新部一图三表汇总及信息流图/一图三表汇总清单-科技创新部20250930.xlsx,科技创新部,
14,集成制造,14.7,工装工具管理,14.7.5,工装优化,,,信息流图--集成制造业务域-14.7.5工装优化,工装测算表,否,,0,,,,,,,,线下,U/R,,,科技创新部,,OK,集成制造/科技创新部一图三表汇总及信息流图/一图三表汇总清单-科技创新部20250930.xlsx,科技创新部,
14,集成制造,14.7,工装工具管理,14.7.5,工装优化,,,信息流图--集成制造业务域-14.7.5工装优化,工艺装备品种表,否,,1,,,,,,,,CPM,U,,,科技创新部,线上线下输出名称，如果在系统中，应该给出系统中的线上末级菜单名称,OK,集成制造/科技创新部一图三表汇总及信息流图/一图三表汇总清单-科技创新部20250930.xlsx,科技创新部,
14,集成制造,14.7,工装工具管理,14.7.5,工装优化,,,信息流图--集成制造业务域-14.7.5工装优化,工艺装备申请单,否,,1,,,,,,,,OA,U,,,科技创新部,线上线下输出名称，如果在系统中，应该给出系统中的线上末级菜单名称,OK,集成制造/科技创新部一图三表汇总及信息流图/一图三表汇总清单-科技创新部20250930.xlsx,科技创新部,
14,集成制造,14.7,工装工具管理,14.7.6,工具申请,,,信息流图--集成制造业务域-14.7.6工具申请,工具申请单,是,工具申请单,1,,,FM1406-202,,OA,,是,OA,C/U,FM1406-202,工具申请单,科技创新部,线上线下输出名称，如果在系统中，应该给出系统中的线上末级菜单名称,OK,集成制造/科技创新部一图三表汇总及信息流图/一图三表汇总清单-科技创新部20250930.xlsx,科技创新部,
14,集成制造,14.7,工装工具管理,14.7.7,专用工具设计与更改,,,信息流图-集成制造业务域-14.7.7工装工具管理组-专用工具设计与更改,专用工具设计技术条件,否,,0,,,,,,,,OA,R,,,科技创新部,,OK,集成制造/科技创新部一图三表汇总及信息流图/一图三表汇总清单-科技创新部20250930.xlsx,科技创新部,
14,集成制造,14.7,工装工具管理,14.7.7,专用工具设计与更改,,,信息流图-集成制造业务域-14.7.7工装工具管理组-专用工具设计与更改,专用工具数据管理单,是,专用工具数据管理单,1,,,FM1406-01,FM1407-57,PLM,,,PLM/OA,C/U,FM1406-01,专用工具数据管理单,科技创新部,线上线下输出名称，如果在系统中，应该给出系统中的线上末级菜单名称,OK,集成制造/科技创新部一图三表汇总及信息流图/一图三表汇总清单-科技创新部20250930.xlsx,科技创新部,
14,集成制造,14.7,工装工具管理,14.7.7,专用工具设计与更改,,,信息流图-集成制造业务域-14.7.7工装工具管理组-专用工具设计与更改,专用工具数据更改单,是,专用工具数据更改单,1,,,FM1406-02,FM1407-58,PLM,,,PLM/OA,C/U,FM1406-02,专用工具数据更改单,科技创新部,线上线下输出名称，如果在系统中，应该给出系统中的线上末级菜单名称,OK,集成制造/科技创新部一图三表汇总及信息流图/一图三表汇总清单-科技创新部20250930.xlsx,科技创新部,
14,集成制造,14.7,工装工具管理,14.7.8,工具现场管理,,,信息流图--集成制造业务域-14.7.8工具现场管控,工具台账,是,工具台账,0,,,FM1406-61,FM1407-2,线下EXCEL,,,线下,C/U,FM1406-61,工具台账,科技创新部,,OK,集成制造/科技创新部一图三表汇总及信息流图/一图三表汇总清单-科技创新部20250930.xlsx,科技创新部,
14,集成制造,14.7,工装工具管理,14.7.8,工具现场管理,,,信息流图--集成制造业务域-14.7.8工具现场管控,工具报废申请单,是,工具报废申请单,1,,,FM1406-72,,OA,,,OA,C/U,FM1406-72,工具报废申请单,科技创新部,线上线下输出名称，如果在系统中，应该给出系统中的线上末级菜单名称,OK,集成制造/科技创新部一图三表汇总及信息流图/一图三表汇总清单-科技创新部20250930.xlsx,科技创新部,
14,集成制造,14.7,工装工具管理,14.7.8,工具现场管理,,,信息流图--集成制造业务域-14.7.8工具现场管控,工具维修申请单,是,工具维修申请单,1,,,FM1406-57,,OA,,,OA,C/U,FM1406-57,工具维修申请单,科技创新部,线上线下输出名称，如果在系统中，应该给出系统中的线上末级菜单名称,OK,集成制造/科技创新部一图三表汇总及信息流图/一图三表汇总清单-科技创新部20250930.xlsx,科技创新部,
14,集成制造,14.7,工装工具管理,14.7.8,工具现场管理,,,信息流图--集成制造业务域-14.7.8工具现场管控,工具调拨单,是,工具调拨单,1,,,FM1406-66,,纸质,,,线下,C/U,FM1406-66,工具调拨单,科技创新部,,OK,集成制造/科技创新部一图三表汇总及信息流图/一图三表汇总清单-科技创新部20250930.xlsx,科技创新部,
14,集成制造,14.7,工装工具管理,14.7.8,工具现场管理,,,信息流图--集成制造业务域-14.7.8工具现场管控,工具状态表,是,工具状态表,0,,,FM1406-74,FM1407-3,线下EXCEL,,,线下,C/U,FM1406-74,工具状态表,科技创新部,,OK,集成制造/科技创新部一图三表汇总及信息流图/一图三表汇总清单-科技创新部20250930.xlsx,科技创新部,
14,集成制造,14.7,工装工具管理,14.7.9,工具验证,,,信息流图--集成制造业务域-14.7.9工具验证,工具试用报告（批次）,是,工具试用报告（批次）,1,,,FM1406-88,FM1407-116,纸质,,,线下,C/U,FM1406-88,工具试用报告（批次）,科技创新部,,OK,集成制造/科技创新部一图三表汇总及信息流图/一图三表汇总清单-科技创新部20250930.xlsx,科技创新部,
14,集成制造,14.7,工装工具管理,14.7.9,工具验证,,,信息流图--集成制造业务域-14.7.9工具验证,工具验证清单,是,工具验证清单,0,,,FM1406-78,FM1407-119,纸质,,,线下,C/U,FM1406-78,工具验证清单,科技创新部,,OK,集成制造/科技创新部一图三表汇总及信息流图/一图三表汇总清单-科技创新部20250930.xlsx,科技创新部,
14,集成制造,14.7,工装工具管理,14.7.10,工具试用与选型,,,信息流图-集成制造业务域-工装工具管理组-14.7.10工具试用与选型,工具试用申请表,是,工具试用申请表,1,,,FM1406-05,FM1407-59,纸质,,,线下,C/U/R,FM1406-05,工具试用申请表,科技创新部,,OK,集成制造/科技创新部一图三表汇总及信息流图/一图三表汇总清单-科技创新部20250930.xlsx,科技创新部,
14,集成制造,14.7,工装工具管理,14.7.10,工具试用与选型,,,信息流图-集成制造业务域-工装工具管理组-14.7.10工具试用与选型,工具试用记录表,是,工具试用记录表,1,,,FM1406-06,FM1407-60,纸质,,,线下,C/U,FM1406-06,工具试用记录表,科技创新部,,OK,集成制造/科技创新部一图三表汇总及信息流图/一图三表汇总清单-科技创新部20250930.xlsx,科技创新部,
14,集成制造,14.7,工装工具管理,14.7.10,工具试用与选型,,,信息流图-集成制造业务域-工装工具管理组-14.7.10工具试用与选型,工具试用报告,是,工具试用报告,1,,,FM1406-07,FM1407-31,纸质,,,线下,C/U,FM1406-07,工具试用报告,科技创新部,,OK,集成制造/科技创新部一图三表汇总及信息流图/一图三表汇总清单-科技创新部20250930.xlsx,科技创新部,
14,集成制造,14.7,工装工具管理,14.7.10,工具试用与选型,,,信息流图-集成制造业务域-工装工具管理组-14.7.10工具试用与选型,工具小批量使用情况反馈表,是,工具小批量使用情况反馈表,1,,,FM1406-08,FM1407-04,纸质,,,线下,C/U,FM1406-08,工具小批量使用情况反馈表,科技创新部,,OK,集成制造/科技创新部一图三表汇总及信息流图/一图三表汇总清单-科技创新部20250930.xlsx,科技创新部,
14,集成制造,14.7,工装工具管理,14.7.10,工具试用与选型,,,信息流图-集成制造业务域-工装工具管理组-14.7.10工具试用与选型,样品确认表,是,样品确认表,1,,,,FM1407-28,纸质,,,线下,C/U,,,科技创新部,对比业务表名称（信息流图）和线上线下输出物名称，不一致，线下文本或cpm文件非结构化，完全拉齐,OK,集成制造/科技创新部一图三表汇总及信息流图/一图三表汇总清单-科技创新部20250930.xlsx,科技创新部,
14,集成制造,14.7,工装工具管理,14.7.10,工具试用与选型,,,信息流图-集成制造业务域-工装工具管理组-14.7.10工具试用与选型,品牌报价,是,品牌报价,1,,,,FM1407-29,纸质,,,线下,C/U,,,科技创新部,对比业务表名称（信息流图）和线上线下输出物名称，不一致，线下文本或cpm文件非结构化，完全拉齐,OK,集成制造/科技创新部一图三表汇总及信息流图/一图三表汇总清单-科技创新部20250930.xlsx,科技创新部,
14,集成制造,14.5,制造工艺设计管理,14.5.9,制造物料清单（MBOM）编制,,,14.5.9制造物料清单（MBOM）编制,EBOM,否,,,,,,,,,,PDM,R,,,数字工程部,OA,OK,集成制造/数字工程部一图三表汇总及信息流图/一图三表数字工程部汇总清单0929.xlsx,数字工程部,
14,集成制造,14.5,制造工艺设计管理,14.5.9,制造物料清单（MBOM）编制,,,14.5.9制造物料清单（MBOM）编制,图纸、数模等,否,,,,,,,,,,CPM,R,,,数字工程部,ERP,OK,集成制造/数字工程部一图三表汇总及信息流图/一图三表数字工程部汇总清单0929.xlsx,数字工程部,
14,集成制造,14.5,制造工艺设计管理,14.5.9,制造物料清单（MBOM）编制,,,14.5.9制造物料清单（MBOM）编制,客供件清单,否,,,,,,,,,,/,R,,,数字工程部,WMS,OK,集成制造/数字工程部一图三表汇总及信息流图/一图三表数字工程部汇总清单0929.xlsx,数字工程部,
14,集成制造,14.5,制造工艺设计管理,14.5.9,制造物料清单（MBOM）编制,,,14.5.9制造物料清单（MBOM）编制,工作转移申请单,否,,,,,,,,,,/,R,,,数字工程部,PDM,OK,集成制造/数字工程部一图三表汇总及信息流图/一图三表数字工程部汇总清单0929.xlsx,数字工程部,
14,集成制造,14.5,制造工艺设计管理,14.5.9,制造物料清单（MBOM）编制,,,14.5.9制造物料清单（MBOM）编制,装配大纲,否,,,,,,,,,,/,R,,,数字工程部,MES,OK,集成制造/数字工程部一图三表汇总及信息流图/一图三表数字工程部汇总清单0929.xlsx,数字工程部,
14,集成制造,14.5,制造工艺设计管理,14.5.9,制造物料清单（MBOM）编制,,,14.5.9制造物料清单（MBOM）编制,特制件申请单,否,,,,,,,,,,/,R,,,数字工程部,CPM,OK,集成制造/数字工程部一图三表汇总及信息流图/一图三表数字工程部汇总清单0929.xlsx,数字工程部,
14,集成制造,14.5,制造工艺设计管理,14.5.9,制造物料清单（MBOM）编制,,,14.5.9制造物料清单（MBOM）编制,工艺状态表,否,,,,,,,,,,/,R,,,数字工程部,PLM,OK,集成制造/数字工程部一图三表汇总及信息流图/一图三表数字工程部汇总清单0929.xlsx,数字工程部,
14,集成制造,14.5,制造工艺设计管理,14.5.9,制造物料清单（MBOM）编制,,,14.5.9制造物料清单（MBOM）编制,物料主数据信息导入表-基本与分类视图,否,,,,,,,,,,PDM/ERP,R,,,数字工程部,快表,OK,集成制造/数字工程部一图三表汇总及信息流图/一图三表数字工程部汇总清单0929.xlsx,数字工程部,
14,集成制造,14.5,制造工艺设计管理,14.5.9,制造物料清单（MBOM）编制,,,14.5.9制造物料清单（MBOM）编制,分工更改单,是,分工更改单管理,,,,FM1205-101,,PDM,,,PDM/ERP,C/U,FM1205-101,分工更改单,数字工程部,CAPP,OK,集成制造/数字工程部一图三表汇总及信息流图/一图三表数字工程部汇总清单0929.xlsx,数字工程部,
14,集成制造,14.5,制造工艺设计管理,14.5.9,制造物料清单（MBOM）编制,,,14.5.9制造物料清单（MBOM）编制,机上材料定额,是,定额更改单管理,,,,FM1206-06,,PDM,,,PDM/ERP,C/U,FM1206-06,机上材料定额,数字工程部,纸质,OK,集成制造/数字工程部一图三表汇总及信息流图/一图三表数字工程部汇总清单0929.xlsx,数字工程部,
14,集成制造,14.5,制造工艺设计管理,14.5.9,制造物料清单（MBOM）编制,,,14.5.9制造物料清单（MBOM）编制,非机上材料定额,是,定额更改单管理,,,,FM7120-001,,PDM,,,PDM/ERP,C/U,FM7120-001,非机上材料定额,数字工程部,线下EXCEL,OK,集成制造/数字工程部一图三表汇总及信息流图/一图三表数字工程部汇总清单0929.xlsx,数字工程部,
14,集成制造,14.5,制造工艺设计管理,14.5.9,制造物料清单（MBOM）编制,,,14.5.9制造物料清单（MBOM）编制,MBOM更改单,是,MBOM更改单管理,,,,FM1206-03,,PDM,,,PDM/ERP,C/U,FM1206-03,MBOM更改单,数字工程部,线下WORD,OK,集成制造/数字工程部一图三表汇总及信息流图/一图三表数字工程部汇总清单0929.xlsx,数字工程部,
14,集成制造,14.5,制造工艺设计管理,14.5.9,制造物料清单（MBOM）编制,,,14.5.9制造物料清单（MBOM）编制,MBOM主数据,是,MBOM主数据（CS12物料BOM）,,CS,CS12,,,ERP,,,ERP,U,,MBOM主数据,数字工程部,外部系统,OK,集成制造/数字工程部一图三表汇总及信息流图/一图三表数字工程部汇总清单0929.xlsx,数字工程部,
14,集成制造,14.5,制造工艺设计管理,14.5.10,ERP物料主数据维护,,,14.5.10ERP物料主数据维护,物料主数据信息导入表-基本与分类视图,是,物料主数据信息)导入表-基本与分类视图(MM03),,MM,MM03,FM1206-39,,ERP,,,PDM/ERP,C/U,FM1206-39,物料主数据信息导入表-基本与分类视图,数字工程部,,OK,集成制造/数字工程部一图三表汇总及信息流图/一图三表数字工程部汇总清单0929.xlsx,数字工程部,
14,集成制造,14.5,制造工艺设计管理,14.5.10,ERP物料主数据维护,,,14.5.10ERP物料主数据维护,物料主数据导入表-采购视图,是,物料主数据导入表-采购视图(MM03),,MM,MM03,FM1206-39.1,,ERP,,,PDM/ERP,C/U,FM1206-39.1,物料主数据导入表-采购视图,数字工程部,,OK,集成制造/数字工程部一图三表汇总及信息流图/一图三表数字工程部汇总清单0929.xlsx,数字工程部,
14,集成制造,14.5,制造工艺设计管理,14.5.10,ERP物料主数据维护,,,14.5.10ERP物料主数据维护,物料主数据导入表-工厂存储视图,是,物料主数据导入表-工厂存储视图(MM03),,MM,MM03,FM1206-39.2,,ERP,,,PDM/ERP,C/U,FM1206-39.2,物料主数据导入表-工厂存储视图,数字工程部,,OK,集成制造/数字工程部一图三表汇总及信息流图/一图三表数字工程部汇总清单0929.xlsx,数字工程部,
14,集成制造,14.5,制造工艺设计管理,14.5.10,ERP物料主数据维护,,,14.5.10ERP物料主数据维护,物料主数据导入表-MRP与工作计划视图,是,物料主数据导入表-MRP与工作计划视图(MM03),,MM,MM03,FM1206-39.3,,ERP,,,PDM/ERP,C/U,FM1206-39.3,物料主数据导入表-MRP与工作计划视图,数字工程部,,OK,集成制造/数字工程部一图三表汇总及信息流图/一图三表数字工程部汇总清单0929.xlsx,数字工程部,
14,集成制造,14.5,制造工艺设计管理,14.5.10,ERP物料主数据维护,,,14.5.10ERP物料主数据维护,物料主数据导入表-销售视图,是,物料主数据导入表-销售视图(MM03),,MM,MM03,FM1206-39.4,,ERP,,,PDM/ERP,C/U,FM1206-39.4,物料主数据导入表-销售视图,数字工程部,,OK,集成制造/数字工程部一图三表汇总及信息流图/一图三表数字工程部汇总清单0929.xlsx,数字工程部,
14,集成制造,14.5,制造工艺设计管理,14.5.10,ERP物料主数据维护,,,14.5.10ERP物料主数据维护,物料主数据导入表-会计与成本视图,是,物料主数据导入表-会计与成本视图(MM03),,MM,MM03,FM1206-39.5,,ERP,,,PDM/ERP,C/U,FM1206-39.5,物料主数据导入表-会计与成本视图,数字工程部,,OK,集成制造/数字工程部一图三表汇总及信息流图/一图三表数字工程部汇总清单0929.xlsx,数字工程部,
14,集成制造,14.5,制造工艺设计管理,14.5.11,工时定额管理,,,1、信息流图---14.5.11工时定额编制20250910,图纸、数模等,否,,,,,,,,,,CPM/线下,R,,,数字工程部,,OK,集成制造/数字工程部一图三表汇总及信息流图/一图三表数字工程部汇总清单0929.xlsx,数字工程部,
14,集成制造,14.5,制造工艺设计管理,14.5.11,工时定额管理,,,1、信息流图---14.5.11工时定额编制20250910,工序目录,否,,,,,,,,,,PDM,R,,,数字工程部,,OK,集成制造/数字工程部一图三表汇总及信息流图/一图三表数字工程部汇总清单0929.xlsx,数字工程部,
14,集成制造,14.5,制造工艺设计管理,14.5.11,工时定额管理,,,1、信息流图---14.5.11工时定额编制20250910,工艺规范,否,,,,,,,,,,CPM,R,,,数字工程部,,OK,集成制造/数字工程部一图三表汇总及信息流图/一图三表数字工程部汇总清单0929.xlsx,数字工程部,
14,集成制造,14.5,制造工艺设计管理,14.5.11,工时定额管理,,,1、信息流图---14.5.11工时定额编制20250910,MBOM基础表,否,,,,,,,,,,线下,R,,,数字工程部,,OK,集成制造/数字工程部一图三表汇总及信息流图/一图三表数字工程部汇总清单0929.xlsx,数字工程部,
14,集成制造,14.5,制造工艺设计管理,14.5.11,工时定额管理,,,1、信息流图---14.5.11工时定额编制20250910,装配工时标准,否,,,,,,,,,,OA,R,,,数字工程部,,OK,集成制造/数字工程部一图三表汇总及信息流图/一图三表数字工程部汇总清单0929.xlsx,数字工程部,
14,集成制造,14.5,制造工艺设计管理,14.5.11,工时定额管理,,,1、信息流图---14.5.11工时定额编制20250910,材料定额,否,,,,,,,,,,线下,R,,,数字工程部,,OK,集成制造/数字工程部一图三表汇总及信息流图/一图三表数字工程部汇总清单0929.xlsx,数字工程部,
14,集成制造,14.5,制造工艺设计管理,14.5.11,工时定额管理,,,1、信息流图---14.5.11工时定额编制20250910,装配标准工时定额表,是,装配标准工时定额表,1,,,FM1206-78,,PDM,,,PDM,C/U,FM1206-78,装配标准工时定额表,数字工程部,线上线下输出名称，如果在系统中，应该给出系统中的线上末级菜单名称,OK,集成制造/数字工程部一图三表汇总及信息流图/一图三表数字工程部汇总清单0929.xlsx,数字工程部,
14,集成制造,14.5,制造工艺设计管理,14.5.11,工时定额管理,,,1、信息流图---14.5.11工时定额编制20250910,装配标准工时汇总表,是,装配标准工时汇总表,1,,,FM1206-77,,PDM,,,PDM,C/U,FM1206-77,装配标准工时汇总表,数字工程部,线上线下输出名称，如果在系统中，应该给出系统中的线上末级菜单名称,OK,集成制造/数字工程部一图三表汇总及信息流图/一图三表数字工程部汇总清单0929.xlsx,数字工程部,
14,集成制造,14.5,制造工艺设计管理,14.5.11,工时定额管理,,,1、信息流图---14.5.11工时定额编制20250910,线束材料定额,否,,,,,,,,,,线下,R,,,数字工程部,,OK,集成制造/数字工程部一图三表汇总及信息流图/一图三表数字工程部汇总清单0929.xlsx,数字工程部,
14,集成制造,14.5,制造工艺设计管理,14.5.11,工时定额管理,,,1、信息流图---14.5.11工时定额编制20250910,零件制造工时标准,否,,,,,,,,,,OA,R,,,数字工程部,,OK,集成制造/数字工程部一图三表汇总及信息流图/一图三表数字工程部汇总清单0929.xlsx,数字工程部,
14,集成制造,14.5,制造工艺设计管理,14.5.11,工时定额管理,,,1、信息流图---14.5.11工时定额编制20250910,复材基础数据表复材工时定额,否,,,,,,,,,,PDM,R,,,数字工程部,,OK,集成制造/数字工程部一图三表汇总及信息流图/一图三表数字工程部汇总清单0929.xlsx,数字工程部,
14,集成制造,14.5,制造工艺设计管理,14.5.11,工时定额管理,,,1、信息流图---14.5.11工时定额编制20250910,钣金、机加、表面处理及装配基础数据表,是,钣金、机加、表面处理及装配基础数据表,1,,,FM1206-14,,PDM,,,PDM,C/U,FM1206-14,钣金、机加、表面处理及装配基础数据表,数字工程部,线上线下输出名称，如果在系统中，应该给出系统中的线上末级菜单名称,OK,集成制造/数字工程部一图三表汇总及信息流图/一图三表数字工程部汇总清单0929.xlsx,数字工程部,
14,集成制造,14.5,制造工艺设计管理,14.5.11,工时定额管理,,,1、信息流图---14.5.11工时定额编制20250910,复材基础数据表,是,复材基础数据表,1,,,FM1206-15,,PDM,,,PDM,C/U,FM1206-15,复材基础数据表,数字工程部,线上线下输出名称，如果在系统中，应该给出系统中的线上末级菜单名称,OK,集成制造/数字工程部一图三表汇总及信息流图/一图三表数字工程部汇总清单0929.xlsx,数字工程部,
14,集成制造,14.5,制造工艺设计管理,14.5.12,材料和外购件的代用,,,14.5.12材料和外购件的代用管理,图纸、数模等,否,,,,,,,,,,CPM,R,,,数字工程部,,OK,集成制造/数字工程部一图三表汇总及信息流图/一图三表数字工程部汇总清单0929.xlsx,数字工程部,
14,集成制造,14.5,制造工艺设计管理,14.5.12,材料和外购件的代用,,,14.5.12材料和外购件的代用管理,工艺规范,否,,,,,,,,,,CPM,R,,,数字工程部,,OK,集成制造/数字工程部一图三表汇总及信息流图/一图三表数字工程部汇总清单0929.xlsx,数字工程部,
14,集成制造,14.5,制造工艺设计管理,14.5.12,材料和外购件的代用,,,14.5.12材料和外购件的代用管理,国外转包项目代料需求,否,,,,,,,,,,/,R,,,数字工程部,,OK,集成制造/数字工程部一图三表汇总及信息流图/一图三表数字工程部汇总清单0929.xlsx,数字工程部,
14,集成制造,14.5,制造工艺设计管理,14.5.12,材料和外购件的代用,,,14.5.12材料和外购件的代用管理,国内项目代料需求,否,,,,,,,,,,/,R,,,数字工程部,,OK,集成制造/数字工程部一图三表汇总及信息流图/一图三表数字工程部汇总清单0929.xlsx,数字工程部,
14,集成制造,14.5,制造工艺设计管理,14.5.12,材料和外购件的代用,,,14.5.12材料和外购件的代用管理,代料单,是,代料单,1,,,FM1207-50,,纸质,,,线下,C/U,,,数字工程部,,OK,集成制造/数字工程部一图三表汇总及信息流图/一图三表数字工程部汇总清单0929.xlsx,数字工程部,
14,集成制造,14.1,生产计划管理,14.1.1,订单执行策划,,,信息流图--订单执行策划,产品销售进度表,是,产品销售进度表封面,,,,FM1103-04,,OA,,,OA,C/U,FM1103-04,产品销售进度表,项目管理部,线上线下输出名称，如果在系统中，应该给出系统中的线上末级菜单名称,OK,集成制造/项目管理部一图三表汇总及信息流图/一图三表项目管理部汇总清单0929.xlsx,项目管理部,
14,集成制造,14.1,生产计划管理,14.1.1,订单执行策划,,,信息流图--订单执行策划,销售订单评审信息表,否,,,,,,,OA,,,OA,R,FM1103-08,销售订单评审信息表,项目管理部,,OK,集成制造/项目管理部一图三表汇总及信息流图/一图三表项目管理部汇总清单0929.xlsx,项目管理部,
14,集成制造,14.1,生产计划管理,14.1.2,项目主进度计划策划,,,信息流图---项目主进度计划策划,销售进度表,否,,,,,,,,,,OA,C,,,项目管理部,,OK,集成制造/项目管理部一图三表汇总及信息流图/一图三表项目管理部汇总清单0929.xlsx,项目管理部,
14,集成制造,14.1,生产计划管理,14.1.2,项目主进度计划策划,,,信息流图---项目主进度计划策划,经营计划,否,,,,,,,,,,OA,R,,,项目管理部,,OK,集成制造/项目管理部一图三表汇总及信息流图/一图三表项目管理部汇总清单0929.xlsx,项目管理部,
14,集成制造,14.1,生产计划管理,14.1.2,项目主进度计划策划,,,信息流图---项目主进度计划策划,架次流程图,否,,,,,,,,,,CPM,R,,,项目管理部,,OK,集成制造/项目管理部一图三表汇总及信息流图/一图三表项目管理部汇总清单0929.xlsx,项目管理部,
14,集成制造,14.1,生产计划管理,14.1.2,项目主进度计划策划,,,信息流图---项目主进度计划策划,TBOM,否,,,,,,,,,,ERP,R,,,项目管理部,,OK,集成制造/项目管理部一图三表汇总及信息流图/一图三表项目管理部汇总清单0929.xlsx,项目管理部,
14,集成制造,14.1,生产计划管理,14.1.2,项目主进度计划策划,,,信息流图---项目主进度计划策划,项目主进度计划,是,项目主进度计划(PS-CJ20N),,PS,CJ20N,FM1602-02,,ERP,,,ERP,C/U,FM1602-02,项目主进度计划,项目管理部,,OK,集成制造/项目管理部一图三表汇总及信息流图/一图三表项目管理部汇总清单0929.xlsx,项目管理部,
14,集成制造,14.1,生产计划管理,14.1.3,项目临时需求计划策划,,,信息流图---项目临时需求计划策划,BOM,否,,,,,,,,,,ERP,U,,,项目管理部,,OK,集成制造/项目管理部一图三表汇总及信息流图/一图三表项目管理部汇总清单0929.xlsx,项目管理部,
14,集成制造,14.1,生产计划管理,14.1.3,项目临时需求计划策划,,,信息流图---项目临时需求计划策划,项目临时需求计划,是,项目临时计划（MM-MB23),,MM,MB23,FM1602-03,,ERP,,,ERP,U,FM1602-03,临时计划需求计划,项目管理部,对比业务表名称（信息流图）和线上线下输出物名称描述不全，不一致，完全拉齐,OK,集成制造/项目管理部一图三表汇总及信息流图/一图三表项目管理部汇总清单0929.xlsx,项目管理部,
14,集成制造,14.1,生产计划管理,14.1.4,装配用物料需求计划策划,,,信息流图---装配用物料需求计划策划,项目主进度计划,否,,,,,,,,,,OA/ERP,C,,,项目管理部,,OK,集成制造/项目管理部一图三表汇总及信息流图/一图三表项目管理部汇总清单0929.xlsx,项目管理部,
14,集成制造,14.1,生产计划管理,14.1.4,装配用物料需求计划策划,,,信息流图---装配用物料需求计划策划,BOM,否,,,,,,,,,,ERP,R,,,项目管理部,,OK,集成制造/项目管理部一图三表汇总及信息流图/一图三表项目管理部汇总清单0929.xlsx,项目管理部,
14,集成制造,14.1,生产计划管理,14.1.4,装配用物料需求计划策划,,,信息流图---装配用物料需求计划策划,主阶段计划I层,否,,,,,,,,,,ERP,C,,,项目管理部,,OK,集成制造/项目管理部一图三表汇总及信息流图/一图三表项目管理部汇总清单0929.xlsx,项目管理部,
14,集成制造,14.1,生产计划管理,14.1.4,装配用物料需求计划策划,,,信息流图---装配用物料需求计划策划,装配用物料需求计划,是,装配用物料需求计划,1,PS,,FM1602-04,,ERP,,,ERP,C,FM1602-04,装配用物料需求计划,项目管理部,线上线下输出名称，如果在系统中，应该给出系统中的线上末级菜单名称,OK,集成制造/项目管理部一图三表汇总及信息流图/一图三表项目管理部汇总清单0929.xlsx,项目管理部,
14,集成制造,14.1,生产计划管理,14.1.4,装配用物料需求计划策划,,,信息流图---装配用物料需求计划策划,装配用物料需求计划更改单,是,装配用物料需求计划更改单,1,PS,,无,FM1602-05,ERP,,,ERP,C,,,项目管理部,,OK,集成制造/项目管理部一图三表汇总及信息流图/一图三表项目管理部汇总清单0929.xlsx,项目管理部,
14,集成制造,14.1,生产计划管理,14.1.4,装配用物料需求计划策划,,,信息流图---装配用物料需求计划策划,物料计划日志,否,,,,,,,,,,KB/CPM,U,,,项目管理部,,OK,集成制造/项目管理部一图三表汇总及信息流图/一图三表项目管理部汇总清单0929.xlsx,项目管理部,
14,集成制造,14.3,装配生产过程管理,14.3.2,装配生产派工及执行,,,信息流图--装配生产派工及执行,主进度计划,否,,,,,,,,,,OA/ERP,R,FM1602-02,主进度计划,项目管理部,输出业务项：否的，标红色的字不需要填写,OK,集成制造/项目管理部一图三表汇总及信息流图/一图三表项目管理部汇总清单0929.xlsx,项目管理部,
14,集成制造,14.3,装配生产过程管理,14.3.2,装配生产派工及执行,,,信息流图--装配生产派工及执行,项目临时计划表,否,,,,,,,,,,OA/ERP,R,FM1602-03,项目临时计划,项目管理部,输出业务项：否的，标红色的字不需要填写,OK,集成制造/项目管理部一图三表汇总及信息流图/一图三表项目管理部汇总清单0929.xlsx,项目管理部,
14,集成制造,14.3,装配生产过程管理,14.3.2,装配生产派工及执行,,,信息流图--装配生产派工及执行,主阶段计划,否,,,,,,,,,,ERP/OA,R,FM1602-01,主阶段计划,项目管理部,输出业务项：否的，标红色的字不需要填写,OK,集成制造/项目管理部一图三表汇总及信息流图/一图三表项目管理部汇总清单0929.xlsx,项目管理部,
14,集成制造,14.3,装配生产过程管理,14.3.2,装配生产派工及执行,,,信息流图--装配生产派工及执行,装配生产订单下达,是,装配生产订单下达（PP-CO05N),,PP,CO05N,,,ERP,,,ERP/CPM,C/U,COOIS,装配生产订单下达,项目管理部,输出业务项：否的，标红色的字不需要填写,OK,集成制造/项目管理部一图三表汇总及信息流图/一图三表项目管理部汇总清单0929.xlsx,项目管理部,
14,集成制造,14.3,装配生产过程管理,14.3.2,装配生产派工及执行,,,信息流图--装配生产派工及执行,装配计划订单,是,装配计划订单(PP-CO41),,PP,CO41,,,ERP,,,ERP,C/U,装配计划订单,装配计划订单,项目管理部,输出业务项：否的，标红色的字不需要填写,OK,集成制造/项目管理部一图三表汇总及信息流图/一图三表项目管理部汇总清单0929.xlsx,项目管理部,
14,集成制造,14.3,装配生产过程管理,14.3.2,装配生产派工及执行,,,信息流图--装配生产派工及执行,装配生产派工计划,是,工序计划派工,,,,,,MES,,,CPM,C/U,装配生产派工计划,装配生产派工计划,项目管理部,输出业务项：否的，标红色的字不需要填写,OK,集成制造/项目管理部一图三表汇总及信息流图/一图三表项目管理部汇总清单0929.xlsx,项目管理部,
14,集成制造,14.3,装配生产过程管理,14.3.4,产品交付管理,,,信息流图--产品交付管理,项目产品包装及运输要求信息表,是,项目产品包装及运输要求信息表,1,,,FM1409-02,,线下EXCEL,,,线下,C,FM1409-02,项目产品包装及运输要求信息表,项目管理部,,OK,集成制造/项目管理部一图三表汇总及信息流图/一图三表项目管理部汇总清单0929.xlsx,项目管理部,
14,集成制造,14.3,装配生产过程管理,14.3.4,产品交付管理,,,信息流图--产品交付管理,产品发运通知,是,产品发运通知单,,,,FM1409-01,,线下EXCEL,,,线下,C,FM1409-01,产品发运通知单,项目管理部,,OK,集成制造/项目管理部一图三表汇总及信息流图/一图三表项目管理部汇总清单0929.xlsx,项目管理部,
14,集成制造,14.1,生产计划管理,14.1.7,工序外协计划策划,,,信息流图--工序外协计划策划,主进度计划,否,,,,,,,,,,OA/ERP,C,,,项目管理部,,OK,集成制造/项目管理部一图三表汇总及信息流图/一图三表项目管理部汇总清单0929.xlsx,项目管理部,
14,集成制造,14.1,生产计划管理,14.1.7,工序外协计划策划,,,信息流图--工序外协计划策划,主阶段计划,否,,,,,,,,,,OA/ERP,C,,,项目管理部,,OK,集成制造/项目管理部一图三表汇总及信息流图/一图三表项目管理部汇总清单0929.xlsx,项目管理部,
14,集成制造,14.1,生产计划管理,14.1.7,工序外协计划策划,,,信息流图--工序外协计划策划,项目临时需求计划,否,,,,,,,,,,ERP,C,,,项目管理部,,OK,集成制造/项目管理部一图三表汇总及信息流图/一图三表项目管理部汇总清单0929.xlsx,项目管理部,
14,集成制造,14.1,生产计划管理,14.1.7,工序外协计划策划,,,信息流图--工序外协计划策划,工序外协需求评审报告,是,工序外协需求评审报告,1,,,无,GXWX01（待定）,OA,,,OA,C/U,GXWX01（待定）,工序外协需求评审报告,项目管理部,表单号缺失，应新增；线上线下输出名称，如果在系统中，应该给出系统中的线上末级菜单名称,新程序，表单号未定,集成制造/项目管理部一图三表汇总及信息流图/一图三表项目管理部汇总清单0929.xlsx,项目管理部,
14,集成制造,14.3,装配生产过程管理,14.3.2,装配生产派工及执行,14.3.2.1,产品紧急放行,信息流图-集成制造业务域-制造质量管理-14.3.2.1产品紧急放行,紧急放行粘签,是,紧急放行粘签,1,,,FM1404-78,无,纸质,,,线下,C,FM1404-78,紧急放行粘签,质量安全部,,OK,集成制造/质量安全部一图三表汇总及信息流图/一图三表质量安全部汇总清单.xlsx,质量安全部,
14,集成制造,14.3,装配生产过程管理,14.3.2,装配生产派工及执行,14.3.2.1,产品紧急放行,信息流图-集成制造业务域-制造质量管理-14.3.2.1产品紧急放行,产品紧急放行单,是,产品紧急放行单,1,,,FM1404-76,无,MES,,,线下,C,FM1404-76,产品紧急放行单,质量安全部,,OK,集成制造/质量安全部一图三表汇总及信息流图/一图三表质量安全部汇总清单.xlsx,质量安全部,
14,集成制造,14.3,装配生产过程管理,14.3.2,装配生产派工及执行,14.3.2.1,产品紧急放行,信息流图-集成制造业务域-制造质量管理-14.3.2.1产品紧急放行,器材紧急放行单,否,,,,,,,,,,线下,C/U/R,,,质量安全部,,OK,集成制造/质量安全部一图三表汇总及信息流图/一图三表质量安全部汇总清单.xlsx,质量安全部,
14,集成制造,14.8,制造质量管理,14.8.3,理化计量要求策划,14.8.3.2,工装定检,信息流图-集成制造业务域-工装工具管理-14.8.3.2工装定检,工艺装备备忘录,是,工艺装备备忘录,1,,,FM1405-15,,线下EXCEL,,,线下,R,FM1405-15,工艺装备备忘录,质量安全部,,OK,集成制造/质量安全部一图三表汇总及信息流图/一图三表质量安全部汇总清单.xlsx,质量安全部,
14,集成制造,14.8,制造质量管理,14.8.3,理化计量要求策划,14.8.3.2,工装定检,信息流图-集成制造业务域-工装工具管理-14.8.3.2工装定检,工艺装备定期检修计划表,是,工艺装备定期检修计划表,1,,,FM1405-24,,CPM,,,CPM,C/U,FM1405-24,工艺装备定期检修计划表,质量安全部,线上线下输出名称，如果在系统中，应该给出系统中的线上末级菜单名称,OK,集成制造/质量安全部一图三表汇总及信息流图/一图三表质量安全部汇总清单.xlsx,质量安全部,
14,集成制造,14.8,制造质量管理,14.8.3,理化计量要求策划,14.8.3.2,工装定检,信息流图-集成制造业务域-工装工具管理-14.8.3.2工装定检,工装定检申请单,是,工装定检申请单,1,,,FM1405-18,,线下EXCEL,,,线下,C/U,FM1405-18,工装定检申请单,质量安全部,,OK,集成制造/质量安全部一图三表汇总及信息流图/一图三表质量安全部汇总清单.xlsx,质量安全部,
14,集成制造,14.8,制造质量管理,14.8.3,理化计量要求策划,14.8.3.2,工装定检,信息流图-集成制造业务域-工装工具管理-14.8.3.2工装定检,工装定检检修记录,是,工装定检检修记录,1,,,FM1405-16,,线下EXCEL,,,线下,C/U,FM1405-16,工装定检检修记录,质量安全部,,OK,集成制造/质量安全部一图三表汇总及信息流图/一图三表质量安全部汇总清单.xlsx,质量安全部,
14,集成制造,14.8,制造质量管理,14.8.3,理化计量要求策划,14.8.3.2,工装定检,信息流图-集成制造业务域-工装工具管理-14.8.3.2工装定检,召回工装通知单,是,召回工装通知单,1,,,FM1405-19,,线下EXCEL,,,线下,C/U,FM1405-19,召回工装通知单,质量安全部,,OK,集成制造/质量安全部一图三表汇总及信息流图/一图三表质量安全部汇总清单.xlsx,质量安全部,
14,集成制造,14.8,制造质量管理,14.8.3,理化计量要求策划,14.8.3.2,工装定检,信息流图-集成制造业务域-工装工具管理-14.8.3.2工装定检,工装定检技术要求,是,工装定检技术要求,1,,,FM1405-33,,线下EXCEL,,,线下,C/U,FM1405-33,工装定检技术要求,质量安全部,,OK,集成制造/质量安全部一图三表汇总及信息流图/一图三表质量安全部汇总清单.xlsx,质量安全部,
14,集成制造,14.8,制造质量管理,14.8.3,理化计量要求策划,14.8.3.2,工装定检,信息流图-集成制造业务域-工装工具管理-14.8.3.2工装定检,工装定检周期申请单,是,工装定检周期申请单,1,,,FM1405-52,,线下EXCEL,,,线下,C/U,FM1405-52,工装定检周期申请单,质量安全部,,OK,集成制造/质量安全部一图三表汇总及信息流图/一图三表质量安全部汇总清单.xlsx,质量安全部,
14,集成制造,14.8,制造质量管理,14.8.1,产品检验策划,,,信息流图-集成制造业务域-制造质量管理-14.8.1产品检验策划,产品检验规程,是,产品检验规程,1,,,无,FM1404-82,纸质,,,线下,C/U,FM1404-82,产品检验规程,质量安全部,,OK,集成制造/质量安全部一图三表汇总及信息流图/一图三表质量安全部汇总清单.xlsx,质量安全部,
14,集成制造,14.8,制造质量管理,14.8.1,产品检验策划,,,信息流图-集成制造业务域-制造质量管理-14.8.1产品检验策划,顾客检验点清单,是,顾客检验点清单,1,,,无,FM1404-84,纸质,,,线下,C,FM1404-84,顾客检验点清单,质量安全部,,OK,集成制造/质量安全部一图三表汇总及信息流图/一图三表质量安全部汇总清单.xlsx,质量安全部,
14,集成制造,14.8,制造质量管理,14.8.1,产品检验策划,,,信息流图-集成制造业务域-制造质量管理-14.8.1产品检验策划,适航检验点清单,是,适航检验点清单,1,,,无,FM1404-83,纸质,,,线下,C,FM1404-83,适航检验点清单,质量安全部,,OK,集成制造/质量安全部一图三表汇总及信息流图/一图三表质量安全部汇总清单.xlsx,质量安全部,
14,集成制造,14.8,制造质量管理,14.8.1,产品检验策划,,,信息流图-集成制造业务域-制造质量管理-14.8.1产品检验策划,产品装配控制记录,否,,,,,,,,,,MES,U,,,质量安全部,,OK,集成制造/质量安全部一图三表汇总及信息流图/一图三表质量安全部汇总清单.xlsx,质量安全部,
14,集成制造,14.8,制造质量管理,14.8.1,产品检验策划,,,信息流图-集成制造业务域-制造质量管理-14.8.1产品检验策划,产品制造记录,否,,,,,,,,,,MES,U,,,质量安全部,,OK,集成制造/质量安全部一图三表汇总及信息流图/一图三表质量安全部汇总清单.xlsx,质量安全部,
14,集成制造,14.8,制造质量管理,14.8.2,包装运输质量策划,,,信息流图-集成制造业务域-制造质量管理-14.8.2包装运输质量策划,包装运输检验清单,是,包装运输检验清单,1,,,FM1404-85,,纸质,,,线下,C,FM1404-85,包装运输检验清单,质量安全部,,OK,集成制造/质量安全部一图三表汇总及信息流图/一图三表质量安全部汇总清单.xlsx,质量安全部,
14,集成制造,14.8,制造质量管理,14.8.3,理化计量要求策划,,,信息流图-集成制造业务域-制造质量管理-14.8.3理化计量要求策划,试验申请单,是,试验申请单,1,,,FM1404-44,,OA,,,OA,C,FM1404-44,试验申请单,质量安全部,线上线下输出名称，如果在系统中，应该给出系统中的线上末级菜单名称,OK,集成制造/质量安全部一图三表汇总及信息流图/一图三表质量安全部汇总清单.xlsx,质量安全部,
14,集成制造,14.8,制造质量管理,14.8.3,理化计量要求策划,,,信息流图-集成制造业务域-制造质量管理-14.8.3理化计量要求策划,试验文件,是,试验文件（自编技术文件）,,,,FM2310-45,,CPM,,,CPM,U,FM2310-45,试验文件,质量安全部,,OK,集成制造/质量安全部一图三表汇总及信息流图/一图三表质量安全部汇总清单.xlsx,质量安全部,
14,集成制造,14.8,制造质量管理,14.8.3,理化计量要求策划,,,信息流图-集成制造业务域-制造质量管理-14.8.3理化计量要求策划,试验确认单,是,试验确认单,1,,,无,FM1404-88,纸质,,,线下,C,FM1404-88,试验确认单,质量安全部,,OK,集成制造/质量安全部一图三表汇总及信息流图/一图三表质量安全部汇总清单.xlsx,质量安全部,
14,集成制造,14.8,制造质量管理,14.8.4,理化计量要求执行,,,信息流图-集成制造业务域-制造质量管理-14.8.4理化计量要求执行,试验申请单,否,,,,,FM1404-44,,OA,,,OA,C/U/R,FM1404-44,试验申请单,质量安全部,,OK,集成制造/质量安全部一图三表汇总及信息流图/一图三表质量安全部汇总清单.xlsx,质量安全部,
14,集成制造,14.8,制造质量管理,14.8.4,理化计量要求执行,,,信息流图-集成制造业务域-制造质量管理-14.8.4理化计量要求执行,试验报告,是,试验报告,1,,,FM1404-46,,纸质,,,线下,C,FM1404-46,试验报告,质量安全部,,OK,集成制造/质量安全部一图三表汇总及信息流图/一图三表质量安全部汇总清单.xlsx,质量安全部,
14,集成制造,14.8,制造质量管理,14.8.5,首件检验,,,信息流图-集成制造业务域-制造质量管理-14.8.5首件检验,检验更改申请单,是,检验更改申请单,1,,,FM1404-62,,MES,,,,,FM1404-62,检验更改申请单,质量安全部,,OK,集成制造/质量安全部一图三表汇总及信息流图/一图三表质量安全部汇总清单.xlsx,质量安全部,
14,集成制造,14.8,制造质量管理,14.8.5,首件检验,,,信息流图-集成制造业务域-制造质量管理-14.8.5首件检验,首件检验报告 - 产品件号符合性(首页),是,首件检验报告 - 产品件号符合性(首页),1,,,FM1404-64,,MES,,,,,FM1404-64,首件检验报告 - 产品件号符合性(首页),质量安全部,,OK,集成制造/质量安全部一图三表汇总及信息流图/一图三表质量安全部汇总清单.xlsx,质量安全部,
14,集成制造,14.8,制造质量管理,14.8.5,首件检验,,,信息流图-集成制造业务域-制造质量管理-14.8.5首件检验,首件检验报告 - 产品件号符合性(续页),是,首件检验报告 - 产品件号符合性(续页),1,,,FM1404-64.1,,MES,,,,,FM1404-64.1,首件检验报告 - 产品件号符合性(续页),质量安全部,,OK,集成制造/质量安全部一图三表汇总及信息流图/一图三表质量安全部汇总清单.xlsx,质量安全部,
14,集成制造,14.8,制造质量管理,14.8.5,首件检验,,,信息流图-集成制造业务域-制造质量管理-14.8.5首件检验,首件检验报告 - 产品核查（原材料、特殊过程和功能试验）,是,首件检验报告 - 产品核查（原材料、特殊过程和功能试验）,1,,,FM1404-66,,MES,,,,,FM1404-66,首件检验报告 - 产品核查（原材料、特殊过程和功能试验）,质量安全部,,OK,集成制造/质量安全部一图三表汇总及信息流图/一图三表质量安全部汇总清单.xlsx,质量安全部,
14,集成制造,14.8,制造质量管理,14.8.5,首件检验,,,信息流图-集成制造业务域-制造质量管理-14.8.5首件检验,首件检验报告 - 特性核查、验证和符合性评价,是,首件检验报告 - 特性核查、验证和符合性评价,1,,,FM1404-67,,MES,,,,,FM1404-67,首件检验报告 - 特性核查、验证和符合性评价,质量安全部,,OK,集成制造/质量安全部一图三表汇总及信息流图/一图三表质量安全部汇总清单.xlsx,质量安全部,
14,集成制造,14.8,制造质量管理,14.8.5,首件检验,,,信息流图-集成制造业务域-制造质量管理-14.8.5首件检验,零组件首件检验计划和报告,是,首件检验报告编辑,,,,FM1404-69,,MES,,,MES/线下,C/U,FM1404-69,零组件首件检验计划和报告,质量安全部,线上线下输出名称，如果在系统中，应该给出系统中的线上末级菜单名称,OK,集成制造/质量安全部一图三表汇总及信息流图/一图三表质量安全部汇总清单.xlsx,质量安全部,
14,集成制造,14.8,制造质量管理,14.8.5,首件检验,,,信息流图-集成制造业务域-制造质量管理-14.8.5首件检验,首件检验特性草图,是,首件检验报告编辑,,,,FM1404-70,,MES,,,MES,C/U,FM1404-70,首件检验特性草图,质量安全部,线上线下输出名称，如果在系统中，应该给出系统中的线上末级菜单名称,OK,集成制造/质量安全部一图三表汇总及信息流图/一图三表质量安全部汇总清单.xlsx,质量安全部,
14,集成制造,14.8,制造质量管理,14.8.5,首件检验,,,信息流图-集成制造业务域-制造质量管理-14.8.5首件检验,首件检验通知,是,首件检验通知,1,,,FM1404-63,,MES,,,MES,C/U,FM1404-63,首件检验通知,质量安全部,线上线下输出名称，如果在系统中，应该给出系统中的线上末级菜单名称,OK,集成制造/质量安全部一图三表汇总及信息流图/一图三表质量安全部汇总清单.xlsx,质量安全部,
14,集成制造,14.8,制造质量管理,14.8.5,首件检验,,,信息流图-集成制造业务域-制造质量管理-14.8.5首件检验,构型更改委员会行动项清单,否,构型更改委员会行动项清单,1,,,,,快表,,,EXCLE服务系统,R,,构型更改委员会行动项清单,质量安全部,,OK,集成制造/质量安全部一图三表汇总及信息流图/一图三表质量安全部汇总清单.xlsx,质量安全部,
14,集成制造,14.8,制造质量管理,14.8.5,首件检验,,,信息流图-集成制造业务域-制造质量管理-14.8.5首件检验,质量工程指示单,是,质量工程指示单,1,,,FM1404-61,,CPM,,,CPM,C,FM1404-61,质量工程指示单,质量安全部,线上线下输出名称，如果在系统中，应该给出系统中的线上末级菜单名称,OK,集成制造/质量安全部一图三表汇总及信息流图/一图三表质量安全部汇总清单.xlsx,质量安全部,
14,集成制造,14.8,制造质量管理,14.8.6,产品检验,,,信息流图-集成制造业务域-制造质量管理-14.8.6产品检验,合格证,是,合格证,1,,,FM1404-59,,纸质,,,线下,C/U,FM1404-59,合格证,质量安全部,,OK,集成制造/质量安全部一图三表汇总及信息流图/一图三表质量安全部汇总清单.xlsx,质量安全部,
14,集成制造,14.8,制造质量管理,14.8.6,产品检验,,,信息流图-集成制造业务域-制造质量管理-14.8.6产品检验,产品合格证（内部）,是,产品合格证（内部）,1,,,FM1404-58,,纸质,,,线下,C/U,FM1404-58,产品合格证（内部）,质量安全部,,OK,集成制造/质量安全部一图三表汇总及信息流图/一图三表质量安全部汇总清单.xlsx,质量安全部,
14,集成制造,14.8,制造质量管理,14.8.6,产品检验,,,信息流图-集成制造业务域-制造质量管理-14.8.6产品检验,产品装配控制记录,否,产品装配控制记录,1,,,,,,,,MES,U,,产品装配控制记录,质量安全部,,OK,集成制造/质量安全部一图三表汇总及信息流图/一图三表质量安全部汇总清单.xlsx,质量安全部,
14,集成制造,14.8,制造质量管理,14.8.6,产品检验,,,信息流图-集成制造业务域-制造质量管理-14.8.6产品检验,产品制造记录,否,产品制造记录,1,,,,,,,,MES,U,,产品制造记录,质量安全部,,OK,集成制造/质量安全部一图三表汇总及信息流图/一图三表质量安全部汇总清单.xlsx,质量安全部,
14,集成制造,14.8,制造质量管理,14.8.7,不合格品控制,,,信息流图-集成制造业务域-制造质量管理-14.8.7 不合格品控制,产品制造记录,否,,,,,,,,,,MES,R,,,质量安全部,,OK,集成制造/质量安全部一图三表汇总及信息流图/一图三表质量安全部汇总清单.xlsx,质量安全部,
14,集成制造,14.8,制造质量管理,14.8.7,不合格品控制,,,信息流图-集成制造业务域-制造质量管理-14.8.7 不合格品控制,产品装配控制记录,否,,,,,,,,,,MES,R,,,质量安全部,,OK,集成制造/质量安全部一图三表汇总及信息流图/一图三表质量安全部汇总清单.xlsx,质量安全部,
14,集成制造,14.8,制造质量管理,14.8.7,不合格品控制,,,信息流图-集成制造业务域-制造质量管理-14.8.7 不合格品控制,不合格品登记帐,是,不合格品登记帐,1,,,FM1404-16,,纸质,,,线下,C/U,FM1404-16,不合格品登记帐,质量安全部,,OK,集成制造/质量安全部一图三表汇总及信息流图/一图三表质量安全部汇总清单.xlsx,质量安全部,
14,集成制造,14.8,制造质量管理,14.8.7,不合格品控制,,,信息流图-集成制造业务域-制造质量管理-14.8.7 不合格品控制,偏差项目记录单,是,偏差项目记录单,1,,,FM1404-14,,纸质,,,线下,C/U,FM1404-14,偏差项目记录单,质量安全部,,OK,集成制造/质量安全部一图三表汇总及信息流图/一图三表质量安全部汇总清单.xlsx,质量安全部,
14,集成制造,14.8,制造质量管理,14.8.7,不合格品控制,,,信息流图-集成制造业务域-制造质量管理-14.8.7 不合格品控制,故障通知单,是,故障通知单,1,,,FM1404-15,,OA,,,OA,C/U/R,FM1404-15,故障通知单,质量安全部,线上线下输出名称，如果在系统中，应该给出系统中的线上末级菜单名称,OK,集成制造/质量安全部一图三表汇总及信息流图/一图三表质量安全部汇总清单.xlsx,质量安全部,
14,集成制造,14.8,制造质量管理,14.8.7,不合格品控制,,,信息流图-集成制造业务域-制造质量管理-14.8.7 不合格品控制,废品卡片,是,废品卡片,1,,,FM1404-09,,OA,,,OA,C/U,FM1404-09,废品卡片,质量安全部,线上线下输出名称，如果在系统中，应该给出系统中的线上末级菜单名称,OK,集成制造/质量安全部一图三表汇总及信息流图/一图三表质量安全部汇总清单.xlsx,质量安全部,
14,集成制造,14.8,制造质量管理,14.8.7,不合格品控制,,,信息流图-集成制造业务域-制造质量管理-14.8.7 不合格品控制,拒收报告,是,拒收报告,1,,,FM1404-08,,OA,,,OA,C/U,FM1404-08,拒收报告,质量安全部,线上线下输出名称，如果在系统中，应该给出系统中的线上末级菜单名称,OK,集成制造/质量安全部一图三表汇总及信息流图/一图三表质量安全部汇总清单.xlsx,质量安全部,
14,集成制造,14.8,制造质量管理,14.8.7,不合格品控制,,,信息流图-集成制造业务域-制造质量管理-14.8.7 不合格品控制,不合格品粘签,是,不合格品粘签,1,,,FM1404-17,,纸质,,,线下,C/U,FM1404-17,不合格品粘签,质量安全部,,OK,集成制造/质量安全部一图三表汇总及信息流图/一图三表质量安全部汇总清单.xlsx,质量安全部,
14,集成制造,14.8,制造质量管理,14.8.7,不合格品控制,,,信息流图-集成制造业务域-制造质量管理-14.8.7 不合格品控制,不合格品挂签,是,不合格品挂签,1,,,FM1404-11,,纸质,,,线下,C/U,FM1404-11,不合格品挂签,质量安全部,,OK,集成制造/质量安全部一图三表汇总及信息流图/一图三表质量安全部汇总清单.xlsx,质量安全部,
14,集成制造,14.8,制造质量管理,14.8.7,不合格品控制,,,信息流图-集成制造业务域-制造质量管理-14.8.7 不合格品控制,产品控制记录,否,产品控制记录,1,,,,,,,,,R,,,质量安全部,,OK,集成制造/质量安全部一图三表汇总及信息流图/一图三表质量安全部汇总清单.xlsx,质量安全部,
14,集成制造,14.8,制造质量管理,14.8.7,不合格品控制,,,信息流图-集成制造业务域-制造质量管理-14.8.7 不合格品控制,质量问题通知单,是,质量问题通知单,1,,,FM1404-13,,OA,,,OA,C/U,FM1404-13,质量问题通知单,质量安全部,线上线下输出名称，如果在系统中，应该给出系统中的线上末级菜单名称,OK,集成制造/质量安全部一图三表汇总及信息流图/一图三表质量安全部汇总清单.xlsx,质量安全部,
14,集成制造,14.8,制造质量管理,14.8.7,不合格品控制,14.8.7.1,质量逃逸,信息流图-集成制造业务域-制造质量管理-14.8.7.1 质量逃逸,质量逃逸通知,是,质量逃逸通知,1,,,FM1404-68,,纸质,,,线下,C/U,FM1404-68,质量逃逸通知,质量安全部,,OK,集成制造/质量安全部一图三表汇总及信息流图/一图三表质量安全部汇总清单.xlsx,质量安全部,
14,集成制造,14.8,制造质量管理,14.8.8,交付文件的准备,,,信息流图-集成制造业务域-制造质量管理-14.8.8交付文件的准备,交付文件清单,是,交付文件清单,1,,,,FM1404-86,纸质,,,线下,C/U,FM1404-86,交付文件清单,质量安全部,,OK,集成制造/质量安全部一图三表汇总及信息流图/一图三表质量安全部汇总清单.xlsx,质量安全部,
14,集成制造,14.8,制造质量管理,14.8.9,包装运输检验,,,信息流图-集成制造业务域-制造质量管理-14.8.9包装运输检验,包装运输检验记录单,是,包装运输检验记录单,1,,,FM1404-87,,纸质,,,线下,C/U,FM1404-87,包装运输检验记录单,质量安全部,,OK,集成制造/质量安全部一图三表汇总及信息流图/一图三表质量安全部汇总清单.xlsx,质量安全部,
14,集成制造,14.8,制造质量管理,14.8.9,包装运输检验,,,信息流图-集成制造业务域-制造质量管理-14.8.9包装运输检验,包装运输检验清单,否,,,,,,,,,,线下,R,FM1404-85,包装运输检验清单,质量安全部,,OK,集成制造/质量安全部一图三表汇总及信息流图/一图三表质量安全部汇总清单.xlsx,质量安全部,
14,集成制造,14.9,生产资源保障管理,14.9.1,设备设施计划策划,,,信息流图-集成制造业务域-生产资源保障-14.9.1设备设施计划策划,设备大中（项）修理申请表,否,,,,,,,,,,线下,C,,,生产运营部,,OK,集成制造/生产运营部一图三表汇总及信息流图/一图三表生产运营部汇总清单0929.xlsx,生产运营部,
14,集成制造,14.9,生产资源保障管理,14.9.1,设备设施计划策划,,,信息流图-集成制造业务域-生产资源保障-14.9.1设备设施计划策划,设备备件需求申请表,否,,,,,,,,,,线下,C,,,生产运营部,,OK,集成制造/生产运营部一图三表汇总及信息流图/一图三表生产运营部汇总清单0929.xlsx,生产运营部,
14,集成制造,14.9,生产资源保障管理,14.9.1,设备设施计划策划,,,信息流图-集成制造业务域-生产资源保障-14.9.1设备设施计划策划,机械动力设备设施大中（项）修计划,是,机械动力设备设施大中（项）修计划,1,,,FM1407-12,,纸质,,,线下,C,FM1407-12,机械动力设备设施大中（项）修计划,生产运营部,,OK,集成制造/生产运营部一图三表汇总及信息流图/一图三表生产运营部汇总清单0929.xlsx,生产运营部,
14,集成制造,14.9,生产资源保障管理,14.9.1,设备设施计划策划,,,信息流图-集成制造业务域-生产资源保障-14.9.1设备设施计划策划,设备备件采购计划单,是,设备备件采购计划单,1,,,FM1407-22,,纸质,,,线下,C,FM1407-22,设备备件采购计划单,生产运营部,,OK,集成制造/生产运营部一图三表汇总及信息流图/一图三表生产运营部汇总清单0929.xlsx,生产运营部,
14,集成制造,14.9,生产资源保障管理,14.9.2,设备设施使用,,,信息流图-集成制造业务域-生产资源保障-14.9.2设备设施使用,设备管理信息台账表,是,设备管理信息台账表,1,,,FM1407-37,,纸质,,,线下,C,FM1407-37,设备管理信息台账表,生产运营部,,OK,集成制造/生产运营部一图三表汇总及信息流图/一图三表生产运营部汇总清单0929.xlsx,生产运营部,
14,集成制造,14.9,生产资源保障管理,14.9.3,设备设施搬迁,,,信息流图-集成制造业务域-生产资源保障-14.9.3设备设施搬迁,设备设施搬迁申请单,是,设备设施搬迁申请单,1,,,FM1407-20,,纸质,,,线下,C,FM1407-20,设备设施搬迁申请单,生产运营部,,OK,集成制造/生产运营部一图三表汇总及信息流图/一图三表生产运营部汇总清单0929.xlsx,生产运营部,
14,集成制造,14.9,生产资源保障管理,14.9.3,设备设施搬迁,,,信息流图-集成制造业务域-生产资源保障-14.9.3设备设施搬迁,设备修理（搬迁）验收单,是,设备修理（搬迁）验收单,1,,,FM1407-13,,OA,,,OA,U,FM1407-13,设备修理（搬迁）验收单,生产运营部,线上线下输出名称，如果在系统中，应该给出系统中的线上末级菜单名称,OK,集成制造/生产运营部一图三表汇总及信息流图/一图三表生产运营部汇总清单0929.xlsx,生产运营部,
14,集成制造,14.9,生产资源保障管理,14.9.4,设备设施事故处理,,,信息流图-集成制造业务域-生产资源保障-14.9.4设备设施事故处理,设备设施事故报告,是,设备设施事故报告,1,,,FM1407-16,,纸质,,,线下,U,FM1407-16,设备设施事故报告,生产运营部,,OK,集成制造/生产运营部一图三表汇总及信息流图/一图三表生产运营部汇总清单0929.xlsx,生产运营部,
14,集成制造,14.9,生产资源保障管理,14.9.4,设备设施事故处理,,,信息流图-集成制造业务域-生产资源保障-14.9.4设备设施事故处理,设备设施事故整改措施,是,设备设施事故整改措施,1,,,FM1407-17,,纸质,,,线下,U,FM1407-17,设备设施事故整改措施,生产运营部,,OK,集成制造/生产运营部一图三表汇总及信息流图/一图三表生产运营部汇总清单0929.xlsx,生产运营部,
14,集成制造,14.9,生产资源保障管理,14.9.4,设备设施事故处理,,,信息流图-集成制造业务域-生产资源保障-14.9.4设备设施事故处理,设备设施事故整改归零,是,设备设施事故整改归零,1,,,FM1407-19,,纸质,,,线下,U,FM1407-19,设备设施事故整改归零,生产运营部,,OK,集成制造/生产运营部一图三表汇总及信息流图/一图三表生产运营部汇总清单0929.xlsx,生产运营部,
14,集成制造,14.9,生产资源保障管理,14.9.4,设备设施事故处理,,,信息流图-集成制造业务域-生产资源保障-14.9.4设备设施事故处理,设备设施事故处理,是,设备设施事故处理,1,,,FM1407-18,,纸质,,,线下,C,FM1407-18,设备设施事故处理,生产运营部,,OK,集成制造/生产运营部一图三表汇总及信息流图/一图三表生产运营部汇总清单0929.xlsx,生产运营部,
14,集成制造,14.9,生产资源保障管理,14.9.5,设备设施维护保养,,,信息流图-集成制造业务域-生产资源保障-14.9.5设备设施维护保养,设备三级维护保养规程,是,设备三级维护保养规程,1,,,FM1407-07,,纸质,,,线下,C,FM1407-07,设备三级维护保养规程,生产运营部,,OK,集成制造/生产运营部一图三表汇总及信息流图/一图三表生产运营部汇总清单0929.xlsx,生产运营部,
14,集成制造,14.9,生产资源保障管理,14.9.5,设备设施维护保养,,,信息流图-集成制造业务域-生产资源保障-14.9.5设备设施维护保养,设备二级维护保养点检表,是,设备二级维护保养点检表,1,,,FM1407-06,,纸质,,,线下,C,FM1407-06,设备二级维护保养点检表,生产运营部,,OK,集成制造/生产运营部一图三表汇总及信息流图/一图三表生产运营部汇总清单0929.xlsx,生产运营部,
14,集成制造,14.9,生产资源保障管理,14.9.5,设备设施维护保养,,,信息流图-集成制造业务域-生产资源保障-14.9.5设备设施维护保养,设备一级维护保养点检表,是,设备一级维护保养点检表,1,,,FM1407-05,,纸质,,,线下,C,FM1407-05,设备一级维护保养点检表,生产运营部,,OK,集成制造/生产运营部一图三表汇总及信息流图/一图三表生产运营部汇总清单0929.xlsx,生产运营部,
14,集成制造,14.9,生产资源保障管理,14.9.6,设备设施备件,,,信息流图-集成制造业务域-生产资源保障-14.9.6设备设施备件,设备备件入库清单,是,设备备件入库清单,1,,,FM1407-24,,纸质,,,线下,C,FM1407-24,设备备件入库清单,生产运营部,,OK,集成制造/生产运营部一图三表汇总及信息流图/一图三表生产运营部汇总清单0929.xlsx,生产运营部,
14,集成制造,14.9,生产资源保障管理,14.9.6,设备设施备件,,,信息流图-集成制造业务域-生产资源保障-14.9.6设备设施备件,设备备件领用单,是,设备备件领用单,1,,,FM1407-26,,纸质,,,线下,C,FM1407-26,设备备件领用单,生产运营部,,OK,集成制造/生产运营部一图三表汇总及信息流图/一图三表生产运营部汇总清单0929.xlsx,生产运营部,
14,集成制造,14.9,生产资源保障管理,14.9.7,设备设施维修,,,信息流图-集成制造业务域-生产资源保障-14.9.7设备设施维修,设备临时故障修理单,是,设备临时故障修理单,1,,,FM1407-14,,OA,,,OA,U,FM1407-14,设备临时故障修理单,生产运营部,线上线下输出名称，如果在系统中，应该给出系统中的线上末级菜单名称,OK,集成制造/生产运营部一图三表汇总及信息流图/一图三表生产运营部汇总清单0929.xlsx,生产运营部,
14,集成制造,14.9,生产资源保障管理,14.9.7,设备设施维修,,,信息流图-集成制造业务域-生产资源保障-14.9.7设备设施维修,设备修理(搬迁)验收单,是,设备修理（搬迁）验收单,,,,FM1407-13,,OA,,,OA,C,FM1407-13,设备修理（搬迁）验收单,生产运营部,,OK,集成制造/生产运营部一图三表汇总及信息流图/一图三表生产运营部汇总清单0929.xlsx,生产运营部,
14,集成制造,14.9,生产资源保障管理,14.9.8,设备设施保养检查,,,信息流图-集成制造业务域-生产资源保障-14.9.8设备设施保养检查,设备三级维护保养规程,否,,,,,,,纸质,,,线下,U,,,生产运营部,,OK,集成制造/生产运营部一图三表汇总及信息流图/一图三表生产运营部汇总清单0929.xlsx,生产运营部,
14,集成制造,14.9,生产资源保障管理,14.9.8,设备设施保养检查,,,信息流图-集成制造业务域-生产资源保障-14.9.8设备设施保养检查,设备二级维护保养点检表,否,,,,,,,纸质,,,线下,U,,,生产运营部,,OK,集成制造/生产运营部一图三表汇总及信息流图/一图三表生产运营部汇总清单0929.xlsx,生产运营部,
14,集成制造,14.9,生产资源保障管理,14.9.8,设备设施保养检查,,,信息流图-集成制造业务域-生产资源保障-14.9.8设备设施保养检查,设备一级维护保养点检表,否,,,,,,,纸质,,,线下,U,,,生产运营部,,OK,集成制造/生产运营部一图三表汇总及信息流图/一图三表生产运营部汇总清单0929.xlsx,生产运营部,
14,集成制造,14.9,生产资源保障管理,14.9.9,设备设施保养优化,,,信息流图-集成制造业务域-生产资源保障-14.9.9设备设施保养优化,设备三级维护保养规程,否,,,,,,,纸质,,,线下,U,,,生产运营部,,OK,集成制造/生产运营部一图三表汇总及信息流图/一图三表生产运营部汇总清单0929.xlsx,生产运营部,
14,集成制造,14.9,生产资源保障管理,14.9.9,设备设施保养优化,,,信息流图-集成制造业务域-生产资源保障-14.9.9设备设施保养优化,设备二级维护保养点检表,否,,,,,,,纸质,,,线下,U,,,生产运营部,,OK,集成制造/生产运营部一图三表汇总及信息流图/一图三表生产运营部汇总清单0929.xlsx,生产运营部,
14,集成制造,14.9,生产资源保障管理,14.9.9,设备设施保养优化,,,信息流图-集成制造业务域-生产资源保障-14.9.9设备设施保养优化,设备一级维护保养点检表,否,,,,,,,纸质,,,线下,U,,,生产运营部,,OK,集成制造/生产运营部一图三表汇总及信息流图/一图三表生产运营部汇总清单0929.xlsx,生产运营部,
14,集成制造,14.9,生产资源保障管理,14.9.10,动能供应管理,,,信息流图-集成制造业务域-生产资源保障-14.9.10动能供应管理,动能供用申请表,是,动能供用申请表,1,,,FM1408-01,,纸质,,,线下,U,FM1408-01,动能供用申请表,生产运营部,,OK,集成制造/生产运营部一图三表汇总及信息流图/一图三表生产运营部汇总清单0929.xlsx,生产运营部,
14,集成制造,14.9,生产资源保障管理,14.9.10,动能供应管理,,,信息流图-集成制造业务域-生产资源保障-14.9.10动能供应管理,动能停用申请表,是,动能停用申请表,1,,,FM1408-02,,纸质,,,线下,U,FM1408-02,动能停用申请表,生产运营部,,OK,集成制造/生产运营部一图三表汇总及信息流图/一图三表生产运营部汇总清单0929.xlsx,生产运营部,
14,集成制造,14.9,生产资源保障管理,14.9.11,动能使用管理,,,信息流图-集成制造业务域-生产资源保障-14.9.11动能使用管理,动力管线接引需求申请表,是,动力管线接引需求申请表,1,,,FM1408-03,,纸质,,,线下,U,FM1408-03,动力管线接引需求申请表,生产运营部,,OK,集成制造/生产运营部一图三表汇总及信息流图/一图三表生产运营部汇总清单0929.xlsx,生产运营部,
14,集成制造,14.1,生产计划管理,14.1.5,零件生产计划策划,,,信息流图-集成制造业务域-生产计划管理-14.1.5零件生产计划策划,临时需求表,否,,,,,,,,,,OA/ERP,R,,,生产运营部,,OK,集成制造/生产运营部一图三表汇总及信息流图/一图三表生产运营部汇总清单0929.xlsx,生产运营部,
14,集成制造,14.1,生产计划管理,14.1.5,零件生产计划策划,,,信息流图-集成制造业务域-生产计划管理-14.1.5零件生产计划策划,装配用物料需求计划,否,,,,,,,,,,ERP,R,,,生产运营部,,OK,集成制造/生产运营部一图三表汇总及信息流图/一图三表生产运营部汇总清单0929.xlsx,生产运营部,
14,集成制造,14.1,生产计划管理,14.1.5,零件生产计划策划,,,信息流图-集成制造业务域-生产计划管理-14.1.5零件生产计划策划,临时备件需求,否,,,,,,,,,,ERP,R,,,生产运营部,,OK,集成制造/生产运营部一图三表汇总及信息流图/一图三表生产运营部汇总清单0929.xlsx,生产运营部,
14,集成制造,14.1,生产计划管理,14.1.5,零件生产计划策划,,,信息流图-集成制造业务域-生产计划管理-14.1.5零件生产计划策划,采购订单（在途）,否,,,,,,,,,,供应链,R,,,生产运营部,,OK,集成制造/生产运营部一图三表汇总及信息流图/一图三表生产运营部汇总清单0929.xlsx,生产运营部,
14,集成制造,14.1,生产计划管理,14.1.5,零件生产计划策划,,,信息流图-集成制造业务域-生产计划管理-14.1.5零件生产计划策划,MBOM,否,,,,,,,,,,ERP,R,,,生产运营部,,OK,集成制造/生产运营部一图三表汇总及信息流图/一图三表生产运营部汇总清单0929.xlsx,生产运营部,
14,集成制造,14.1,生产计划管理,14.1.5,零件生产计划策划,,,信息流图-集成制造业务域-生产计划管理-14.1.5零件生产计划策划,自购料原材料清单,否,,,,,,,,,,线下,R,,,生产运营部,,OK,集成制造/生产运营部一图三表汇总及信息流图/一图三表生产运营部汇总清单0929.xlsx,生产运营部,
14,集成制造,14.1,生产计划管理,14.1.5,零件生产计划策划,,,信息流图-集成制造业务域-生产计划管理-14.1.5零件生产计划策划,零件配送策略,否,,,,,,,,,,WMS,R,,,生产运营部,,OK,集成制造/生产运营部一图三表汇总及信息流图/一图三表生产运营部汇总清单0929.xlsx,生产运营部,
14,集成制造,14.1,生产计划管理,14.1.5,零件生产计划策划,,,信息流图-集成制造业务域-生产计划管理-14.1.5零件生产计划策划,下料策略,否,,,,,,,,,,WMS/OA,R,,,生产运营部,,OK,集成制造/生产运营部一图三表汇总及信息流图/一图三表生产运营部汇总清单0929.xlsx,生产运营部,
14,集成制造,14.1,生产计划管理,14.1.5,零件生产计划策划,,,信息流图-集成制造业务域-生产计划管理-14.1.5零件生产计划策划,零件投产策略清单,是,投产策略,,,,FM1402-18,,WMS,,,WMS,C,FM1402-21,零件生产策略清单,生产运营部,,OK,集成制造/生产运营部一图三表汇总及信息流图/一图三表生产运营部汇总清单0929.xlsx,生产运营部,
14,集成制造,14.1,生产计划管理,14.1.5,零件生产计划策划,,,信息流图-集成制造业务域-生产计划管理-14.1.5零件生产计划策划,零件生产策略清单,是,生产策略,,,,FM1402-21,,WMS,,,WMS,C,FM1402-18,零件投产策略清单,生产运营部,,OK,集成制造/生产运营部一图三表汇总及信息流图/一图三表生产运营部汇总清单0929.xlsx,生产运营部,
14,集成制造,14.1,生产计划管理,14.1.5,零件生产计划策划,,,信息流图-集成制造业务域-生产计划管理-14.1.5零件生产计划策划,零件生产计划,是,零件生产计划,1,,,FM1402-25,,WMS,,,WMS/线下,C,FM1402-25,零件生产计划,生产运营部,线上线下输出名称，如果在系统中，应该给出系统中的线上末级菜单名称,OK,集成制造/生产运营部一图三表汇总及信息流图/一图三表生产运营部汇总清单0929.xlsx,生产运营部,
14,集成制造,14.1,生产计划管理,14.1.6,零件用物料需求计划策划,,,信息流图-集成制造业务域-生产计划管理-14.1.6零件用物料需求计划策划,零件投产策略清单,否,,,,,,,,,,WMS,R,,,生产运营部,,OK,集成制造/生产运营部一图三表汇总及信息流图/一图三表生产运营部汇总清单0929.xlsx,生产运营部,
14,集成制造,14.1,生产计划管理,14.1.6,零件用物料需求计划策划,,,信息流图-集成制造业务域-生产计划管理-14.1.6零件用物料需求计划策划,零件生产计划线下,否,,,,,,,,,,WMS/线下,R,,,生产运营部,,OK,集成制造/生产运营部一图三表汇总及信息流图/一图三表生产运营部汇总清单0929.xlsx,生产运营部,
14,集成制造,14.1,生产计划管理,14.1.6,零件用物料需求计划策划,,,信息流图-集成制造业务域-生产计划管理-14.1.6零件用物料需求计划策划,零件用物料需求计划,是,零件用物料需求计划,1,物料需求计划,,FM1402-22,,OA,,,WMS/OA,C,FM1402-22,零件用物料需求计划,生产运营部,线上线下输出名称，如果在系统中，应该给出系统中的线上末级菜单名称,OK,集成制造/生产运营部一图三表汇总及信息流图/一图三表生产运营部汇总清单0929.xlsx,生产运营部,
14,集成制造,14.2,仓储物流管理,14.2.1,物流配置策划,,,信息流图-集成制造业务域-仓储物流管理-14.2.1物流配置策划,MBOM,否,,,,,,,,,,ERP,R,,,生产运营部,,OK,集成制造/生产运营部一图三表汇总及信息流图/一图三表生产运营部汇总清单0929.xlsx,生产运营部,
14,集成制造,14.2,仓储物流管理,14.2.1,物流配置策划,,,信息流图-集成制造业务域-仓储物流管理-14.2.1物流配置策划,下料策略,是,下料策略,1,,,FM-WLCH-SCYY002,,WMS,,,WMS,C/U,FM-WLCH-SCYY002,下料策略,生产运营部,线上线下输出名称，如果在系统中，应该给出系统中的线上末级菜单名称,OK,集成制造/生产运营部一图三表汇总及信息流图/一图三表生产运营部汇总清单0929.xlsx,生产运营部,
14,集成制造,14.2,仓储物流管理,14.2.1,物流配置策划,,,信息流图-集成制造业务域-仓储物流管理-14.2.1物流配置策划,XX项目金属物料配送需求计划,是,XX项目金属物料配送需求计划,1,,,FM1305-31,,快表,,,KB/WMS,C/U,FM1305-31/FM1305-32/FM1305-33,XX项目非金属物料配送需求计划/XX项目金属物料配送需求计划/XX项目组件用子件、成品件及标准件配送需求计划,生产运营部,,OK,集成制造/生产运营部一图三表汇总及信息流图/一图三表生产运营部汇总清单0929.xlsx,生产运营部,
14,集成制造,14.2,仓储物流管理,14.2.1,物流配置策划,,,信息流图-集成制造业务域-仓储物流管理-14.2.1物流配置策划,XX项目组件用子件、成品件及标准件配送需求计划,是,XX项目组件用子件、成品件及标准件配送需求计划,1,,,FM1305-32,,快表,,,KB/WMS,C/U,FM1305-31/FM1305-32/FM1305-33,XX项目非金属物料配送需求计划/XX项目金属物料配送需求计划/XX项目组件用子件、成品件及标准件配送需求计划,生产运营部,,,集成制造/生产运营部一图三表汇总及信息流图/一图三表生产运营部汇总清单0929.xlsx,生产运营部,
14,集成制造,14.2,仓储物流管理,14.2.1,物流配置策划,,,信息流图-集成制造业务域-仓储物流管理-14.2.1物流配置策划,XX项目非金属物料配送需求计划,是,XX项目非金属物料配送需求计划,1,,,FM1305-33,,快表,,,KB/WMS,C/U,FM1305-31/FM1305-32/FM1305-33,XX项目非金属物料配送需求计划/XX项目金属物料配送需求计划/XX项目组件用子件、成品件及标准件配送需求计划,生产运营部,,OK,集成制造/生产运营部一图三表汇总及信息流图/一图三表生产运营部汇总清单0929.xlsx,生产运营部,
14,集成制造,14.2,仓储物流管理,14.2.1,物流配置策划,,,信息流图-集成制造业务域-仓储物流管理-14.2.1物流配置策划,ERP系统发料预留申请表,是,ERP系统发料预留申请表（MM-MB21）,,MM,MB21,FM1305-30,,OA,,,OA,C/U,FM1305-30,ERP系统发料预留申请表,生产运营部,,OK,集成制造/生产运营部一图三表汇总及信息流图/一图三表生产运营部汇总清单0929.xlsx,生产运营部,
14,集成制造,14.2,仓储物流管理,14.2.1,物流配置策划,,,信息流图-集成制造业务域-仓储物流管理-14.2.1物流配置策划,零件采购订单建议,否,,,,,,,,,,WMS,R,,,生产运营部,,OK,集成制造/生产运营部一图三表汇总及信息流图/一图三表生产运营部汇总清单0929.xlsx,生产运营部,
14,集成制造,14.2,仓储物流管理,14.2.1,物流配置策划,,,信息流图-集成制造业务域-仓储物流管理-14.2.1物流配置策划,验收及配送策略,是,验收及配送策略,1,,,FM-WLCH-SCYY001,,WMS,,,WMS,C/U,FM-WLCH-SCYY001,验收及配送策略,生产运营部,线上线下输出名称，如果在系统中，应该给出系统中的线上末级菜单名称,OK,集成制造/生产运营部一图三表汇总及信息流图/一图三表生产运营部汇总清单0929.xlsx,生产运营部,
14,集成制造,14.2,仓储物流管理,14.2.2,物流配置执行,,,信息流图-集成制造业务域-仓储物流管理-14.2.2物流配置执行,物料配送需求计划,否,,,,,,,,,,KB/WMS,R,,,生产运营部,,OK,集成制造/生产运营部一图三表汇总及信息流图/一图三表生产运营部汇总清单0929.xlsx,生产运营部,
14,集成制造,14.2,仓储物流管理,14.2.2,物流配置执行,,,信息流图-集成制造业务域-仓储物流管理-14.2.2物流配置执行,器材紧急放行单,否,,,,,,,,,,OA,R/U,,,生产运营部,,OK,集成制造/生产运营部一图三表汇总及信息流图/一图三表生产运营部汇总清单0929.xlsx,生产运营部,
14,集成制造,14.2,仓储物流管理,14.2.2,物流配置执行,,,信息流图-集成制造业务域-仓储物流管理-14.2.2物流配置执行,民机器材发料清单（代合格证）,是,民机器材发料清单（代合格证）,1,,,FM1305-07,,纸质,,,线下,U,FM1305-07,民机器材发料清单（代合格证）,生产运营部,,OK,集成制造/生产运营部一图三表汇总及信息流图/一图三表生产运营部汇总清单0929.xlsx,生产运营部,
14,集成制造,14.2,仓储物流管理,14.2.2,物流配置执行,,,信息流图-集成制造业务域-仓储物流管理-14.2.2物流配置执行,保管期控制挂签,否,,,,,,,,,,线下,U,,,生产运营部,,OK,集成制造/生产运营部一图三表汇总及信息流图/一图三表生产运营部汇总清单0929.xlsx,生产运营部,
14,集成制造,14.2,仓储物流管理,14.2.2,物流配置执行,,,信息流图-集成制造业务域-仓储物流管理-14.2.2物流配置执行,紧急放行粘签,否,,,,,,,,,,线下,U,,,生产运营部,,OK,集成制造/生产运营部一图三表汇总及信息流图/一图三表生产运营部汇总清单0929.xlsx,生产运营部,
14,集成制造,14.2,仓储物流管理,14.2.2,物流配置执行,,,信息流图-集成制造业务域-仓储物流管理-14.2.2物流配置执行,器材挂签,否,,,,,,,,,,线下,U,,,生产运营部,,OK,集成制造/生产运营部一图三表汇总及信息流图/一图三表生产运营部汇总清单0929.xlsx,生产运营部,
14,集成制造,14.2,仓储物流管理,14.2.2,物流配置执行,,,信息流图-集成制造业务域-仓储物流管理-14.2.2物流配置执行,入出库明细,否,,,,,,,,,,WMS,U,,,生产运营部,,OK,集成制造/生产运营部一图三表汇总及信息流图/一图三表生产运营部汇总清单0929.xlsx,生产运营部,
14,集成制造,14.3,装配生产过程管理,14.3.2,装配生产派工及执行,14.3.2.1,器材紧急放行,信息流图-集成制造业务域-仓储物流管理-14.2.2.1器材紧急放行,物料配送需求计划,否,,,,,,,,,,KB/WMS,R,,,生产运营部,,OK,集成制造/生产运营部一图三表汇总及信息流图/一图三表生产运营部汇总清单0929.xlsx,生产运营部,
14,集成制造,14.3,装配生产过程管理,14.3.2,装配生产派工及执行,14.3.2.1,器材紧急放行,信息流图-集成制造业务域-仓储物流管理-14.2.2.1器材紧急放行,器材紧急放行单,是,器材验收保留单,,,,FM1404-75,,OA,,,OA,C/U,FM1404-75,器材紧急放行单,生产运营部,,OK,集成制造/生产运营部一图三表汇总及信息流图/一图三表生产运营部汇总清单0929.xlsx,生产运营部,
14,集成制造,14.3,装配生产过程管理,14.3.2,装配生产派工及执行,14.3.2.1,器材紧急放行,信息流图-集成制造业务域-仓储物流管理-14.2.2.1器材紧急放行,民机器材发料清单（代合格证）,否,,,,,,,,,,WMS,U,,,生产运营部,,OK,集成制造/生产运营部一图三表汇总及信息流图/一图三表生产运营部汇总清单0929.xlsx,生产运营部,
14,集成制造,14.3,装配生产过程管理,14.3.2,装配生产派工及执行,14.3.2.1,器材紧急放行,信息流图-集成制造业务域-仓储物流管理-14.2.2.1器材紧急放行,紧急放行粘签,否,,,,,,,,,,线下,U,,,生产运营部,,OK,集成制造/生产运营部一图三表汇总及信息流图/一图三表生产运营部汇总清单0929.xlsx,生产运营部,
14,集成制造,14.3,装配生产过程管理,14.3.2,装配生产派工及执行,14.3.2.1,器材紧急放行,信息流图-集成制造业务域-仓储物流管理-14.2.2.1器材紧急放行,库存管理表,否,,,,,,,,,,WMS,R,,,生产运营部,,OK,集成制造/生产运营部一图三表汇总及信息流图/一图三表生产运营部汇总清单0929.xlsx,生产运营部,
14,集成制造,14.3,装配生产过程管理,14.3.2,装配生产派工及执行,14.3.2.1,器材紧急放行,信息流图-集成制造业务域-仓储物流管理-14.2.2.1器材紧急放行,制造记录,否,,,,,,,,,,线下,U,,,生产运营部,,OK,集成制造/生产运营部一图三表汇总及信息流图/一图三表生产运营部汇总清单0929.xlsx,生产运营部,
,市场营销,,,11.1.1,市场推广与开发的策划,,,信息流图-项目管理业务域-市场推广与开发-11.1.1 市场推广与开发策划,市场推广与开发的工作目标,是,市场推广与开发的工作目标,一致,,,GUNAN-3,,线下EXCEL,,,,C,GUNAN-3,市场推广与开发的工作目标,项目管理部,,,市场营销/一图三表汇总清单市场营销业务域20251031.xlsx,,
,市场营销,,,11.1.2,市场调研与分析,,,信息流图-项目管理业务域-市场推广与开发-11.1.2 市场调研与分析,产业发展研究与竞争对手研判信息收集表,是,产业发展研究与竞争对手研判信息收集表,一致,,,GUNAN-2,,线下EXCEL,,,,C,GUNAN-2,产业发展研究与竞争对手研判信息收集表,项目管理部,,,市场营销/一图三表汇总清单市场营销业务域20251031.xlsx,,
,市场营销,,,11.1.3,公司能力分析,,,信息流图-项目管理业务域-市场推广与开发-11.1.3 公司能力分析,公司能力信息收集要素与标准,是,公司能力信息收集要素与标准,一致,,,GUNAN-1,,线下EXCEL,,,,C,GUNAN-1,公司能力信息收集要素与标准,项目管理部,,,市场营销/一图三表汇总清单市场营销业务域20251031.xlsx,,
,市场营销,,,11.1.4,市场推广,,,信息流图-项目管理业务域-市场推广与开发-11.1.4 市场推广,推广记录评价,是,推广记录评价,一致,,,SCTG02,,线下EXCEL,,,,C,SCTG02,推广记录评价,项目管理部,,,市场营销/一图三表汇总清单市场营销业务域20251031.xlsx,,
,市场营销,,,11.1.4,市场推广,,,信息流图-项目管理业务域-市场推广与开发-11.1.4 市场推广,市场推广申请单,是,市场推广申请单,一致,,,SCTG01,,线下EXCEL,,,,C,SCTG01,市场推广申请单,项目管理部,,,市场营销/一图三表汇总清单市场营销业务域20251031.xlsx,,
,市场营销,,,11.1.5,市场开发,,,信息流图-项目管理业务域-市场推广与开发-11.1.5 市场开发,目标客户清单,是,目标客户清单,一致,,,SCKF01,,线下EXCEL,,,,C,SCKF01,目标客户清单,项目管理部,,,市场营销/一图三表汇总清单市场营销业务域20251031.xlsx,,
,市场营销,,,11.1.5,市场开发,,,信息流图-项目管理业务域-市场推广与开发-11.1.5 市场开发,市场开发跟踪表,是,市场开发跟踪表,一致,,,SCKF02,,线下EXCEL,,,,C,SCKF02,市场开发跟踪表,项目管理部,,,市场营销/一图三表汇总清单市场营销业务域20251031.xlsx,,
,市场营销,,,11.1.6,市场营销活动评价及总结,,,信息流图-项目管理业务域-市场推广与开发-11.1.6 市场推广与开发回顾和总结,营销成效检查表,是,营销成效检查表,一致,,,FM11.1.6.1,,线下EXCEL,,,,C,FM11.1.6.1,营销成效检查表,项目管理部,,,市场营销/一图三表汇总清单市场营销业务域20251031.xlsx,,
,市场营销,,,11.1.6,市场营销活动评价及总结,,,信息流图-项目管理业务域-市场推广与开发-11.1.6 市场推广与开发回顾和总结,营销活动总结与改进,是,营销活动总结与改进,一致,,,FM11.1.6.2,,线下EXCEL,,,,C,FM11.1.6.2,营销活动总结与改进,项目管理部,,,市场营销/一图三表汇总清单市场营销业务域20251031.xlsx,,